id,date,market,commodity,price
fd-0,2022-15-48,Bwaise,eggs,3800
fd-1,2021-03-08,Mukono,maize,8100
fd-2,2021-10-27,,Cassava,19800
fd-3,2020-06-12,Kansanga,Beans,7500
fd-4,2020-04-09,Nakasero,Beans,1900
fd-5,2021-01-22,Mukono,fish,21000
fd-6,2021-12-22,Mukono,maize,9900
fd-7,2021-01-24,Nakasero,CASSAVA,12400
fd-8,2021-12-19,Mukono,banana leaves,18000
fd-9,2022-08-05,,eggs,2300
fd-10,2020-10-01,Mukono,eggs,19000
fd-11,2021-02-09,Kansanga,MAIZE,8500
fd-12,2021-03-14,,Cassava,5000
fd-13,2020-04-22,Bwaise,MAIZE,14300
fd-14,2021-04-24,,beans,800
fd-15,2022-02-07,Nakasero,Beans,14700
fd-15,2022-01-06,Nakasero,fish,17100
fd-17,2021-10-16,,banana leaves,12700
fd-18,2021-06-27,Mukono,banana leaves,1100
fd-19,2022-04-06,Nakasero,eggs,19000
fd-20,2020-03-11,,MAIZE,16000
fd-21,2021-09-13,Kansanga,eggs,24400
fd-22,2021-11-18,Nakasero,CASSAVA,15200
fd-23,2021-08-25,,eggs,700
fd-23,2021-08-25,,eggs,700
fd-24,2022-07-16,Mukono,Beans,8200
fd-25,2022-01-10,,banana leaves,15900
fd-26,2021-03-17,Nakasero,Cassava,24300
fd-26,2021-03-17,Nakasero,Cassava,24300
fd-27,2020-03-03,Kansanga,Beans,4000
fd-28,2021-03-08,Bwaise,beans,2900
fd-29,2020-02-21,,maize,8200
fd-30,2021-02-14,Mukono,MAIZE,13200
fd-31,2021-03-09,,CASSAVA,10200
fd-32,2020-03-03,Nakasero,maize,16100
fd-33,2022-09-10,,Maize,2700
fd-34,2020-05-02,,eggs,1800
fd-35,2021-06-19,Nakasero,beans,23900
fd-36,2021-10-22,Nakasero,CASSAVA,2800
fd-36,2021-10-22,Nakasero,CASSAVA,2800
fd-37,2020-04-12,Mukono,fish,9100
fd-38,2020-09-07,Nakasero,beans,18300
fd-39,2021-10-31,,maize,18600
fd-40,2020-05-17,Nakasero,Maize,24800
fd-41,2022-01-04,Nakasero,eggs,9100
fd-42,2020-02-22,Mukono,Cassava,1900
fd-42,2020-02-22,Mukono,Cassava,1900
fd-43,2020-09-25,Bwaise,CASSAVA,14500
fd-44,2021-12-08,Bwaise,fish,-3500
fd-45,2020-11-11,Nakasero,maize,7300
fd-46,2021-07-27,Kansanga,banana leaves,8200
fd-47,2022-06-21,Kansanga,maize,11300
fd-48,2022-01-22,Bwaise,beans,23400
fd-49,2020-08-15,Bwaise,CASSAVA,7900
fd-50,2020-10-12,Mukono,beans,17100
fd-51,2022-08-19,Mukono,Maize,9000
fd-52,2020-04-21,,Cassava,10700
fd-53,2022-07-10,,eggs,23700
fd-54,2021-12-04,Bwaise,Beans,22200
fd-55,2020-05-07,Nakasero,fish,13800
fd-56,2020-07-15,Kansanga,Cassava,6200
fd-57,2020-01-01,Nakasero,beans,19500
fd-58,2021-11-22,Bwaise,fish,24600
fd-59,2021-10-10,,Beans,8100
fd-60,2020-01-26,Mukono,eggs,20500
fd-61,2021-10-06,,eggs,13000
fd-62,2020-01-06,Mukono,Cassava,23300
fd-63,2022-05-18,Mukono,CASSAVA,15700
fd-64,2022-08-30,Kansanga,banana leaves,17000
fd-65,2020-06-11,Kansanga,CASSAVA,8600
fd-66,2021-05-11,Bwaise,beans,23800
fd-67,2021-07-07,Mukono,MAIZE,13000
fd-68,2021-02-21,Nakasero,fish,2500
fd-69,2021-08-21,Mukono,banana leaves,600
fd-70,2022-07-02,Kansanga,fish,18300
fd-71,2020-10-06,Kansanga,CASSAVA,-3700
fd-72,2022-05-10,Kansanga,MAIZE,18000
fd-72,2022-05-10,Kansanga,MAIZE,18000
fd-73,2020-01-28,Mukono,Cassava,15600
fd-74,2021-04-10,Nakasero,Beans,12900
fd-75,2022-05-04,Mukono,CASSAVA,-2800
fd-75,2022-05-04,Mukono,CASSAVA,-2800
fd-76,2020-03-11,Mukono,maize,7000
fd-77,2021-04-29,Mukono,banana leaves,15700
fd-78,2021-09-13,Mukono,MAIZE,4000
fd-79,2022-07-18,Kansanga,Cassava,6900
fd-80,2020-04-14,Nakasero,banana leaves,19000
fd-81,2021-01-14,Mukono,fish,900
fd-82,2022-09-10,Nakasero,CASSAVA,14700
fd-83,2021-09-22,,CASSAVA,24400
fd-84,2022-08-15,Mukono,beans,8400
fd-85,2020-12-10,Mukono,CASSAVA,6400
fd-86,2020-10-13,,beans,17400
fd-87,2021-05-15,,eggs,21600
fd-88,2022-15-48,Bwaise,Cassava,10500
fd-89,2020-12-18,Kansanga,fish,23500
fd-90,2022-01-08,Bwaise,Beans,18000
fd-91,2022-01-26,Kansanga,beans,17600
fd-92,2020-10-30,Bwaise,Beans,900
fd-93,2020-02-25,,beans,4600
fd-94,2020-01-13,,beans,14900
fd-95,2022-06-01,Kansanga,Maize,13600
fd-96,2020-06-04,Bwaise,banana leaves,3200
fd-97,2021-09-12,,banana leaves,17600
fd-98,2021-08-25,Kansanga,beans,2400
fd-99,2020-07-31,Bwaise,beans,5600
fd-100,2021-02-22,Kansanga,banana leaves,1500
fd-101,2021-04-09,Mukono,eggs,20900
fd-102,2020-04-27,,eggs,9200
fd-103,2020-11-10,,banana leaves,14800
fd-104,2022-08-23,Nakasero,fish,14800
fd-105,2020-11-26,,beans,-4100
fd-106,2022-08-31,Mukono,beans,6200
fd-107,2020-07-04,,Cassava,16600
fd-108,2020-11-24,Mukono,MAIZE,23200
fd-109,2022-02-17,,maize,10800
fd-110,2022-06-04,,maize,18200
fd-111,2021-09-29,Kansanga,CASSAVA,7100
fd-112,2022-06-20,Kansanga,Maize,-2500
fd-113,2021-07-18,Mukono,fish,7800
fd-114,2020-04-30,Bwaise,CASSAVA,10000
fd-115,2021-04-28,Bwaise,CASSAVA,13000
fd-116,2020-05-19,Mukono,beans,14000
fd-117,2020-01-03,Nakasero,beans,19500
fd-118,2021-07-05,Kansanga,Beans,18300
fd-119,2021-12-15,Bwaise,banana leaves,13900
fd-119,2021-12-15,Bwaise,banana leaves,13900
fd-120,2022-04-10,Kansanga,Cassava,21800
fd-121,2021-05-29,,Beans,14900
fd-122,2021-13-49,Kansanga,MAIZE,9100
fd-123,2022-05-22,Nakasero,fish,10800
fd-124,2021-07-08,Mukono,banana leaves,21100
fd-125,2020-04-02,Kansanga,Maize,23500
fd-126,2022-07-14,Mukono,maize,2300
fd-127,2021-06-27,Kansanga,banana leaves,6400
fd-128,2021-09-26,Bwaise,CASSAVA,5100
fd-129,2021-11-13,Mukono,CASSAVA,22700
fd-130,2021-08-24,Nakasero,Cassava,15400
fd-131,2021-05-09,Mukono,eggs,12200
fd-132,2022-04-29,Kansanga,beans,-1500
fd-133,2021-09-12,Kansanga,beans,8000
fd-134,2021-09-27,Nakasero,MAIZE,21000
fd-135,2021-08-16,Nakasero,MAIZE,10100
fd-136,2022-03-16,,Beans,9400
fd-137,2021-05-08,Nakasero,Beans,15800
fd-138,2022-05-30,Kansanga,fish,13400
fd-138,2022-05-30,Kansanga,fish,13400
fd-139,2021-11-19,Nakasero,banana leaves,21400
fd-140,2020-01-26,,fish,20400
fd-141,2022-07-20,Nakasero,Cassava,1900
fd-142,2020-04-09,Bwaise,fish,15300
fd-143,2021-07-07,Kansanga,banana leaves,5500
fd-144,2021-09-22,Kansanga,beans,-3500
fd-145,2021-01-06,Mukono,Beans,21600
fd-146,2020-05-05,Kansanga,Maize,21500
fd-147,2020-12-07,Bwaise,MAIZE,7200
fd-147,2020-12-07,Bwaise,MAIZE,7200
fd-148,2020-08-09,Bwaise,Beans,20000
fd-148,2020-08-09,Bwaise,Beans,20000
fd-149,2020-05-13,,beans,4100
fd-150,2026-19-40,Bwaise,banana leaves,6200
fd-151,2020-04-26,Mukono,CASSAVA,12300
fd-152,2022-08-26,,maize,22000
fd-153,2020-03-03,Kansanga,Cassava,4000
fd-154,2020-03-23,Nakasero,banana leaves,4600
fd-155,2020-11-28,Kansanga,banana leaves,15300
fd-156,2020-04-27,,eggs,7900
fd-157,2022-01-17,Mukono,Beans,22200
fd-158,2021-04-30,Mukono,Maize,3500
fd-159,2020-05-13,,maize,18900
fd-160,2022-06-13,Kansanga,maize,20100
fd-161,2020-06-07,Kansanga,eggs,11900
fd-162,2021-08-10,Bwaise,Cassava,20800
fd-163,2025-18-37,Nakasero,maize,23500
fd-164,2020-07-04,Bwaise,banana leaves,2700
fd-165,2022-02-03,,eggs,15300
fd-166,2022-03-06,,banana leaves,2200
fd-167,2020-03-24,Nakasero,CASSAVA,16400
fd-168,2021-06-08,Mukono,Beans,9700
fd-169,2020-11-11,Mukono,eggs,20100
fd-169,2020-11-11,Mukono,eggs,20100
fd-170,2022-02-24,Bwaise,beans,4400
fd-170,2022-02-24,Bwaise,beans,4400
fd-171,2021-01-24,,eggs,22300
fd-172,2020-02-13,Kansanga,maize,3000
fd-173,2021-12-27,Kansanga,beans,1100
fd-174,2021-04-16,Nakasero,Maize,3900
fd-175,2021-02-09,Nakasero,Beans,6000
fd-176,2020-07-17,Nakasero,Beans,21600
fd-177,2020-07-21,Bwaise,banana leaves,21900
fd-178,2021-04-20,,banana leaves,18900
fd-179,2022-09-21,Nakasero,MAIZE,15800
fd-180,2020-02-27,Nakasero,fish,15600
fd-181,2020-03-19,Mukono,banana leaves,13000
fd-182,2022-07-06,Mukono,CASSAVA,19200
fd-183,2020-06-03,Mukono,CASSAVA,11700
fd-184,2020-02-10,Bwaise,CASSAVA,17600
fd-185,2020-10-16,Kansanga,Cassava,22700
fd-186,2020-03-08,Nakasero,Maize,13100
fd-187,2022-07-17,,MAIZE,19500
fd-188,2021-11-02,Kansanga,MAIZE,3200
fd-189,2022-04-12,Bwaise,fish,22400
fd-190,2020-07-03,Bwaise,Beans,16400
fd-191,2020-10-29,Mukono,fish,24700
fd-192,2022-02-23,,MAIZE,5500
fd-193,2022-04-08,Bwaise,CASSAVA,-3600
fd-194,2020-10-18,Kansanga,eggs,10600
fd-195,2020-07-17,Nakasero,banana leaves,15600
fd-196,2021-03-04,Bwaise,eggs,5000
fd-197,2021-01-15,,Maize,17400
fd-198,2020-10-06,Kansanga,fish,14800
fd-199,2022-06-24,Nakasero,maize,13400
fd-200,2021-01-18,Bwaise,maize,3700
fd-201,2020-05-20,Mukono,beans,15900
fd-202,2021-04-04,,maize,1100
fd-203,2022-01-14,,fish,9900
fd-204,2021-10-16,,CASSAVA,16800
fd-204,2020-09-04,Bwaise,beans,20600
fd-206,2021-11-15,Mukono,fish,2700
fd-207,2021-06-03,,maize,15900
fd-207,2021-06-03,,maize,15900
fd-208,2022-02-04,Mukono,Beans,11700
fd-209,2021-08-18,Nakasero,MAIZE,-2800
fd-210,2021-12-02,Kansanga,CASSAVA,4900
fd-210,2021-12-02,Kansanga,CASSAVA,4900
fd-211,2020-10-27,Bwaise,maize,1800
fd-212,2022-04-14,,CASSAVA,21600
fd-213,2022-06-05,Nakasero,beans,12500
fd-214,2022-09-06,Kansanga,Beans,16700
fd-215,2020-09-30,Mukono,Cassava,20200
fd-216,2020-04-15,Mukono,Beans,10500
fd-217,2021-03-30,Nakasero,CASSAVA,-1500
fd-218,2021-10-16,Mukono,Maize,13800
fd-219,2022-09-02,Mukono,MAIZE,22700
fd-220,2022-03-08,Nakasero,Beans,19000
fd-220,2022-03-08,Nakasero,Beans,19000
fd-221,2021-01-14,Nakasero,CASSAVA,19300
fd-222,2020-10-12,Bwaise,Maize,-4300
fd-223,2020-09-25,Nakasero,CASSAVA,20500
fd-224,2020-05-05,Bwaise,Maize,23800
fd-225,2022-05-15,Nakasero,Beans,18500
fd-226,2021-12-29,Bwaise,Beans,4400
fd-227,2021-05-20,Mukono,Beans,12500
fd-228,2022-06-24,Mukono,Maize,23900
fd-229,2022-04-23,,Maize,10800
fd-230,2020-12-18,Bwaise,fish,6400
fd-231,2022-06-08,Mukono,Maize,10400
fd-232,2020-12-20,,beans,8700
fd-233,2021-10-02,Nakasero,banana leaves,16900
fd-234,2020-06-24,,banana leaves,18900
fd-234,2020-06-24,,banana leaves,18900
fd-235,2022-08-29,,beans,19200
fd-236,2021-10-04,,beans,10300
fd-237,2020-10-31,Kansanga,Maize,5600
fd-238,2021-09-13,Bwaise,Beans,10900
fd-239,2020-05-13,Nakasero,fish,10900
fd-240,2020-05-24,Mukono,maize,13000
fd-241,2022-07-12,Bwaise,Beans,24100
fd-242,2021-06-11,Kansanga,CASSAVA,16700
fd-242,2021-06-11,Kansanga,CASSAVA,16700
fd-243,2022-09-16,Bwaise,eggs,2000
fd-243,2022-09-16,Bwaise,eggs,2000
fd-244,2021-10-31,Kansanga,beans,4000
fd-245,2022-02-21,Kansanga,Beans,-4800
fd-246,2020-03-16,Kansanga,fish,18500
fd-247,2020-05-01,Bwaise,Maize,11600
fd-248,2021-09-08,,Cassava,1900
fd-248,2021-09-08,,Cassava,1900
fd-249,2021-06-15,Kansanga,MAIZE,17300
fd-250,2021-02-06,,beans,17100
fd-251,2020-11-02,Kansanga,maize,22500
fd-252,2022-07-09,Mukono,banana leaves,21900
fd-253,2022-01-08,Mukono,banana leaves,17600
fd-254,2020-05-31,Bwaise,maize,23400
fd-254,2020-06-04,Kansanga,eggs,20500
fd-256,2020-03-04,Bwaise,fish,11100
fd-257,2022-09-06,Bwaise,CASSAVA,11700
fd-258,2021-11-28,Nakasero,banana leaves,8500
fd-259,2020-10-31,Nakasero,eggs,16500
fd-260,2022-03-25,Nakasero,beans,22600
fd-261,2020-12-19,Bwaise,beans,-1100
fd-262,2020-09-19,Kansanga,eggs,18100
fd-263,2020-04-21,,banana leaves,2100
fd-264,2020-02-23,Mukono,Cassava,15900
fd-265,2024-17-45,Bwaise,Cassava,16000
fd-266,2020-11-24,Nakasero,maize,3400
fd-267,2022-05-20,Mukono,MAIZE,6200
fd-268,2022-03-17,Kansanga,MAIZE,9900
fd-268,2020-04-19,Nakasero,beans,21500
fd-270,2022-05-21,,CASSAVA,4100
fd-271,2022-01-05,Bwaise,maize,10100
fd-272,2022-05-26,Kansanga,Cassava,3300
fd-273,2021-05-03,Nakasero,eggs,-3500
fd-274,2020-11-05,,banana leaves,-2400
fd-275,2021-04-21,Nakasero,MAIZE,16900
fd-276,2021-12-07,Mukono,beans,7700
fd-277,2022-02-04,,Beans,18400
fd-278,2022-04-25,Bwaise,eggs,20000
fd-279,2021-12-21,Nakasero,Maize,4100
fd-279,2021-12-21,Nakasero,Maize,4100
fd-280,2021-08-09,,MAIZE,17500
fd-281,2021-05-15,Mukono,fish,2300
fd-282,2020-02-29,,CASSAVA,10500
fd-283,2022-02-02,Bwaise,banana leaves,14300
fd-284,2022-08-15,Mukono,CASSAVA,-3400
fd-285,2022-01-16,Kansanga,Beans,13000
fd-286,2020-03-23,,MAIZE,11800
fd-287,2020-05-10,Bwaise,maize,10200
fd-288,2021-01-23,Bwaise,eggs,5500
fd-289,2020-04-25,Mukono,Cassava,1000
fd-290,2021-04-02,,maize,1900
fd-291,2022-06-03,Mukono,MAIZE,9900
fd-292,2021-08-14,,Beans,5100
fd-293,2020-10-08,Mukono,fish,24500
fd-294,2021-05-22,Mukono,Beans,22400
fd-295,2021-02-22,Bwaise,beans,18100
fd-296,2021-12-25,Bwaise,CASSAVA,18900
fd-297,2021-02-01,Bwaise,beans,21600
fd-298,2021-07-02,Bwaise,maize,22500
fd-299,2022-04-03,,fish,7300
fd-300,2020-01-16,Bwaise,eggs,4300
fd-301,2021-12-13,,eggs,8300
fd-302,2021-06-30,Nakasero,beans,17300
fd-303,2022-01-09,Kansanga,Beans,12600
fd-304,2022-01-29,Bwaise,maize,19600
fd-305,2020-12-03,Bwaise,Cassava,8500
fd-306,2020-09-20,Kansanga,CASSAVA,24500
fd-307,2021-05-15,Bwaise,fish,2400
fd-308,2022-04-17,Mukono,maize,21100
fd-309,2024-17-45,Kansanga,Beans,21300
fd-310,2021-05-14,Mukono,maize,13900
fd-310,2021-05-14,Mukono,maize,13900
fd-311,2022-09-27,Nakasero,maize,23300
fd-312,2020-04-19,Mukono,fish,6700
fd-313,2022-03-25,Kansanga,Maize,13800
fd-314,2020-11-03,Mukono,maize,12900
fd-315,2021-12-20,Bwaise,Maize,14700
fd-316,2022-09-24,Mukono,fish,8000
fd-317,2021-05-01,Nakasero,maize,22900
fd-318,2020-02-03,Bwaise,Beans,-4200
fd-319,2021-02-11,Mukono,beans,8300
fd-320,2021-07-07,Nakasero,Cassava,5000
fd-321,2022-02-02,Nakasero,maize,8100
fd-322,2022-09-04,,Cassava,11100
fd-322,2022-09-04,,Cassava,11100
fd-323,2021-05-17,Bwaise,Beans,12800
fd-324,2020-03-28,,beans,23800
fd-324,2020-03-28,,beans,23800
fd-325,2022-03-13,Bwaise,Cassava,3900
fd-326,2022-02-18,Nakasero,Maize,6600
fd-327,2020-04-15,Mukono,Maize,3500
fd-328,2020-01-13,Nakasero,Cassava,3200
fd-329,2020-09-05,,fish,12900
fd-330,2020-05-29,Mukono,MAIZE,14200
fd-331,2022-08-24,Bwaise,CASSAVA,6900
fd-332,2023-16-47,Nakasero,banana leaves,11200
fd-333,2021-10-28,,MAIZE,20200
fd-334,2022-09-14,Kansanga,Beans,23200
fd-335,2020-11-29,Kansanga,beans,13300
fd-336,2021-07-12,Bwaise,fish,-2100
fd-337,2020-10-25,Mukono,Cassava,5000
fd-338,2022-01-02,Kansanga,Cassava,20000
fd-339,2022-07-31,Kansanga,fish,-1100
fd-340,2021-10-15,Mukono,Maize,22000
fd-341,2021-07-30,Kansanga,Beans,14600
fd-342,2022-02-03,,fish,19300
fd-343,2021-11-26,,fish,1300
fd-344,2020-03-28,Mukono,MAIZE,11700
fd-345,2021-05-02,Mukono,CASSAVA,15300
fd-346,2020-04-27,Mukono,Beans,22600
fd-347,2021-06-12,Bwaise,fish,18800
fd-348,2021-10-06,Bwaise,MAIZE,14600
fd-349,2021-04-05,,Cassava,23500
fd-350,2022-03-26,Mukono,banana leaves,18000
fd-351,2020-09-25,Kansanga,fish,10700
fd-352,2020-12-22,Nakasero,CASSAVA,22500
fd-353,2020-03-27,Bwaise,Beans,10500
fd-354,2021-02-01,Kansanga,banana leaves,13000
fd-355,2022-07-30,Bwaise,fish,9900
fd-356,2020-02-24,Nakasero,maize,6800
fd-357,2021-05-21,Kansanga,CASSAVA,15000
fd-358,2022-02-18,Bwaise,beans,-4100
fd-359,2022-01-30,Kansanga,fish,19200
fd-360,2021-01-10,,maize,14900
fd-361,2022-04-29,Bwaise,beans,1500
fd-362,2021-03-25,Mukono,eggs,24600
fd-363,2021-10-09,Kansanga,MAIZE,7200
fd-364,2021-06-29,Nakasero,banana leaves,11100
fd-365,2022-09-02,,Maize,13900
fd-366,2020-05-09,Bwaise,eggs,11000
fd-367,2021-05-16,Bwaise,banana leaves,21000
fd-368,2022-06-20,Mukono,Cassava,9600
fd-369,2021-05-14,Nakasero,banana leaves,-1900
fd-370,2021-10-12,Nakasero,Maize,13500
fd-371,2020-10-01,Nakasero,beans,19400
fd-372,2022-07-04,Mukono,maize,15500
fd-372,2022-07-04,Mukono,maize,15500
fd-373,2021-04-12,Mukono,Cassava,23000
fd-374,2022-06-14,Nakasero,Maize,8700
fd-375,2020-02-23,Kansanga,beans,8100
fd-376,2020-08-06,Kansanga,Maize,7900
fd-377,2022-15-48,Mukono,Cassava,16100
fd-377,2022-15-48,Mukono,Cassava,16100
fd-378,2020-04-14,Mukono,Beans,10300
fd-379,2020-05-16,Bwaise,Maize,700
fd-380,2020-08-06,Bwaise,Cassava,14900
fd-381,2022-02-09,Mukono,banana leaves,12000
fd-382,2020-10-10,Mukono,eggs,20100
fd-383,2020-01-28,Nakasero,eggs,17100
fd-384,2022-03-13,Bwaise,CASSAVA,8300
fd-385,2020-01-13,Nakasero,Beans,19100
fd-386,2021-04-27,Mukono,maize,900
fd-387,2022-03-19,Kansanga,fish,23800
fd-388,2020-03-25,,fish,9500
fd-389,2022-09-24,Bwaise,fish,19700
fd-390,2020-03-08,Nakasero,Cassava,8300
fd-390,2020-03-08,Nakasero,Cassava,8300
fd-391,2021-04-09,,banana leaves,22300
fd-392,2021-12-25,Bwaise,maize,11800
fd-393,2020-06-19,Nakasero,MAIZE,9300
fd-394,2020-12-09,Kansanga,beans,9100
fd-395,2021-04-11,,Beans,19000
fd-396,2022-07-04,,Maize,17100
fd-396,2022-07-04,,Maize,17100
fd-397,2020-14-50,Kansanga,Beans,5400
fd-398,2022-04-02,Kansanga,eggs,14100
fd-399,2021-08-08,Nakasero,Maize,2200
fd-400,2022-09-03,Kansanga,Maize,9700
fd-401,2021-04-12,Mukono,Beans,18900
fd-402,2021-01-12,,CASSAVA,6900
fd-403,2020-06-03,Mukono,Cassava,-2800
fd-404,2022-08-31,Nakasero,maize,12800
fd-405,2021-06-26,Bwaise,Cassava,2400
fd-406,2020-02-14,Bwaise,fish,12700
fd-407,2021-06-01,Bwaise,Cassava,19100
fd-407,2021-06-01,Bwaise,Cassava,19100
fd-408,2020-10-25,Nakasero,Beans,13300
fd-409,2020-10-05,Bwaise,Maize,4900
fd-410,2020-06-17,Kansanga,CASSAVA,4400
fd-411,2020-11-11,Kansanga,beans,3400
fd-412,2021-12-14,,maize,11200
fd-413,2021-02-09,,maize,9000
fd-414,2022-05-25,Kansanga,fish,8600
fd-415,2020-05-04,Mukono,maize,7700
fd-416,2021-10-07,Mukono,banana leaves,2900
fd-416,2021-10-07,Mukono,banana leaves,2900
fd-417,2021-03-30,Bwaise,Maize,11300
fd-418,2022-08-04,,Cassava,13400
fd-419,2020-12-28,Bwaise,MAIZE,15100
fd-420,2020-09-08,Nakasero,CASSAVA,18500
fd-421,2021-03-05,Bwaise,fish,18300
fd-422,2021-01-02,Kansanga,fish,11700
fd-423,2020-07-03,Mukono,Beans,1400
fd-424,2021-04-28,,Beans,8100
fd-425,2020-09-29,,maize,7600
fd-426,2022-08-15,Bwaise,MAIZE,10900
fd-427,2020-01-29,Nakasero,banana leaves,18900
fd-428,2022-09-20,Kansanga,fish,16500
fd-428,2022-09-20,Kansanga,fish,16500
fd-429,2020-01-21,,CASSAVA,-1300
fd-430,2020-06-30,Nakasero,maize,-2600
fd-431,2021-06-22,Nakasero,Maize,22100
fd-432,2020-05-19,Bwaise,Cassava,16400
fd-433,2021-12-11,,Beans,19700
fd-434,2020-10-28,Bwaise,MAIZE,23500
fd-435,2022-09-15,,maize,10900
fd-436,2021-08-02,Mukono,CASSAVA,24900
fd-437,2021-10-13,Mukono,Beans,9100
fd-438,2022-03-16,Mukono,maize,-3300
fd-439,2021-05-19,Kansanga,Beans,3800
fd-440,2022-02-15,Bwaise,MAIZE,1500
fd-441,2020-03-16,Nakasero,MAIZE,5700
fd-442,2020-04-05,Nakasero,banana leaves,16300
fd-443,2021-09-13,Kansanga,MAIZE,11300
fd-444,2022-01-09,,beans,10200
fd-445,2022-05-10,Kansanga,MAIZE,600
fd-446,2021-09-06,Kansanga,eggs,7200
fd-447,2022-05-14,Mukono,beans,15900
fd-448,2021-07-11,Kansanga,MAIZE,12900
fd-449,2021-04-21,Nakasero,eggs,18900
fd-449,2021-04-21,Nakasero,eggs,18900
fd-450,2020-03-28,Nakasero,fish,19800
fd-451,2021-06-19,Kansanga,fish,16000
fd-452,2021-02-08,Mukono,fish,17400
fd-453,2020-05-03,Kansanga,MAIZE,5900
fd-454,2021-03-09,Mukono,Cassava,21000
fd-455,2022-01-14,Mukono,Maize,13500
fd-456,2022-07-28,Mukono,banana leaves,14200
fd-457,2021-08-19,Mukono,Maize,3800
fd-458,2022-06-17,Kansanga,beans,16400
fd-459,2021-02-16,Bwaise,banana leaves,23200
fd-460,2021-12-08,Bwaise,maize,9300
fd-461,2020-11-06,Nakasero,beans,23300
fd-462,2020-11-03,Kansanga,Beans,14100
fd-463,2022-07-24,Kansanga,CASSAVA,12700
fd-464,2020-11-14,,Cassava,17600
fd-465,2022-05-02,Bwaise,maize,15400
fd-465,2022-05-02,Bwaise,maize,15400
fd-466,2021-01-12,Kansanga,fish,4500
fd-467,2021-04-01,Bwaise,CASSAVA,11900
fd-468,2022-04-30,Mukono,beans,-4800
fd-469,2022-05-27,Bwaise,eggs,9300
fd-470,2022-09-17,Mukono,CASSAVA,21700
fd-471,2021-09-14,Nakasero,beans,12800
fd-472,2020-11-05,,banana leaves,3800
fd-472,2020-11-05,,banana leaves,3800
fd-473,2022-05-09,Nakasero,fish,20400
fd-474,2020-12-10,Nakasero,Beans,9000
fd-475,2020-07-11,Bwaise,fish,2300
fd-476,2021-11-07,Nakasero,MAIZE,21900
fd-477,2021-02-18,Kansanga,maize,19200
fd-478,2021-12-03,,CASSAVA,22500
fd-479,2021-11-04,,MAIZE,15900
fd-480,2022-02-20,Bwaise,Beans,7700
fd-481,2022-03-18,Nakasero,Beans,10100
fd-482,2021-10-11,,banana leaves,2800
fd-483,2021-11-28,Kansanga,fish,2200
fd-484,2020-12-16,Kansanga,banana leaves,15400
fd-485,2020-03-23,Kansanga,Beans,6200
fd-486,2020-08-02,Bwaise,banana leaves,16500
fd-487,2021-03-20,Kansanga,Cassava,16100
fd-488,2021-01-17,Mukono,Beans,17900
fd-489,2020-09-11,Bwaise,Beans,3800
fd-490,2022-04-23,Mukono,beans,15400
fd-491,2022-06-28,Bwaise,Beans,16500
fd-492,2022-07-29,Kansanga,maize,24300
fd-493,2024-17-45,Bwaise,Maize,21800
fd-494,2022-02-28,,banana leaves,-4900
fd-495,2025-18-37,Mukono,Cassava,4500
fd-496,2021-12-12,Mukono,beans,3800
fd-497,2020-05-20,Kansanga,Maize,20700
fd-498,2020-07-22,,eggs,17600
fd-499,2020-06-13,Mukono,fish,7300
fd-500,2020-01-14,Mukono,Maize,22400
fd-501,2020-03-17,Mukono,beans,15400
fd-502,2020-04-12,Bwaise,maize,12300
fd-503,2020-04-07,Mukono,maize,22200
fd-504,2022-09-05,,beans,3500
fd-505,2021-02-13,Kansanga,beans,23100
fd-506,2022-03-27,Bwaise,Maize,24300
fd-506,2022-03-27,Bwaise,Maize,24300
fd-507,2021-03-02,,CASSAVA,22700
fd-508,2021-09-18,Mukono,MAIZE,16400
fd-509,2020-09-24,Nakasero,maize,22700
fd-510,2020-08-17,Nakasero,fish,23400
fd-511,2021-05-08,Nakasero,Cassava,18700
fd-512,2021-13-49,,CASSAVA,5900
fd-512,2021-13-49,,CASSAVA,5900
fd-513,2022-09-20,Nakasero,maize,18500
fd-514,2021-04-15,Kansanga,banana leaves,16800
fd-515,2021-10-31,Mukono,Maize,1600
fd-515,2021-09-10,,beans,18900
fd-517,2021-01-07,Mukono,eggs,11300
fd-518,2021-11-03,Nakasero,CASSAVA,22000
fd-519,2022-09-14,Nakasero,fish,23500
fd-520,2022-04-21,Kansanga,Maize,6900
fd-521,2021-04-13,Bwaise,Beans,14000
fd-521,2021-04-13,Bwaise,Beans,14000
fd-522,2020-05-06,Kansanga,CASSAVA,17000
fd-523,2020-02-19,,Cassava,16300
fd-524,2021-12-09,,MAIZE,4700
fd-525,2020-11-25,,Cassava,20400
fd-526,2022-09-13,Nakasero,beans,4800
fd-527,2021-06-08,Nakasero,fish,23800
fd-528,2020-08-02,,beans,22500
fd-529,2020-07-01,,fish,11000
fd-530,2021-08-19,,Cassava,17900
fd-531,2021-06-19,Mukono,maize,2200
fd-532,2020-06-13,Nakasero,beans,2500
fd-533,2020-02-03,Nakasero,CASSAVA,22600
fd-534,2021-07-28,Kansanga,eggs,23300
fd-535,2021-01-31,Kansanga,Beans,2200
fd-535,2021-01-31,Kansanga,Beans,2200
fd-536,2022-03-10,Kansanga,eggs,23500
fd-537,2022-01-26,,eggs,6800
fd-538,2020-07-10,Bwaise,fish,1800
fd-539,2021-08-21,Nakasero,maize,23700
fd-540,2021-09-03,Mukono,banana leaves,10300
fd-541,2022-03-13,Nakasero,fish,6500
fd-542,2021-07-10,,Cassava,7700
fd-543,2020-10-27,Bwaise,banana leaves,18800
fd-544,2025-18-37,Nakasero,CASSAVA,21500
fd-545,2021-11-29,Nakasero,Cassava,4200
fd-546,2022-07-22,,Beans,17100
fd-547,2020-07-16,Nakasero,fish,3600
fd-548,2020-01-08,Mukono,eggs,7400
fd-549,2021-07-04,Kansanga,Maize,5500
fd-549,2021-07-04,Kansanga,Maize,5500
fd-550,2020-03-16,Mukono,MAIZE,18700
fd-550,2020-03-16,Mukono,MAIZE,18700
fd-551,2021-02-21,Kansanga,CASSAVA,14600
fd-552,2020-01-07,,Maize,19600
fd-552,2020-01-07,,Maize,19600
fd-553,2021-05-29,Mukono,beans,10300
fd-554,2021-01-25,Kansanga,maize,17900
fd-555,2022-05-19,,beans,5200
fd-556,2022-06-06,Nakasero,maize,18600
fd-557,2021-02-07,,fish,10400
fd-558,2020-08-04,Kansanga,fish,6500
fd-559,2020-07-04,,maize,18400
fd-560,2020-03-09,Nakasero,Maize,19500
fd-561,2021-11-02,Bwaise,Maize,2700
fd-562,2021-09-23,Nakasero,banana leaves,19000
fd-563,2020-01-05,Nakasero,eggs,23800
fd-564,2020-05-17,Nakasero,CASSAVA,12200
fd-565,2021-10-23,,Maize,5000
fd-566,2021-10-03,Mukono,Maize,17100
fd-567,2022-02-26,,eggs,18500
fd-568,2021-10-31,Bwaise,Beans,19800
fd-569,2021-06-06,Mukono,Cassava,800
fd-570,2021-09-20,Bwaise,fish,5700
fd-571,2022-09-17,Bwaise,CASSAVA,1800
fd-572,2021-01-13,Bwaise,maize,17400
fd-573,2021-04-10,Mukono,maize,11100
fd-574,2020-10-07,Nakasero,banana leaves,6100
fd-575,2022-07-08,Mukono,fish,7800
fd-576,2021-05-13,Kansanga,banana leaves,-1400
fd-577,2021-10-20,Nakasero,eggs,5600
fd-578,2020-08-23,Kansanga,Beans,16200
fd-579,2021-10-24,Kansanga,maize,4600
fd-580,2020-02-10,,MAIZE,8900
fd-581,2022-09-19,,maize,24300
fd-582,2021-04-04,,CASSAVA,6000
fd-583,2021-08-19,Bwaise,banana leaves,9100
fd-584,2021-09-02,,Maize,13100
fd-584,2022-07-20,,Cassava,20300
fd-586,2020-02-09,,fish,3500
fd-587,2022-04-27,Mukono,Cassava,12600
fd-588,2022-08-18,Kansanga,Cassava,24700
fd-589,2021-03-11,Bwaise,beans,8100
fd-590,2021-07-10,Kansanga,beans,23700
fd-590,2021-06-16,Mukono,Cassava,23000
fd-592,2021-03-12,,beans,18000
fd-593,2021-11-27,Kansanga,eggs,18700
fd-594,2020-09-16,Nakasero,banana leaves,23600
fd-595,2020-05-01,Bwaise,CASSAVA,5800
fd-596,2022-03-31,,banana leaves,23600
fd-596,2022-03-31,,banana leaves,23600
fd-597,2022-04-03,Mukono,MAIZE,20100
fd-598,2020-03-22,,maize,13600
fd-599,2021-09-03,Mukono,MAIZE,14800
fd-599,2021-09-03,Mukono,MAIZE,14800
fd-600,2021-06-14,Nakasero,eggs,-2600
fd-601,2021-11-21,Mukono,Beans,500
fd-602,2021-02-13,Nakasero,Cassava,7000
fd-603,2020-04-02,,beans,18800
fd-604,2020-10-10,Bwaise,banana leaves,15400
fd-605,2021-02-20,,Maize,16900
fd-606,2022-09-06,Nakasero,fish,19300
fd-607,2021-05-10,Bwaise,Beans,15500
fd-608,2021-05-08,Mukono,beans,21200
fd-609,2022-03-30,Nakasero,Cassava,17400
fd-610,2020-10-21,Mukono,Cassava,11700
fd-611,2020-12-28,Bwaise,banana leaves,24900
fd-612,2020-07-23,Bwaise,eggs,7200
fd-613,2020-12-30,Bwaise,Maize,3000
fd-614,2022-02-21,,maize,12600
fd-615,2022-07-07,,beans,17200
fd-616,2020-02-25,,Cassava,18200
fd-616,2020-02-25,,Cassava,18200
fd-617,2022-03-05,Bwaise,CASSAVA,23300
fd-618,2025-18-37,Bwaise,Cassava,11100
fd-619,2020-09-26,Bwaise,beans,20500
fd-620,2021-03-05,Nakasero,Beans,9600
fd-621,2021-12-03,Bwaise,Maize,8200
fd-622,2022-03-30,Bwaise,CASSAVA,6200
fd-623,2021-10-07,,fish,16400
fd-624,2021-02-11,Mukono,MAIZE,8800
fd-625,2020-12-08,Nakasero,Beans,18700
fd-626,2020-14-50,Nakasero,banana leaves,19300
fd-627,2020-10-18,Nakasero,Beans,16400
fd-628,2021-09-20,Nakasero,CASSAVA,5200
fd-629,2021-03-07,,banana leaves,2800
fd-630,2021-10-30,Nakasero,beans,13400
fd-631,2021-01-06,,fish,14000
fd-632,2020-08-28,Nakasero,Maize,13500
fd-633,2021-07-15,Mukono,maize,17600
fd-634,2020-06-08,Mukono,Cassava,8600
fd-635,2021-06-23,Bwaise,maize,-3600
fd-636,2022-09-25,,beans,4900
fd-637,2021-09-03,Kansanga,banana leaves,21400
fd-638,2021-07-06,Bwaise,Maize,12400
fd-639,2024-17-45,Bwaise,Beans,18000
fd-639,2024-17-45,Bwaise,Beans,18000
fd-640,2021-05-03,Nakasero,maize,10000
fd-641,2020-07-12,Kansanga,fish,8600
fd-642,2021-01-22,Bwaise,beans,20900
fd-643,2022-04-06,Nakasero,beans,17900
fd-644,2020-07-05,Bwaise,beans,15400
fd-645,2020-07-11,Nakasero,maize,18000
fd-645,2020-07-11,Nakasero,maize,18000
fd-646,2020-05-08,Kansanga,maize,5400
fd-646,2020-05-08,Kansanga,maize,5400
fd-647,2022-03-15,Kansanga,Beans,1500
fd-648,2020-02-27,Nakasero,Cassava,15900
fd-649,2021-01-25,Mukono,Maize,23900
fd-650,2022-01-25,Mukono,eggs,3500
fd-651,2021-11-28,Nakasero,Beans,24300
fd-651,2021-11-28,Nakasero,Beans,24300
fd-652,2020-09-16,Kansanga,beans,2200
fd-653,2021-10-10,Kansanga,Beans,-1800
fd-654,2020-01-10,Mukono,banana leaves,16000
fd-655,2020-09-11,Bwaise,CASSAVA,20700
fd-656,2020-03-02,Mukono,Beans,23400
fd-657,2020-11-20,,Beans,14800
fd-658,2022-01-11,Bwaise,beans,16400
fd-659,2021-05-16,Bwaise,banana leaves,11800
fd-660,2021-09-05,,MAIZE,5500
fd-661,2021-04-09,Mukono,fish,6500
fd-662,2021-09-27,Bwaise,Beans,22000
fd-663,2021-11-30,Kansanga,fish,9700
fd-664,2021-06-19,Mukono,maize,4700
fd-665,2020-07-15,Mukono,maize,13200
fd-666,2020-09-19,Mukono,Beans,24000
fd-666,2020-09-19,Mukono,Beans,24000
fd-667,2021-05-18,Mukono,CASSAVA,2400
fd-668,2022-04-21,Nakasero,maize,9200
fd-669,2020-03-20,Bwaise,fish,24200
fd-670,2021-11-03,Bwaise,banana leaves,6300
fd-671,2022-02-23,,Beans,23500
fd-672,2020-07-03,,Cassava,22000
fd-673,2020-12-26,Nakasero,fish,11100
fd-674,2022-04-25,Nakasero,banana leaves,18300
fd-675,2020-09-17,Nakasero,CASSAVA,13500
fd-675,2020-09-17,Nakasero,CASSAVA,13500
fd-676,2020-01-17,,MAIZE,10300
fd-676,2020-01-17,,MAIZE,10300
fd-677,2020-11-18,Mukono,beans,17200
fd-678,2020-02-08,Kansanga,Beans,9100
fd-679,2022-04-10,Nakasero,Maize,19100
fd-680,2022-03-22,Kansanga,MAIZE,23000
fd-681,2021-10-19,Nakasero,maize,19300
fd-682,2020-12-08,Nakasero,Cassava,4400
fd-683,2021-09-08,Mukono,Cassava,17600
fd-683,2021-09-08,Mukono,Cassava,17600
fd-684,2021-05-29,Bwaise,MAIZE,24400
fd-685,2021-08-12,,Maize,9900
fd-686,2021-05-02,,maize,9100
fd-687,2020-05-13,Bwaise,CASSAVA,16400
fd-688,2022-01-23,,eggs,9200
fd-689,2020-04-01,Mukono,Cassava,11900
fd-690,2022-02-27,Nakasero,MAIZE,20600
fd-691,2021-03-27,Mukono,eggs,12700
fd-692,2022-01-27,Mukono,eggs,5300
fd-693,2025-18-37,Mukono,beans,1200
fd-694,2021-07-13,,beans,20900
fd-695,2020-01-19,Kansanga,banana leaves,17700
fd-695,2020-01-19,Kansanga,banana leaves,17700
fd-696,2022-03-19,,beans,21900
fd-697,2021-11-09,Nakasero,Maize,-1500
fd-698,2021-06-04,Mukono,Beans,20000
fd-699,2021-04-13,,maize,-1300
fd-700,2020-06-09,Mukono,Beans,12100
fd-701,2021-05-28,Nakasero,maize,13100
fd-702,2024-17-45,Nakasero,eggs,13300
fd-703,2022-09-10,,eggs,19200
fd-704,2020-12-03,Kansanga,fish,21800
fd-705,2022-06-02,Bwaise,beans,17600
fd-706,2022-02-27,Bwaise,banana leaves,10900
fd-706,2022-02-27,Bwaise,banana leaves,10900
fd-707,2020-07-07,Nakasero,MAIZE,10900
fd-708,2021-03-29,Nakasero,MAIZE,3900
fd-709,2021-09-23,Nakasero,banana leaves,8000
fd-710,2020-14-50,Kansanga,MAIZE,20300
fd-711,2021-01-31,Kansanga,CASSAVA,6800
fd-712,2022-08-05,Nakasero,Cassava,22400
fd-713,2022-08-07,Kansanga,banana leaves,11100
fd-714,2022-03-05,Mukono,banana leaves,12900
fd-715,2021-08-08,,fish,23500
fd-716,2022-04-26,Mukono,eggs,13400
fd-717,2022-02-22,Mukono,eggs,13500
fd-718,2020-06-19,Kansanga,beans,2200
fd-719,2021-10-23,Kansanga,Maize,4200
fd-720,2021-07-13,Bwaise,Cassava,15200
fd-720,2021-07-13,Bwaise,Cassava,15200
fd-721,2022-07-06,Bwaise,CASSAVA,11100
fd-722,2022-01-05,Mukono,Maize,15200
fd-723,2022-01-14,,banana leaves,12900
fd-724,2020-12-09,,MAIZE,5200
fd-725,2020-11-12,Kansanga,beans,4300
fd-726,2026-19-40,Nakasero,maize,16800
fd-726,2020-08-31,Bwaise,banana leaves,15300
fd-728,2020-09-07,,beans,18700
fd-729,2020-02-26,Nakasero,maize,1500
fd-730,2022-07-31,Mukono,maize,6300
fd-731,2021-12-17,,banana leaves,6300
fd-732,2020-02-06,Mukono,beans,12900
fd-733,2020-03-07,Nakasero,CASSAVA,23200
fd-734,2020-08-02,Bwaise,banana leaves,19200
fd-735,2021-05-10,,beans,10800
fd-736,2022-08-07,Bwaise,banana leaves,17500
fd-737,2022-06-23,,eggs,6800
fd-737,2022-06-23,,eggs,6800
fd-738,2020-04-30,Bwaise,banana leaves,14000
fd-738,2020-04-30,Bwaise,banana leaves,14000
fd-739,2020-08-05,Mukono,eggs,8800
fd-740,2020-11-27,Mukono,Maize,11600
fd-741,2022-05-02,Bwaise,eggs,11500
fd-742,2020-02-06,Bwaise,CASSAVA,15500
fd-743,2022-03-13,Kansanga,maize,10300
fd-744,2020-01-20,Bwaise,banana leaves,12000
fd-744,2020-01-20,Bwaise,banana leaves,12000
fd-745,2020-12-13,Kansanga,fish,19200
fd-746,2022-03-12,Nakasero,Beans,9300
fd-747,2021-04-07,Nakasero,eggs,6200
fd-748,2022-07-24,Mukono,CASSAVA,16300
fd-749,2021-05-10,,beans,5100
fd-750,2021-06-12,Bwaise,eggs,15500
fd-751,2020-11-14,Mukono,banana leaves,11400
fd-752,2021-11-05,Nakasero,maize,10700
fd-753,2020-10-20,Nakasero,fish,14900
fd-754,2020-04-27,Mukono,banana leaves,3800
fd-755,2020-05-24,Nakasero,banana leaves,2800
fd-756,2020-02-21,Bwaise,maize,22600
fd-756,2020-02-21,Bwaise,maize,22600
fd-757,2021-02-05,Bwaise,banana leaves,21100
fd-758,2020-11-15,Nakasero,eggs,22400
fd-759,2022-02-21,Kansanga,banana leaves,23300
fd-760,2021-12-28,Kansanga,CASSAVA,7800
fd-761,2021-01-07,Kansanga,MAIZE,22200
fd-762,2021-05-14,Mukono,Maize,12000
fd-763,2020-12-22,,banana leaves,3800
fd-764,2021-07-23,Mukono,beans,13600
fd-765,2020-06-11,Kansanga,Cassava,7300
fd-766,2021-03-21,,Beans,8200
fd-767,2021-12-29,,CASSAVA,20000
fd-768,2020-06-29,Nakasero,Cassava,4000
fd-769,2020-12-01,Kansanga,maize,5000
fd-770,2020-01-01,Bwaise,MAIZE,10000
fd-771,2021-11-28,Nakasero,beans,22700
fd-772,2022-07-26,Nakasero,Maize,20500
fd-773,2020-10-28,Mukono,Beans,2200
fd-773,2020-10-28,Mukono,Beans,2200
fd-774,2020-04-22,Nakasero,maize,23500
fd-775,2021-02-19,Kansanga,Cassava,22200
fd-776,2022-05-13,Nakasero,Cassava,22400
fd-776,2020-05-27,Kansanga,Cassava,4900
fd-778,2021-04-11,,Cassava,15300
fd-779,2020-12-29,Bwaise,MAIZE,700
fd-780,2021-05-28,Nakasero,Cassava,19300
fd-781,2021-12-22,Nakasero,Maize,23100
fd-782,2022-05-29,Nakasero,CASSAVA,17600
fd-783,2022-01-29,Mukono,fish,10700
fd-784,2020-01-12,Kansanga,CASSAVA,15800
fd-785,2022-03-28,Nakasero,beans,23200
fd-786,2021-07-31,Nakasero,maize,19400
fd-787,2022-04-08,,maize,3200
fd-788,2020-09-15,Bwaise,banana leaves,8900
fd-788,2020-09-15,Bwaise,banana leaves,8900
fd-789,2021-08-28,Bwaise,CASSAVA,6200
fd-790,2022-03-29,,maize,3200
fd-791,2022-05-07,Kansanga,Cassava,8200
fd-792,2021-08-14,Nakasero,maize,4300
fd-792,2021-08-14,Nakasero,maize,4300
fd-793,2021-05-02,,eggs,23600
fd-794,2021-03-21,Mukono,beans,15200
fd-795,2022-09-05,Mukono,Maize,21300
fd-796,2021-10-29,Nakasero,Beans,3700
fd-797,2021-11-22,Bwaise,banana leaves,17500
fd-798,2021-07-14,Mukono,maize,800
fd-799,2020-12-25,Bwaise,beans,1600
fd-799,2020-12-25,Bwaise,beans,1600
fd-800,2021-11-03,Bwaise,banana leaves,23700
fd-801,2021-01-19,,MAIZE,23200
fd-802,2020-03-18,Kansanga,beans,23100
fd-803,2020-06-14,Mukono,beans,13000
fd-804,2022-04-12,Nakasero,MAIZE,16600
fd-805,2021-10-22,Kansanga,Maize,14600
fd-806,2022-01-02,Nakasero,Maize,-4800
fd-807,2022-07-07,Kansanga,MAIZE,500
fd-808,2021-12-17,Nakasero,Cassava,17300
fd-809,2021-02-17,Mukono,fish,13000
fd-810,2021-08-03,,Beans,10400
fd-811,2020-04-02,Nakasero,fish,11600
fd-812,2021-10-25,Bwaise,MAIZE,13000
fd-813,2020-04-19,Nakasero,CASSAVA,21200
fd-814,2020-01-26,,eggs,2500
fd-815,2022-09-15,Kansanga,maize,-4800
fd-816,2020-08-04,,CASSAVA,18000
fd-817,2020-02-07,Bwaise,CASSAVA,15900
fd-818,2021-10-26,Bwaise,maize,2100
fd-819,2021-09-17,Bwaise,banana leaves,3900
fd-820,2020-03-05,Bwaise,Cassava,24600
fd-821,2021-08-12,,MAIZE,7400
fd-822,2020-05-03,Nakasero,MAIZE,6000
fd-823,2022-08-05,,maize,21200
fd-824,2023-16-47,Mukono,maize,-1300
fd-825,2021-03-02,Kansanga,MAIZE,21400
fd-826,2020-06-27,,maize,24000
fd-827,2022-03-12,Nakasero,Beans,18700
fd-828,2020-04-07,,Beans,18100
fd-829,2020-08-01,Nakasero,maize,5300
fd-830,2020-06-29,Bwaise,maize,12400
fd-831,2022-04-04,Kansanga,maize,2200
fd-832,2021-05-11,,Maize,8200
fd-833,2020-07-22,Nakasero,eggs,11100
fd-834,2020-07-23,Kansanga,eggs,19600
fd-835,2022-08-08,,CASSAVA,12700
fd-836,2022-09-25,Nakasero,eggs,1500
fd-837,2022-05-22,Kansanga,CASSAVA,11700
fd-838,2022-03-24,,MAIZE,18600
fd-839,2021-05-15,Bwaise,banana leaves,15600
fd-840,2020-09-09,Bwaise,Beans,7700
fd-841,2021-08-10,Mukono,Cassava,1800
fd-842,2021-03-11,,Cassava,23300
fd-843,2021-07-25,Mukono,Cassava,4800
fd-844,2020-01-17,Kansanga,beans,15500
fd-845,2023-16-47,Kansanga,MAIZE,13700
fd-846,2021-12-21,Mukono,Maize,23100
fd-847,2020-10-03,,fish,7200
fd-848,2022-01-23,Mukono,fish,22600
fd-849,2021-04-21,,maize,6200
fd-850,2022-03-03,Bwaise,MAIZE,8300
fd-851,2022-02-09,,eggs,7800
fd-852,2021-03-09,Nakasero,maize,11800
fd-853,2021-04-26,,fish,15300
fd-854,2022-04-08,Mukono,eggs,15500
fd-855,2022-09-08,Mukono,Maize,4100
fd-856,2021-06-17,Mukono,beans,22800
fd-857,2021-03-30,Mukono,beans,1200
fd-858,2021-10-22,Nakasero,Cassava,21900
fd-859,2021-12-14,,fish,10400
fd-860,2022-03-19,Nakasero,eggs,9900
fd-861,2021-04-11,Bwaise,banana leaves,23800
fd-862,2021-12-26,Bwaise,MAIZE,1800
fd-863,2021-01-13,Bwaise,eggs,1600
fd-864,2021-04-04,,MAIZE,4400
fd-865,2020-05-28,Kansanga,Beans,24600
fd-866,2020-10-29,Kansanga,beans,19200
fd-867,2022-08-02,Kansanga,Beans,24400
fd-868,2020-04-29,Nakasero,maize,7700
fd-869,2021-10-18,Bwaise,banana leaves,9600
fd-870,2021-11-24,Mukono,fish,16500
fd-871,2022-07-19,Nakasero,Cassava,14500
fd-872,2020-12-25,Nakasero,CASSAVA,3300
fd-873,2021-03-01,Kansanga,beans,24300
fd-874,2020-05-22,,banana leaves,7300
fd-875,2020-12-09,Mukono,banana leaves,3300
fd-875,2020-12-09,Mukono,banana leaves,3300
fd-876,2020-06-28,,CASSAVA,4900
fd-877,2021-05-17,Mukono,beans,10400
fd-878,2022-03-21,Mukono,MAIZE,21400
fd-879,2022-07-03,Nakasero,Cassava,23000
fd-880,2021-05-19,Mukono,banana leaves,19500
fd-881,2021-12-03,Kansanga,Maize,24500
fd-882,2020-02-29,Bwaise,Beans,23200
fd-883,2021-03-05,Nakasero,maize,17800
fd-884,2021-10-05,Bwaise,Maize,5900
fd-885,2021-12-02,Nakasero,beans,23000
fd-886,2020-05-27,Mukono,MAIZE,12700
fd-887,2020-06-15,Mukono,eggs,7700
fd-888,2021-12-07,,fish,23500
fd-889,2020-03-19,Mukono,MAIZE,16200
fd-890,2021-03-28,,fish,11700
fd-891,2020-05-01,Bwaise,MAIZE,5100
fd-892,2020-03-21,Kansanga,Maize,16300
fd-893,2022-03-23,,banana leaves,4300
fd-894,2020-01-11,Mukono,Maize,7200
fd-895,2020-01-30,Mukono,MAIZE,9500
fd-896,2021-05-27,,eggs,2700
fd-897,2021-13-49,Bwaise,beans,18100
fd-897,2021-13-49,Bwaise,beans,18100
fd-898,2022-07-31,,CASSAVA,19800
fd-899,2022-05-04,Nakasero,Cassava,17300
fd-900,2020-05-06,Kansanga,Maize,16700
fd-901,2020-02-11,Mukono,Beans,13100
fd-902,2022-09-26,Kansanga,eggs,10000
fd-903,2022-07-05,Kansanga,Beans,22500
fd-904,2021-11-05,Mukono,Maize,13600
fd-905,2022-07-02,Bwaise,Maize,7000
fd-906,2020-05-05,Bwaise,Cassava,9600
fd-907,2022-02-13,Kansanga,Beans,20200
fd-908,2020-05-30,Kansanga,Maize,16500
fd-909,2020-04-11,Mukono,Maize,1300
fd-910,2020-06-05,Nakasero,banana leaves,3000
fd-911,2021-04-22,Bwaise,beans,16500
fd-912,2021-07-07,,maize,1500
fd-913,2021-04-05,Nakasero,Cassava,1600
fd-913,2021-04-05,Nakasero,Cassava,1600
fd-914,2020-11-06,Bwaise,CASSAVA,10700
fd-915,2021-11-22,Kansanga,fish,19200
fd-916,2020-02-27,Kansanga,beans,12800
fd-917,2020-11-24,Mukono,maize,4700
fd-918,2020-01-28,Nakasero,Cassava,11800
fd-919,2020-09-07,Bwaise,eggs,19900
fd-920,2020-04-27,Nakasero,MAIZE,-3700
fd-920,2020-04-27,Nakasero,MAIZE,-3700
fd-921,2021-06-11,Kansanga,beans,-3100
fd-922,2021-02-03,Nakasero,banana leaves,16500
fd-923,2021-05-29,Nakasero,MAIZE,12400
fd-924,2022-09-24,Mukono,fish,9100
fd-924,2022-09-24,Mukono,fish,9100
fd-925,2020-08-19,,Maize,19400
fd-926,2022-03-31,,CASSAVA,11800
fd-927,2022-04-03,Nakasero,Cassava,10700
fd-928,2021-04-09,,MAIZE,21000
fd-929,2020-08-06,Kansanga,beans,17900
fd-930,2022-08-15,,maize,12400
fd-931,2022-02-22,Nakasero,Cassava,2600
fd-932,2020-10-20,Bwaise,beans,8200
fd-933,2020-09-08,Nakasero,CASSAVA,14700
fd-934,2020-10-06,Bwaise,maize,9600
fd-935,2022-09-13,Kansanga,maize,3200
fd-936,2022-09-05,Kansanga,Beans,3400
fd-937,2020-08-29,Mukono,banana leaves,4400
fd-938,2022-08-11,,beans,3400
fd-939,2020-12-03,,Cassava,24800
fd-940,2020-06-28,Bwaise,beans,8800
fd-941,2021-12-17,Mukono,Beans,16000
fd-942,2022-08-17,Bwaise,Beans,12500
fd-943,2021-09-12,Mukono,maize,22500
fd-944,2022-09-08,Nakasero,Maize,8200
fd-945,2021-02-06,Nakasero,beans,8200
fd-946,2021-03-25,Nakasero,Cassava,9400
fd-947,2021-04-27,Kansanga,Beans,3700
fd-948,2020-12-26,Kansanga,banana leaves,18400
fd-949,2020-14-50,Bwaise,CASSAVA,4900
fd-949,2020-14-50,Bwaise,CASSAVA,4900
fd-950,2021-08-12,Mukono,Maize,17400
fd-951,2020-05-13,,Cassava,10900
fd-952,2020-06-26,,Beans,7000
fd-953,2021-01-21,,eggs,-5000
fd-954,2022-07-17,Mukono,CASSAVA,23400
fd-955,2021-09-06,Nakasero,MAIZE,12500
fd-956,2024-17-45,Kansanga,CASSAVA,16600
fd-957,2022-06-01,Nakasero,beans,13000
fd-958,2022-04-23,Nakasero,eggs,13800
fd-959,2020-08-29,,CASSAVA,12600
fd-960,2021-04-25,Bwaise,Beans,13500
fd-961,2022-01-23,,beans,18700
fd-961,2022-01-23,,beans,18700
fd-962,2022-07-19,Nakasero,banana leaves,20100
fd-963,2024-17-45,,Cassava,13400
fd-964,2020-02-12,,MAIZE,17000
fd-965,2020-04-01,Nakasero,fish,9000
fd-966,2022-06-11,Nakasero,Beans,9700
fd-967,2022-08-06,Nakasero,fish,5900
fd-968,2020-06-03,,CASSAVA,5300
fd-968,2020-06-03,,CASSAVA,5300
fd-969,2020-06-16,Kansanga,Cassava,16700
fd-969,2020-06-16,Kansanga,Cassava,16700
fd-970,2021-05-11,Kansanga,CASSAVA,24000
fd-971,2022-06-08,Nakasero,MAIZE,17100
fd-972,2020-08-05,,maize,19200
fd-973,2021-05-25,Mukono,Beans,-2300
fd-974,2022-08-09,Mukono,Beans,3100
fd-975,2021-10-05,Nakasero,banana leaves,11200
fd-976,2020-11-28,,MAIZE,2000
fd-977,2022-01-31,Mukono,fish,12900
fd-978,2022-02-28,Kansanga,Maize,-4200
fd-979,2022-02-09,Bwaise,Maize,14600
fd-980,2021-09-09,Bwaise,Beans,12500
fd-981,2021-05-02,Nakasero,banana leaves,3400
fd-982,2021-03-20,Kansanga,Maize,-3700
fd-983,2021-12-31,Bwaise,CASSAVA,21700
fd-984,2022-07-17,Kansanga,beans,4600
fd-985,2021-03-13,Nakasero,banana leaves,-4700
fd-986,2021-02-26,Mukono,CASSAVA,19100
fd-987,2022-02-26,,maize,22100
fd-988,2020-02-16,Mukono,Cassava,10200
fd-989,2021-04-05,,beans,6600
fd-990,2020-09-22,Mukono,Cassava,600
fd-990,2021-04-16,Kansanga,banana leaves,10400
fd-992,2021-11-20,Kansanga,beans,4900
fd-992,2021-11-20,Kansanga,beans,4900
fd-993,2021-13-49,Mukono,eggs,5200
fd-994,2022-03-19,,eggs,15600
fd-995,2022-07-13,Bwaise,CASSAVA,15900
fd-995,2022-07-13,Bwaise,CASSAVA,15900
fd-996,2020-10-28,,Cassava,700
fd-997,2021-03-01,Kansanga,banana leaves,18600
fd-998,2021-06-09,,banana leaves,16400
fd-999,2024-17-45,Nakasero,fish,21700
fd-1000,2022-08-19,Nakasero,CASSAVA,1100
fd-1001,2021-03-24,Bwaise,fish,22900
fd-1002,2021-11-03,Kansanga,MAIZE,24100
fd-1003,2021-11-20,Nakasero,CASSAVA,5800
fd-1004,2021-11-14,Kansanga,MAIZE,5600
fd-1005,2021-05-20,Nakasero,eggs,2000
fd-1006,2021-11-24,Bwaise,MAIZE,16900
fd-1006,2021-11-24,Bwaise,MAIZE,16900
fd-1007,2021-09-24,Bwaise,Maize,16400
fd-1008,2020-02-17,,beans,23100
fd-1009,2020-02-21,Kansanga,CASSAVA,4100
fd-1010,2022-05-28,Mukono,fish,-4600
fd-1011,2021-01-05,Bwaise,beans,17000
fd-1012,2021-01-07,Nakasero,MAIZE,7100
fd-1013,2020-09-08,Kansanga,Beans,6100
fd-1014,2021-01-04,Bwaise,MAIZE,17800
fd-1015,2021-02-27,Kansanga,CASSAVA,17400
fd-1016,2021-13-49,Mukono,fish,3200
fd-1017,2021-03-20,Mukono,Cassava,22100
fd-1018,2021-10-08,,beans,22800
fd-1019,2020-11-17,Nakasero,maize,17700
fd-1020,2021-10-21,Bwaise,fish,20700
fd-1021,2022-03-11,Kansanga,eggs,3200
fd-1021,2022-03-11,Kansanga,eggs,3200
fd-1022,2022-01-27,Bwaise,fish,9800
fd-1023,2020-12-14,Bwaise,maize,-1800
fd-1024,2020-11-07,Kansanga,fish,2400
fd-1025,2020-05-06,Mukono,Maize,19200
fd-1026,2022-04-04,,banana leaves,21000
fd-1027,2020-11-02,Nakasero,banana leaves,23900
fd-1028,2021-06-12,,eggs,12300
fd-1029,2021-02-25,Mukono,Maize,4700
fd-1030,2021-06-22,Kansanga,banana leaves,13400
fd-1031,2021-03-26,Kansanga,Cassava,5200
fd-1032,2022-09-18,,fish,7400
fd-1033,2021-07-26,Nakasero,Maize,13800
fd-1034,2021-06-19,Bwaise,Maize,12700
fd-1035,2020-05-25,,Cassava,-1400
fd-1036,2022-01-27,Kansanga,maize,11900
fd-1036,2022-01-27,Kansanga,maize,11900
fd-1037,2020-11-13,,CASSAVA,12800
fd-1038,2022-02-19,Bwaise,fish,15200
fd-1039,2020-04-01,,banana leaves,8100
fd-1040,2021-11-17,Kansanga,beans,5900
fd-1041,2021-12-25,Nakasero,fish,21500
fd-1042,2021-08-13,Mukono,banana leaves,16000
fd-1042,2021-06-28,Bwaise,maize,7200
fd-1044,2021-03-30,Mukono,fish,13600
fd-1045,2020-12-14,Kansanga,MAIZE,17700
fd-1046,2020-04-11,,MAIZE,6400
fd-1047,2021-02-21,Bwaise,maize,11100
fd-1048,2020-04-11,Nakasero,MAIZE,11100
fd-1049,2020-02-23,Bwaise,eggs,19700
fd-1050,2022-08-30,Mukono,beans,15700
fd-1051,2025-18-37,Bwaise,maize,19700
fd-1052,2022-03-15,Bwaise,beans,15100
fd-1053,2022-09-18,Bwaise,Beans,6000
fd-1054,2022-07-22,,CASSAVA,-1700
fd-1055,2022-09-22,Bwaise,maize,16300
fd-1056,2020-12-25,Bwaise,banana leaves,9700
fd-1056,2020-12-25,Bwaise,banana leaves,9700
fd-1057,2020-11-03,Mukono,Cassava,5000
fd-1058,2020-08-03,,fish,10900
fd-1059,2022-02-09,Kansanga,beans,11000
fd-1060,2020-01-17,Bwaise,maize,600
fd-1061,2022-07-05,Kansanga,Cassava,21700
fd-1062,2022-04-15,Kansanga,Maize,12800
fd-1063,2022-02-25,Mukono,Maize,6800
fd-1064,2022-15-48,Nakasero,eggs,20600
fd-1065,2021-05-20,Nakasero,maize,23500
fd-1066,2022-04-20,Kansanga,Maize,19100
fd-1067,2022-01-26,,banana leaves,2600
fd-1068,2022-08-13,,eggs,24300
fd-1069,2022-09-20,,banana leaves,18800
fd-1069,2021-11-20,Mukono,Beans,13800
fd-1071,2021-01-05,,maize,7800
fd-1071,2021-01-05,,maize,7800
fd-1072,2020-11-19,Mukono,Cassava,3100
fd-1073,2020-08-19,Kansanga,Maize,6900
fd-1074,2020-04-09,Mukono,CASSAVA,1200
fd-1075,2020-09-13,Bwaise,Maize,11600
fd-1076,2020-08-30,Mukono,banana leaves,3600
fd-1077,2020-03-03,Mukono,Cassava,23200
fd-1077,2020-03-03,Mukono,Cassava,23200
fd-1078,2021-03-28,Mukono,beans,14600
fd-1078,2021-03-28,Mukono,beans,14600
fd-1079,2020-10-28,Kansanga,Cassava,13900
fd-1080,2020-01-11,Kansanga,Cassava,14500
fd-1081,2022-08-18,Mukono,CASSAVA,19700
fd-1082,2020-03-10,,eggs,4600
fd-1083,2022-01-12,,CASSAVA,5000
fd-1084,2021-03-22,,Beans,18200
fd-1085,2020-12-17,Nakasero,Beans,17400
fd-1086,2021-06-03,,maize,6900
fd-1087,2020-03-11,Nakasero,eggs,23200
fd-1088,2022-05-22,,banana leaves,20600
fd-1089,2022-06-16,Mukono,CASSAVA,600
fd-1090,2020-08-06,Bwaise,CASSAVA,11300
fd-1091,2022-04-25,Mukono,Beans,-3600
fd-1091,2022-04-25,Mukono,Beans,-3600
fd-1092,2020-07-18,,Beans,-4900
fd-1093,2020-09-25,Bwaise,Beans,8500
fd-1094,2022-07-21,Mukono,maize,4900
fd-1095,2022-08-16,Bwaise,beans,12600
fd-1096,2022-09-27,,Cassava,2600
fd-1097,2020-07-13,Bwaise,fish,12700
fd-1098,2022-08-01,Mukono,banana leaves,18000
fd-1099,2021-10-06,Nakasero,MAIZE,19600
fd-1100,2021-04-26,,Maize,13200
fd-1101,2021-05-25,,CASSAVA,23800
fd-1102,2021-05-21,Kansanga,beans,21400
fd-1103,2020-08-12,Bwaise,CASSAVA,13400
fd-1104,2020-06-09,Nakasero,beans,4900
fd-1105,2020-08-23,,maize,20800
fd-1106,2021-01-11,Kansanga,Beans,1300
fd-1107,2021-01-02,Mukono,beans,17300
fd-1108,2020-08-21,Mukono,Maize,1700
fd-1109,2020-09-13,Nakasero,beans,20200
fd-1110,2022-01-27,,beans,-3800
fd-1111,2022-08-26,Kansanga,banana leaves,800
fd-1112,2020-06-01,Kansanga,eggs,7300
fd-1113,2022-02-14,Kansanga,CASSAVA,3300
fd-1114,2021-12-15,Kansanga,eggs,18700
fd-1114,2021-12-15,Kansanga,eggs,18700
fd-1115,2020-11-08,Mukono,CASSAVA,12100
fd-1116,2021-02-17,,beans,1200
fd-1117,2022-09-27,Nakasero,banana leaves,20200
fd-1118,2021-01-25,Bwaise,Cassava,13100
fd-1119,2021-04-07,Nakasero,Maize,22600
fd-1120,2021-05-15,Mukono,MAIZE,13100
fd-1121,2020-03-12,Kansanga,maize,800
fd-1122,2020-06-09,Mukono,MAIZE,16100
fd-1123,2020-07-30,Bwaise,eggs,23700
fd-1124,2020-11-13,,eggs,22900
fd-1125,2021-04-01,Mukono,Cassava,8500
fd-1126,2021-04-16,Kansanga,banana leaves,-4700
fd-1127,2021-12-18,Nakasero,Cassava,6200
fd-1128,2021-03-18,Kansanga,Cassava,6500
fd-1129,2020-02-14,Bwaise,MAIZE,21000
fd-1130,2022-01-13,Bwaise,CASSAVA,18600
fd-1131,2021-05-31,Nakasero,Cassava,8700
fd-1132,2025-18-37,Kansanga,Cassava,13500
fd-1133,2020-14-50,Bwaise,Beans,15700
fd-1134,2020-09-05,Kansanga,MAIZE,9600
fd-1135,2020-14-50,Bwaise,beans,24700
fd-1136,2021-11-24,Nakasero,MAIZE,6300
fd-1137,2020-08-09,Kansanga,maize,17600
fd-1138,2021-02-03,Nakasero,CASSAVA,600
fd-1138,2021-02-03,Nakasero,CASSAVA,600
fd-1139,2020-09-12,Nakasero,eggs,1000
fd-1140,2020-07-15,Mukono,eggs,3600
fd-1141,2020-06-20,Mukono,Cassava,11200
fd-1142,2022-08-14,,Cassava,4400
fd-1143,2020-01-16,Kansanga,Beans,-4200
fd-1144,2021-10-27,,Beans,-1400
fd-1145,2020-04-14,,banana leaves,3600
fd-1146,2021-11-25,Bwaise,Beans,23000
fd-1147,2020-12-09,Mukono,banana leaves,15200
fd-1148,2021-08-24,Mukono,eggs,-1900
fd-1149,2022-02-14,Bwaise,banana leaves,5000
fd-1150,2020-07-28,Mukono,eggs,20000
fd-1151,2020-05-17,Nakasero,Beans,1700
fd-1152,2020-10-22,Mukono,eggs,11300
fd-1153,2022-07-28,Bwaise,eggs,13000
fd-1154,2020-03-07,Kansanga,Maize,2200
fd-1155,2020-04-03,Bwaise,banana leaves,7100
fd-1156,2020-11-14,Bwaise,eggs,6200
fd-1157,2022-09-17,Bwaise,beans,16200
fd-1158,2020-06-20,Kansanga,CASSAVA,20400
fd-1159,2022-03-23,Kansanga,maize,14500
fd-1160,2021-09-01,,MAIZE,6200
fd-1161,2021-01-19,,banana leaves,11400
fd-1162,2020-07-13,Mukono,maize,24400
fd-1163,2022-08-20,Kansanga,Beans,10500
fd-1164,2020-02-09,Mukono,Cassava,5800
fd-1165,2022-07-24,Nakasero,fish,21300
fd-1166,2022-08-06,Kansanga,eggs,1600
fd-1167,2020-01-29,Bwaise,beans,22800
fd-1168,2021-11-09,Bwaise,maize,3500
fd-1169,2021-08-23,Mukono,fish,14300
fd-1170,2021-05-27,,Cassava,24500
fd-1171,2020-04-01,Mukono,banana leaves,11700
fd-1172,2022-02-05,Kansanga,beans,-4400
fd-1172,2021-12-14,Kansanga,fish,9900
fd-1174,2021-12-21,Bwaise,eggs,16900
fd-1175,2020-07-09,Bwaise,maize,6700
fd-1176,2021-10-03,,Maize,5900
fd-1177,2020-03-06,Nakasero,maize,16100
fd-1178,2022-15-48,Mukono,banana leaves,1800
fd-1179,2024-17-45,,beans,16000
fd-1180,2021-11-29,Nakasero,Beans,12300
fd-1181,2020-12-30,Nakasero,Maize,-1500
fd-1182,2020-05-22,Mukono,banana leaves,17800
fd-1183,2021-01-12,Kansanga,banana leaves,16000
fd-1184,2025-18-37,Nakasero,maize,1900
fd-1185,2020-08-27,,CASSAVA,20500
fd-1186,2022-08-22,Kansanga,Maize,10100
fd-1187,2022-06-16,,fish,-3000
fd-1188,2021-07-15,Kansanga,MAIZE,4200
fd-1189,2020-06-23,Mukono,Maize,23900
fd-1189,2020-06-23,Mukono,Maize,23900
fd-1190,2021-01-27,Nakasero,eggs,22300
fd-1191,2020-05-19,,CASSAVA,23100
fd-1192,2022-08-04,,Maize,12800
fd-1193,2021-10-31,,Cassava,7800
fd-1194,2020-12-14,,eggs,4300
fd-1195,2021-01-24,,maize,19800
fd-1196,2020-11-23,Nakasero,MAIZE,20200
fd-1197,2026-19-40,Kansanga,Beans,10200
fd-1198,2021-09-07,Nakasero,MAIZE,23500
fd-1198,2021-09-07,Nakasero,MAIZE,23500
fd-1199,2021-12-06,Mukono,beans,23600
fd-1200,2020-10-25,Kansanga,maize,11400
fd-1201,2022-08-14,Bwaise,maize,6300
fd-1202,2022-04-14,Bwaise,maize,11500
fd-1203,2021-02-04,Kansanga,Maize,9700
fd-1204,2021-07-15,Kansanga,Maize,19500
fd-1205,2020-11-07,Kansanga,MAIZE,14900
fd-1206,2020-08-11,Bwaise,maize,19300
fd-1207,2021-01-20,Kansanga,MAIZE,3600
fd-1208,2020-04-30,,Beans,5300
fd-1209,2020-09-03,Kansanga,CASSAVA,20000
fd-1210,2021-12-09,Mukono,CASSAVA,21800
fd-1211,2020-01-12,Mukono,Maize,16500
fd-1212,2021-08-23,,banana leaves,23200
fd-1213,2021-05-10,Kansanga,beans,3700
fd-1214,2021-07-04,Bwaise,Cassava,1100
fd-1215,2021-06-26,Kansanga,Maize,19600
fd-1216,2022-02-10,Bwaise,Maize,20100
fd-1216,2020-11-17,Mukono,maize,7200
fd-1218,2022-02-10,Mukono,Maize,17000
fd-1219,2022-09-27,Mukono,eggs,17500
fd-1220,2020-05-23,,CASSAVA,17600
fd-1221,2021-06-06,Bwaise,Maize,1900
fd-1222,2022-05-02,Bwaise,MAIZE,7500
fd-1223,2021-03-08,Mukono,fish,13000
fd-1224,2022-08-25,Nakasero,Cassava,5100
fd-1225,2021-10-10,Bwaise,Beans,21700
fd-1226,2020-06-06,Nakasero,Cassava,20200
fd-1227,2021-12-01,,Cassava,21400
fd-1228,2020-05-29,Bwaise,beans,-3500
fd-1229,2022-03-12,Mukono,MAIZE,10500
fd-1230,2020-12-23,,beans,20400
fd-1231,2022-02-08,Kansanga,MAIZE,24700
fd-1232,2022-06-22,Kansanga,CASSAVA,8900
fd-1232,2022-06-22,Kansanga,CASSAVA,8900
fd-1233,2020-05-09,Bwaise,Cassava,9200
fd-1233,2020-05-09,Bwaise,Cassava,9200
fd-1234,2021-12-25,Bwaise,banana leaves,15500
fd-1235,2021-05-29,Nakasero,beans,17500
fd-1236,2020-11-08,Mukono,beans,10700
fd-1237,2020-09-02,Mukono,MAIZE,3200
fd-1238,2022-06-14,Mukono,Cassava,24400
fd-1239,2021-11-24,,Maize,20600
fd-1240,2023-16-47,,Beans,24700
fd-1241,2022-08-25,,banana leaves,-3200
fd-1242,2021-06-20,Bwaise,MAIZE,4800
fd-1243,2021-01-23,Bwaise,Beans,11500
fd-1244,2022-02-23,Mukono,beans,10100
fd-1244,2021-02-07,Bwaise,beans,21500
fd-1246,2022-07-02,,CASSAVA,600
fd-1247,2020-01-06,Nakasero,MAIZE,700
fd-1248,2021-06-10,Bwaise,Cassava,16400
fd-1248,2021-06-10,Bwaise,Cassava,16400
fd-1249,2021-04-26,Kansanga,Beans,14500
fd-1250,2021-03-25,Kansanga,MAIZE,24900
fd-1251,2020-07-22,Mukono,eggs,4800
fd-1252,2020-06-13,Bwaise,CASSAVA,9200
fd-1253,2021-11-29,Bwaise,Beans,13600
fd-1254,2021-02-02,Bwaise,Maize,1100
fd-1255,2025-18-37,Bwaise,maize,11700
fd-1256,2023-16-47,Nakasero,beans,14500
fd-1257,2020-09-12,Nakasero,Maize,23400
fd-1258,2021-12-24,Mukono,fish,6600
fd-1259,2020-08-22,Mukono,MAIZE,9400
fd-1260,2021-09-23,Bwaise,Maize,12900
fd-1261,2020-08-24,Bwaise,Beans,2500
fd-1262,2020-10-02,Nakasero,beans,23800
fd-1263,2020-02-11,Mukono,maize,11000
fd-1264,2020-04-13,Kansanga,MAIZE,16500
fd-1265,2020-01-14,,MAIZE,24700
fd-1266,2021-09-11,Nakasero,eggs,7300
fd-1267,2021-10-06,,Maize,-1100
fd-1268,2021-12-22,Kansanga,Maize,18400
fd-1269,2022-02-18,Bwaise,fish,1900
fd-1270,2022-07-01,,Beans,15100
fd-1271,2021-05-09,Kansanga,fish,17000
fd-1272,2022-09-17,Bwaise,beans,-2700
fd-1272,2022-09-17,Bwaise,beans,-2700
fd-1273,2022-04-14,Kansanga,CASSAVA,17300
fd-1274,2021-01-28,,Cassava,9300
fd-1274,2021-08-29,Mukono,fish,23600
fd-1276,2020-10-30,Nakasero,fish,7800
fd-1276,2020-10-30,Nakasero,fish,7800
fd-1277,2020-05-31,Nakasero,MAIZE,2100
fd-1278,2021-07-01,Mukono,maize,21200
fd-1279,2021-12-23,,beans,13800
fd-1280,2021-10-02,Mukono,Beans,9600
fd-1281,2022-06-07,,Maize,23000
fd-1282,2021-10-11,,fish,14900
fd-1283,2022-04-07,Kansanga,MAIZE,24400
fd-1284,2020-04-05,Kansanga,MAIZE,6200
fd-1285,2021-10-25,Nakasero,maize,6300
fd-1286,2020-05-26,Mukono,Cassava,21600
fd-1287,2022-01-14,Mukono,banana leaves,13000
fd-1287,2022-01-14,Mukono,banana leaves,13000
fd-1288,2021-10-21,Mukono,MAIZE,3200
fd-1289,2022-03-22,Mukono,Maize,11500
fd-1290,2022-02-16,,CASSAVA,10500
fd-1291,2021-12-09,Nakasero,fish,1900
fd-1292,2022-05-06,Kansanga,MAIZE,-4100
fd-1292,2022-05-06,Kansanga,MAIZE,-4100
fd-1293,2021-11-02,Nakasero,eggs,22900
fd-1294,2020-04-25,Kansanga,MAIZE,7800
fd-1295,2021-09-22,Nakasero,Maize,3200
fd-1296,2021-06-27,Nakasero,banana leaves,14400
fd-1297,2022-04-17,Nakasero,Beans,9300
fd-1298,2022-04-10,Mukono,maize,5300
fd-1299,2021-04-02,Kansanga,Maize,14500
fd-1300,2020-05-10,Bwaise,Cassava,16600
fd-1301,2022-03-23,Nakasero,MAIZE,21900
fd-1302,2021-07-05,,CASSAVA,8000
fd-1303,2021-08-14,Bwaise,Maize,500
fd-1304,2021-04-30,Bwaise,Maize,11900
fd-1305,2020-05-22,Nakasero,CASSAVA,18500
fd-1306,2022-04-27,Bwaise,maize,4300
fd-1307,2020-01-27,Kansanga,Beans,3900
fd-1308,2022-06-10,Bwaise,maize,5100
fd-1309,2022-04-13,Kansanga,MAIZE,15800
fd-1310,2020-11-02,Kansanga,Cassava,15000
fd-1311,2020-06-08,Mukono,maize,6100
fd-1311,2021-11-27,Kansanga,fish,8900
fd-1313,2021-03-09,Bwaise,beans,17500
fd-1314,2021-02-14,,maize,6500
fd-1315,2020-03-20,Kansanga,CASSAVA,21500
fd-1316,2021-01-15,Kansanga,eggs,3900
fd-1317,2020-01-29,Bwaise,beans,3900
fd-1317,2020-01-29,Bwaise,beans,3900
fd-1318,2020-11-12,Bwaise,fish,1500
fd-1319,2020-02-15,,CASSAVA,-3800
fd-1320,2022-02-08,Nakasero,Cassava,10800
fd-1321,2021-12-20,Mukono,Beans,24700
fd-1322,2020-01-25,,Cassava,1700
fd-1323,2022-06-25,Mukono,eggs,22800
fd-1324,2022-09-13,,fish,20400
fd-1325,2022-03-15,Bwaise,Beans,20900
fd-1326,2022-03-03,Kansanga,eggs,20500
fd-1327,2021-05-24,Mukono,maize,10600
fd-1328,2020-03-30,Kansanga,Maize,6000
fd-1329,2021-01-07,Nakasero,Maize,23700
fd-1330,2020-09-19,Kansanga,MAIZE,19100
fd-1331,2021-02-22,,MAIZE,17200
fd-1332,2021-11-29,Kansanga,fish,22800
fd-1332,2021-11-29,Kansanga,fish,22800
fd-1333,2022-03-20,Bwaise,fish,-1600
fd-1334,2022-05-24,Mukono,eggs,15600
fd-1335,2021-07-01,Kansanga,Maize,24400
fd-1336,2021-03-19,Bwaise,Cassava,10800
fd-1337,2022-01-29,Kansanga,Maize,1700
fd-1338,2020-08-06,Nakasero,banana leaves,-2600
fd-1339,2022-03-19,Kansanga,CASSAVA,7400
fd-1340,2020-10-03,Nakasero,MAIZE,2700
fd-1341,2021-04-07,Kansanga,fish,9000
fd-1342,2021-03-14,Nakasero,beans,11900
fd-1343,2022-03-13,Bwaise,Cassava,23200
fd-1344,2022-07-04,,eggs,22300
fd-1345,2022-04-23,Nakasero,maize,15500
fd-1346,2022-03-22,Kansanga,beans,600
fd-1347,2021-10-11,Kansanga,banana leaves,7600
fd-1348,2022-03-03,Bwaise,banana leaves,11900
fd-1349,2022-09-05,Mukono,Beans,1000
fd-1350,2020-05-07,Kansanga,CASSAVA,12000
fd-1351,2022-02-22,Nakasero,Maize,15500
fd-1352,2021-07-09,Kansanga,Cassava,22100
fd-1353,2021-09-27,Mukono,Maize,3900
fd-1353,2020-04-16,Kansanga,banana leaves,3700
fd-1355,2021-11-14,Nakasero,Cassava,15300
fd-1356,2022-08-31,Mukono,Beans,15700
fd-1357,2022-01-28,Kansanga,maize,7800
fd-1358,2020-11-10,Kansanga,eggs,-1300
fd-1358,2021-01-18,,banana leaves,6000
fd-1360,2022-09-23,Kansanga,eggs,13300
fd-1361,2020-05-11,Kansanga,MAIZE,10900
fd-1362,2022-03-31,Bwaise,fish,19400
fd-1363,2020-09-23,,MAIZE,7100
fd-1364,2026-19-40,,MAIZE,-2200
fd-1365,2020-01-26,Bwaise,CASSAVA,12200
fd-1366,2020-07-17,,eggs,12800
fd-1367,2022-08-15,Bwaise,maize,19400
fd-1368,2020-05-05,Mukono,MAIZE,6400
fd-1369,2022-05-08,Bwaise,Cassava,1200
fd-1370,2020-08-03,Kansanga,Cassava,21200
fd-1371,2020-01-11,Bwaise,banana leaves,1500
fd-1372,2021-09-20,,fish,-2900
fd-1373,2020-01-31,,maize,5400
fd-1374,2020-01-31,Nakasero,MAIZE,24300
fd-1375,2020-07-23,Mukono,Beans,21800
fd-1376,2021-06-08,Kansanga,eggs,6900
fd-1377,2021-02-06,Mukono,banana leaves,19700
fd-1378,2021-05-14,Kansanga,CASSAVA,24900
fd-1379,2021-01-27,Kansanga,eggs,12700
fd-1380,2022-06-29,Mukono,fish,13900
fd-1381,2022-09-15,,Beans,4200
fd-1382,2021-01-01,Bwaise,Maize,12600
fd-1383,2020-11-22,Mukono,Beans,19000
fd-1384,2021-01-29,Nakasero,banana leaves,7600
fd-1385,2022-06-23,Mukono,banana leaves,14300
fd-1386,2020-07-21,Bwaise,maize,16800
fd-1386,2020-07-21,Bwaise,maize,16800
fd-1387,2021-04-08,Bwaise,banana leaves,13000
fd-1388,2026-19-40,,maize,9800
fd-1389,2021-06-30,,maize,1000
fd-1389,2021-06-30,,maize,1000
fd-1390,2022-01-10,Nakasero,beans,11800
fd-1391,2021-09-19,Mukono,Cassava,15300
fd-1392,2022-05-13,Nakasero,banana leaves,7800
fd-1392,2022-05-13,Nakasero,banana leaves,7800
fd-1392,2020-11-26,Kansanga,eggs,6700
fd-1394,2021-07-04,Mukono,maize,1900
fd-1395,2020-12-03,,Cassava,6000
fd-1396,2020-11-22,Bwaise,banana leaves,14000
fd-1397,2020-09-03,,CASSAVA,9600
fd-1398,2020-09-27,Nakasero,Maize,8400
fd-1399,2020-03-20,Mukono,CASSAVA,900
fd-1400,2021-05-14,Mukono,Beans,19800
fd-1401,2022-08-25,Nakasero,CASSAVA,17000
fd-1402,2021-01-29,Kansanga,banana leaves,13600
fd-1403,2020-11-10,,Maize,4000
fd-1404,2020-07-10,Nakasero,maize,17800
fd-1405,2020-03-27,Nakasero,Cassava,13500
fd-1406,2020-10-06,Nakasero,Maize,-3500
fd-1407,2021-02-16,Bwaise,banana leaves,20400
fd-1408,2021-10-23,Bwaise,Maize,2200
fd-1409,2021-06-28,Mukono,beans,20800
fd-1410,2020-08-13,Nakasero,CASSAVA,7100
fd-1411,2022-01-21,Mukono,Maize,23400
fd-1412,2021-12-05,Bwaise,MAIZE,2700
fd-1413,2022-09-12,Mukono,CASSAVA,1100
fd-1414,2021-11-26,Mukono,banana leaves,16000
fd-1415,2020-04-22,Mukono,maize,10000
fd-1416,2020-05-30,Mukono,Maize,24600
fd-1417,2021-07-12,Nakasero,CASSAVA,15500
fd-1417,2021-07-12,Nakasero,CASSAVA,15500
fd-1418,2022-07-01,,banana leaves,9300
fd-1419,2023-16-47,Bwaise,MAIZE,1500
fd-1420,2021-01-03,Bwaise,Maize,12800
fd-1421,2021-11-26,,CASSAVA,17700
fd-1422,2020-12-05,Kansanga,banana leaves,9500
fd-1423,2020-12-17,,Maize,15400
fd-1424,2020-04-22,Mukono,CASSAVA,5300
fd-1425,2021-09-30,,MAIZE,9900
fd-1425,2021-09-30,,MAIZE,9900
fd-1426,2020-08-10,Nakasero,banana leaves,16500
fd-1427,2020-01-01,Mukono,beans,9700
fd-1428,2021-07-28,Bwaise,Maize,5100
fd-1429,2020-03-23,Nakasero,eggs,-1200
fd-1430,2021-03-08,Kansanga,Maize,10300
fd-1431,2022-06-15,Nakasero,banana leaves,7000
fd-1432,2020-11-08,Mukono,beans,21000
fd-1433,2022-05-03,Kansanga,Maize,14900
fd-1434,2021-01-01,Kansanga,Beans,14200
fd-1435,2020-01-28,Kansanga,Maize,20600
fd-1436,2021-01-17,Bwaise,banana leaves,19000
fd-1437,2020-05-08,Kansanga,maize,17400
fd-1438,2022-04-29,Mukono,Beans,10000
fd-1439,2020-05-04,,fish,2200
fd-1440,2022-09-17,Kansanga,MAIZE,22600
fd-1441,2022-01-06,Mukono,CASSAVA,7000
fd-1441,2020-05-03,,Maize,3800
fd-1443,2020-02-26,Mukono,beans,6500
fd-1444,2022-04-21,,CASSAVA,20700
fd-1445,2021-13-49,Bwaise,MAIZE,23400
fd-1446,2021-11-14,Mukono,banana leaves,22300
fd-1447,2021-04-20,Kansanga,Cassava,9700
fd-1448,2022-15-48,Mukono,banana leaves,12100
fd-1449,2020-10-10,Mukono,MAIZE,16900
fd-1450,2021-06-09,Mukono,MAIZE,12000
fd-1451,2022-05-29,Bwaise,beans,22000
fd-1452,2021-10-22,Kansanga,Cassava,20300
fd-1453,2022-03-05,,beans,11100
fd-1454,2022-04-29,Kansanga,Maize,-1600
fd-1455,2021-05-26,Kansanga,Beans,24500
fd-1456,2022-01-15,Kansanga,Cassava,2500
fd-1457,2020-03-15,Kansanga,Beans,1400
fd-1458,2021-01-21,Bwaise,banana leaves,6900
fd-1459,2020-07-25,Bwaise,Cassava,6800
fd-1460,2020-04-08,Bwaise,maize,600
fd-1461,2020-03-14,Nakasero,MAIZE,24300
fd-1462,2021-08-07,Kansanga,fish,20700
fd-1463,2021-03-25,Kansanga,Cassava,19100
fd-1464,2020-04-30,Kansanga,eggs,18200
fd-1465,2022-08-02,Nakasero,Cassava,2700
fd-1466,2021-07-01,,eggs,20500
fd-1467,2021-12-15,Mukono,banana leaves,9100
fd-1468,2020-07-24,Nakasero,maize,18400
fd-1469,2022-07-23,Mukono,eggs,18900
fd-1470,2020-02-06,Nakasero,Maize,20100
fd-1471,2021-05-05,Bwaise,beans,3900
fd-1471,2021-05-05,Bwaise,beans,3900
fd-1472,2021-03-17,Kansanga,beans,7900
fd-1472,2021-03-17,Kansanga,beans,7900
fd-1473,2022-04-10,Bwaise,fish,12900
fd-1474,2020-02-23,Kansanga,Cassava,14500
fd-1475,2020-04-30,,Beans,11700
fd-1476,2021-08-25,Mukono,eggs,18000
fd-1477,2025-18-37,Bwaise,maize,4600
fd-1478,2021-09-08,Bwaise,beans,13500
fd-1479,2020-09-13,,eggs,24500
fd-1480,2021-03-30,Nakasero,Beans,10000
fd-1481,2020-11-22,,fish,11800
fd-1482,2020-10-13,Mukono,eggs,17500
fd-1483,2021-01-16,Bwaise,maize,23300
fd-1484,2020-01-22,Kansanga,maize,19700
fd-1485,2020-10-12,,Cassava,13000
fd-1486,2020-07-07,Kansanga,fish,10400
fd-1486,2020-07-07,Kansanga,fish,10400
fd-1487,2022-07-20,,Beans,9100
fd-1488,2020-12-15,,Cassava,24300
fd-1489,2021-07-20,Kansanga,beans,18000
fd-1490,2021-06-15,Nakasero,MAIZE,15800
fd-1491,2020-01-16,Nakasero,beans,8600
fd-1492,2020-02-09,,beans,22100
fd-1493,2020-01-13,Mukono,beans,11000
fd-1494,2020-01-18,Kansanga,maize,12200
fd-1495,2020-02-29,,Maize,20400
fd-1496,2020-09-21,Nakasero,beans,4600
fd-1497,2021-11-02,Mukono,eggs,1700
fd-1498,2020-11-20,Mukono,fish,2400
fd-1499,2020-01-17,Nakasero,fish,20100
fd-1500,2020-04-25,,Maize,11100
fd-1501,2020-03-14,Kansanga,beans,11200
fd-1502,2022-07-07,Nakasero,CASSAVA,10100
fd-1503,2022-08-10,Bwaise,banana leaves,-2600
fd-1504,2022-01-29,,banana leaves,7500
fd-1505,2020-06-02,Kansanga,Maize,7800
fd-1506,2022-01-21,Kansanga,fish,17700
fd-1507,2021-06-16,Kansanga,Beans,19300
fd-1508,2022-02-25,Nakasero,eggs,4200
fd-1509,2021-02-23,Nakasero,Maize,17000
fd-1510,2020-08-23,Kansanga,Cassava,4600
fd-1511,2021-11-21,,MAIZE,9900
fd-1512,2021-06-01,Bwaise,banana leaves,6900
fd-1513,2020-14-50,Kansanga,beans,23800
fd-1514,2020-02-04,Kansanga,maize,2800
fd-1515,2022-07-14,Kansanga,Beans,23300
fd-1516,2022-07-07,Nakasero,banana leaves,4000
fd-1517,2020-12-29,Kansanga,Cassava,24700
fd-1518,2020-05-17,Bwaise,banana leaves,17100
fd-1519,2021-01-13,Kansanga,Cassava,6200
fd-1520,2020-04-09,Bwaise,beans,2000
fd-1521,2022-05-14,Kansanga,beans,10900
fd-1522,2022-08-25,Bwaise,Cassava,19300
fd-1523,2020-06-18,Mukono,beans,14800
fd-1524,2020-09-22,,Maize,22300
fd-1525,2021-06-04,Bwaise,maize,1800
fd-1526,2020-01-07,Kansanga,maize,9700
fd-1527,2021-06-17,Bwaise,CASSAVA,4000
fd-1528,2022-06-29,Kansanga,CASSAVA,4900
fd-1529,2020-12-28,Mukono,eggs,11200
fd-1530,2022-01-23,,Maize,10800
fd-1531,2021-12-23,,Beans,18700
fd-1532,2021-10-11,Mukono,eggs,12800
fd-1533,2021-04-26,Bwaise,CASSAVA,24500
fd-1534,2020-03-31,,eggs,-4800
fd-1535,2020-02-09,Kansanga,beans,21100
fd-1536,2021-11-03,Bwaise,beans,10000
fd-1537,2021-09-04,Nakasero,fish,3600
fd-1538,2022-02-21,Nakasero,Cassava,11100
fd-1539,2022-09-06,Nakasero,Maize,13500
fd-1540,2022-04-04,Kansanga,banana leaves,8100
fd-1540,2022-04-04,Kansanga,banana leaves,8100
fd-1541,2022-05-21,Kansanga,maize,11000
fd-1542,2021-03-28,Kansanga,Cassava,2200
fd-1543,2022-04-18,Mukono,beans,7700
fd-1544,2021-10-02,Mukono,banana leaves,4700
fd-1544,2022-04-01,Kansanga,Maize,11400
fd-1546,2021-11-01,Mukono,fish,18000
fd-1547,2022-05-30,Bwaise,beans,12700
fd-1548,2022-08-20,Mukono,maize,17700
fd-1549,2020-06-09,Nakasero,beans,-2500
fd-1550,2020-05-06,Kansanga,Cassava,24700
fd-1551,2021-05-31,Kansanga,maize,-1600
fd-1552,2021-08-25,Kansanga,eggs,10700
fd-1553,2020-11-05,Nakasero,CASSAVA,9100
fd-1554,2021-03-15,Mukono,eggs,18800
fd-1555,2021-06-02,Bwaise,Cassava,-3000
fd-1556,2022-01-01,Mukono,CASSAVA,1300
fd-1557,2021-07-30,Mukono,beans,21100
fd-1558,2022-06-04,Kansanga,banana leaves,5100
fd-1559,2022-05-09,,eggs,16600
fd-1560,2020-06-03,Mukono,Beans,20100
fd-1560,2022-02-12,,CASSAVA,10700
fd-1562,2021-05-09,,fish,24500
fd-1563,2021-01-19,Bwaise,maize,4400
fd-1564,2020-02-09,Kansanga,CASSAVA,17600
fd-1565,2021-02-12,Mukono,beans,10100
fd-1566,2020-11-26,,Beans,5900
fd-1567,2021-09-20,Nakasero,fish,15900
fd-1568,2022-01-07,Bwaise,MAIZE,16000
fd-1568,2022-01-07,Bwaise,MAIZE,16000
fd-1569,2020-03-09,Mukono,beans,7000
fd-1570,2020-03-03,,CASSAVA,2600
fd-1571,2021-10-05,Mukono,eggs,14400
fd-1572,2021-02-16,Nakasero,fish,22100
fd-1573,2020-08-09,Nakasero,MAIZE,3800
fd-1574,2021-01-27,Nakasero,banana leaves,19900
fd-1575,2021-09-22,Kansanga,eggs,8000
fd-1576,2020-05-30,Bwaise,MAIZE,500
fd-1577,2021-06-07,Kansanga,Cassava,11200
fd-1578,2021-02-06,Kansanga,Cassava,12100
fd-1579,2022-06-23,,eggs,21200
fd-1580,2021-07-27,Kansanga,CASSAVA,8700
fd-1581,2020-12-22,Bwaise,maize,15700
fd-1582,2021-09-23,,eggs,6300
fd-1583,2021-01-04,,eggs,-3800
fd-1584,2021-05-29,Mukono,banana leaves,21700
fd-1585,2021-12-13,Nakasero,beans,19200
fd-1586,2021-09-14,Kansanga,CASSAVA,21700
fd-1587,2020-01-30,,MAIZE,6200
fd-1588,2022-05-16,Mukono,maize,23700
fd-1588,2022-05-16,Mukono,maize,23700
fd-1589,2022-05-23,Bwaise,banana leaves,11400
fd-1590,2021-12-27,Bwaise,banana leaves,12500
fd-1591,2022-05-07,Mukono,Maize,16900
fd-1592,2020-02-15,Nakasero,banana leaves,17000
fd-1593,2022-08-21,Mukono,beans,11900
fd-1594,2020-03-29,,CASSAVA,3400
fd-1595,2021-10-03,Mukono,MAIZE,7600
fd-1596,2022-08-23,Bwaise,beans,21500
fd-1597,2022-01-25,Bwaise,beans,23600
fd-1598,2021-02-27,Bwaise,eggs,7000
fd-1599,2020-09-27,Mukono,CASSAVA,12400
fd-1600,2021-10-08,Bwaise,maize,19600
fd-1601,2021-12-20,Kansanga,Beans,22800
fd-1602,2021-05-30,,beans,7400
fd-1603,2020-04-28,,MAIZE,15800
fd-1604,2021-08-25,Mukono,Beans,21100
fd-1605,2021-05-01,Nakasero,Beans,3700
fd-1606,2021-07-13,Bwaise,maize,20700
fd-1607,2021-02-12,Kansanga,eggs,12700
fd-1608,2020-02-11,Bwaise,fish,14400
fd-1609,2020-01-30,Bwaise,fish,10300
fd-1610,2020-07-22,,MAIZE,11400
fd-1611,2022-03-22,Bwaise,Beans,5900
fd-1612,2020-06-25,Nakasero,beans,8200
fd-1613,2020-06-06,,Beans,-4400
fd-1614,2021-12-16,Bwaise,CASSAVA,15600
fd-1615,2020-05-11,Nakasero,MAIZE,11200
fd-1616,2021-03-10,,Cassava,11800
fd-1617,2020-08-15,,MAIZE,12500
fd-1618,2024-17-45,Kansanga,Maize,5000
fd-1619,2020-04-05,Nakasero,Cassava,14400
fd-1620,2021-05-07,Mukono,beans,14300
fd-1621,2020-04-18,Kansanga,Maize,24500
fd-1622,2020-01-13,Bwaise,Beans,17100
fd-1623,2022-09-09,Kansanga,Cassava,10400
fd-1624,2022-04-06,Kansanga,fish,16000
fd-1625,2020-04-24,Bwaise,Cassava,13000
fd-1626,2025-18-37,,beans,20600
fd-1627,2020-10-15,Mukono,Maize,15500
fd-1628,2020-09-15,Kansanga,Beans,1200
fd-1629,2020-01-18,Kansanga,Beans,1600
fd-1630,2022-01-26,Kansanga,eggs,18000
fd-1631,2021-03-17,Nakasero,Beans,23000
fd-1632,2022-08-12,,banana leaves,3000
fd-1633,2022-01-11,Mukono,Cassava,24200
fd-1634,2021-03-08,Kansanga,maize,24900
fd-1635,2022-05-06,Kansanga,Maize,19200
fd-1636,2022-05-24,Bwaise,maize,15900
fd-1637,2021-12-06,Bwaise,beans,1900
fd-1638,2020-10-06,Mukono,Cassava,14000
fd-1639,2022-03-20,Nakasero,Maize,1000
fd-1640,2022-01-15,,CASSAVA,21300
fd-1641,2021-07-25,Mukono,Beans,11800
fd-1642,2021-05-25,Bwaise,fish,22500
fd-1643,2021-08-08,Mukono,CASSAVA,11800
fd-1644,2020-11-07,Nakasero,Beans,15800
fd-1644,2020-11-07,Nakasero,Beans,15800
fd-1645,2020-12-26,,Cassava,1200
fd-1646,2020-08-28,Kansanga,fish,20300
fd-1647,2020-08-04,Mukono,banana leaves,5700
fd-1648,2021-07-17,Kansanga,Beans,14200
fd-1649,2021-10-07,Mukono,Beans,17900
fd-1650,2021-04-20,Nakasero,CASSAVA,6300
fd-1650,2022-02-20,Kansanga,MAIZE,3700
fd-1652,2021-02-24,Bwaise,maize,5000
fd-1653,2021-08-07,Kansanga,maize,8600
fd-1654,2022-09-01,Nakasero,maize,21900
fd-1655,2022-07-24,Bwaise,CASSAVA,8300
fd-1656,2020-11-26,Bwaise,beans,1500
fd-1657,2021-09-09,Kansanga,eggs,15600
fd-1658,2020-12-05,Bwaise,eggs,2700
fd-1658,2020-12-05,Bwaise,eggs,2700
fd-1659,2022-06-06,,CASSAVA,2800
fd-1660,2021-07-04,Mukono,banana leaves,18000
fd-1661,2020-03-02,Nakasero,Cassava,24200
fd-1662,2021-06-07,Kansanga,Cassava,3800
fd-1663,2022-02-10,Mukono,MAIZE,22000
fd-1664,2020-08-03,Nakasero,Maize,23200
fd-1664,2020-08-03,Nakasero,Maize,23200
fd-1665,2020-09-07,Nakasero,Beans,15000
fd-1666,2020-10-08,,maize,5300
fd-1667,2021-07-31,Nakasero,beans,23900
fd-1668,2021-03-26,Nakasero,MAIZE,23200
fd-1669,2020-09-20,Bwaise,maize,19600
fd-1670,2022-01-08,,fish,20700
fd-1671,2021-08-24,,Beans,12800
fd-1672,2021-06-21,Kansanga,MAIZE,12900
fd-1672,2021-06-21,Kansanga,MAIZE,12900
fd-1673,2020-11-12,Bwaise,eggs,20400
fd-1674,2020-12-31,Kansanga,CASSAVA,21400
fd-1675,2022-03-12,,eggs,12400
fd-1676,2020-12-03,,Maize,18000
fd-1677,2022-03-28,Mukono,CASSAVA,8600
fd-1678,2022-08-16,Bwaise,eggs,15400
fd-1679,2020-10-11,Mukono,eggs,2500
fd-1680,2020-07-31,Bwaise,eggs,19500
fd-1681,2020-02-22,Nakasero,Maize,4300
fd-1682,2021-08-26,Bwaise,banana leaves,19100
fd-1682,2021-08-26,Bwaise,banana leaves,19100
fd-1683,2022-01-07,Kansanga,eggs,21300
fd-1684,2026-19-40,Kansanga,banana leaves,21100
fd-1685,2022-09-01,Nakasero,beans,8600
fd-1686,2021-10-02,Kansanga,Maize,6400
fd-1687,2021-04-26,Kansanga,MAIZE,14600
fd-1688,2020-12-16,,MAIZE,4000
fd-1689,2020-11-23,,CASSAVA,10300
fd-1690,2020-11-27,Bwaise,eggs,6100
fd-1691,2022-09-06,,CASSAVA,14100
fd-1692,2021-04-28,Nakasero,Beans,11400
fd-1693,2020-11-11,Kansanga,banana leaves,14100
fd-1693,2020-11-11,Kansanga,banana leaves,14100
fd-1694,2021-02-22,Nakasero,MAIZE,9400
fd-1694,2021-02-22,Nakasero,MAIZE,9400
fd-1695,2022-01-03,Nakasero,beans,1200
fd-1696,2021-07-27,Bwaise,eggs,14900
fd-1697,2020-11-29,Kansanga,banana leaves,2000
fd-1698,2021-12-24,Kansanga,eggs,20300
fd-1699,2020-12-16,Nakasero,fish,9800
fd-1700,2020-11-28,Kansanga,MAIZE,19800
fd-1701,2020-09-08,Nakasero,banana leaves,22100
fd-1702,2020-01-23,Bwaise,Maize,23400
fd-1703,2022-07-15,Kansanga,eggs,15800
fd-1704,2022-09-21,Nakasero,beans,1200
fd-1705,2022-04-05,Kansanga,maize,2400
fd-1706,2023-16-47,Mukono,fish,11200
fd-1707,2021-10-11,Mukono,Maize,18700
fd-1708,2022-05-16,Mukono,banana leaves,20400
fd-1709,2021-12-01,Kansanga,beans,24700
fd-1710,2021-08-12,Nakasero,CASSAVA,23100
fd-1711,2021-02-15,,beans,-1700
fd-1711,2020-06-03,Nakasero,eggs,11200
fd-1713,2022-04-21,,Beans,23900
fd-1714,2020-07-30,Nakasero,MAIZE,17900
fd-1715,2021-07-07,Nakasero,Maize,10800
fd-1716,2020-06-16,Kansanga,beans,7600
fd-1717,2022-08-25,Kansanga,Maize,12700
fd-1717,2022-08-25,Kansanga,Maize,12700
fd-1718,2020-08-01,Kansanga,maize,13500
fd-1719,2020-05-07,Mukono,MAIZE,19400
fd-1720,2020-05-03,Kansanga,banana leaves,10800
fd-1721,2021-06-03,Nakasero,CASSAVA,4100
fd-1721,2021-03-06,Kansanga,Maize,10600
fd-1723,2020-11-03,Bwaise,Maize,13200
fd-1723,2022-01-17,Nakasero,maize,8600
fd-1724,2020-05-23,Kansanga,maize,7300
fd-1726,2021-02-28,Bwaise,Cassava,17400
fd-1727,2020-07-04,Nakasero,Maize,1400
fd-1728,2022-07-19,Nakasero,banana leaves,1300
fd-1729,2022-06-11,Bwaise,Cassava,-3500
fd-1730,2020-04-12,Mukono,Beans,3500
fd-1731,2021-04-20,Kansanga,fish,20200
fd-1731,2022-07-10,Nakasero,MAIZE,18100
fd-1733,2021-05-04,Kansanga,banana leaves,7600
fd-1734,2021-11-06,Mukono,Maize,9700
fd-1735,2020-07-08,Nakasero,Beans,15600
fd-1736,2022-06-23,Nakasero,MAIZE,12700
fd-1737,2020-02-05,Kansanga,maize,6400
fd-1737,2020-02-05,Kansanga,maize,6400
fd-1738,2020-08-31,Bwaise,Cassava,19200
fd-1739,2022-06-09,,Cassava,7500
fd-1740,2022-02-01,Nakasero,fish,11500
fd-1741,2022-06-11,Kansanga,fish,3600
fd-1742,2020-03-05,Nakasero,Cassava,18300
fd-1743,2020-04-23,Mukono,fish,4600
fd-1744,2022-08-20,Mukono,fish,17200
fd-1745,2020-01-18,Bwaise,Beans,5400
fd-1746,2021-06-29,Nakasero,fish,17800
fd-1747,2021-10-12,,eggs,23900
fd-1748,2022-05-28,Bwaise,beans,-1100
fd-1749,2022-09-22,Kansanga,CASSAVA,4900
fd-1750,2021-12-26,,beans,24500
fd-1751,2021-02-24,Bwaise,MAIZE,5700
fd-1752,2020-09-05,Kansanga,MAIZE,13300
fd-1753,2020-08-19,Nakasero,MAIZE,4500
fd-1754,2020-07-29,Kansanga,MAIZE,11200
fd-1754,2020-07-29,Kansanga,MAIZE,11200
fd-1755,2020-04-15,,CASSAVA,14800
fd-1756,2021-04-10,Bwaise,Maize,24000
fd-1757,2021-01-25,Nakasero,Maize,14400
fd-1758,2022-03-24,Kansanga,beans,3800
fd-1759,2022-06-04,Nakasero,eggs,22200
fd-1760,2020-02-28,Mukono,beans,24500
fd-1761,2021-03-05,Nakasero,Beans,3800
fd-1762,2020-08-14,,Cassava,3900
fd-1763,2021-09-13,,Cassava,22300
fd-1764,2022-03-23,Mukono,banana leaves,8300
fd-1765,2021-03-07,Kansanga,maize,14900
fd-1766,2022-08-20,Kansanga,Cassava,1300
fd-1767,2020-12-02,Mukono,beans,1400
fd-1768,2022-04-18,Nakasero,Beans,8600
fd-1769,2021-12-16,Nakasero,MAIZE,18400
fd-1770,2022-03-10,Bwaise,CASSAVA,11400
fd-1771,2022-09-16,Bwaise,Beans,3800
fd-1772,2021-09-28,Kansanga,MAIZE,7100
fd-1773,2022-04-05,Kansanga,Beans,6000
fd-1774,2022-07-19,,fish,18800
fd-1775,2020-07-22,Mukono,Maize,22200
fd-1776,2021-06-29,Nakasero,Cassava,13100
fd-1777,2022-06-27,Nakasero,banana leaves,3100
fd-1778,2020-09-08,,MAIZE,9400
fd-1778,2020-09-08,,MAIZE,9400
fd-1779,2020-08-12,Bwaise,eggs,7500
fd-1780,2022-05-28,,CASSAVA,14000
fd-1781,2020-07-09,,banana leaves,19300
fd-1782,2021-12-24,Nakasero,beans,12400
fd-1783,2020-12-31,Mukono,MAIZE,23500
fd-1784,2022-07-28,,CASSAVA,3900
fd-1785,2022-01-04,,eggs,19300
fd-1786,2021-08-28,Kansanga,Maize,6100
fd-1786,2021-08-28,Kansanga,Maize,6100
fd-1787,2022-07-06,Nakasero,CASSAVA,5300
fd-1787,2022-07-06,Nakasero,CASSAVA,5300
fd-1788,2020-10-09,,beans,24300
fd-1788,2020-10-09,,beans,24300
fd-1789,2022-02-21,Bwaise,Cassava,15300
fd-1790,2020-08-26,,fish,5200
fd-1791,2022-06-02,Mukono,banana leaves,12200
fd-1792,2020-03-06,,Cassava,24500
fd-1793,2020-07-02,Bwaise,maize,16700
fd-1794,2021-02-17,,Cassava,12900
fd-1795,2020-04-08,Nakasero,Beans,14600
fd-1796,2021-02-15,Bwaise,eggs,21700
fd-1797,2021-06-20,Nakasero,maize,2400
fd-1798,2020-06-21,Mukono,fish,-3700
fd-1799,2021-07-30,Nakasero,Maize,6600
fd-1800,2022-09-26,Nakasero,Maize,5500
fd-1801,2021-12-24,Bwaise,fish,15000
fd-1801,2021-12-24,Bwaise,fish,15000
fd-1802,2022-09-08,Mukono,beans,4000
fd-1803,2022-07-10,Mukono,CASSAVA,5500
fd-1804,2022-08-08,,Cassava,4300
fd-1805,2020-05-24,Bwaise,CASSAVA,13700
fd-1805,2020-05-24,Bwaise,CASSAVA,13700
fd-1806,2021-05-06,,Maize,3400
fd-1807,2021-08-11,,fish,18400
fd-1808,2022-02-20,Bwaise,beans,14400
fd-1809,2021-05-18,Mukono,Beans,20400
fd-1810,2020-10-21,Mukono,fish,6600
fd-1811,2022-07-10,,fish,10700
fd-1812,2020-11-06,Kansanga,eggs,18100
fd-1812,2020-11-06,Kansanga,eggs,18100
fd-1813,2022-01-26,,fish,17100
fd-1814,2020-04-11,Kansanga,MAIZE,23800
fd-1815,2021-08-07,,maize,-3500
fd-1816,2020-01-05,Bwaise,Beans,13200
fd-1817,2020-02-15,Bwaise,MAIZE,20800
fd-1818,2021-08-07,Nakasero,eggs,21900
fd-1819,2021-03-01,Kansanga,Cassava,6700
fd-1820,2021-10-03,Kansanga,maize,15200
fd-1821,2020-04-27,Mukono,MAIZE,16500
fd-1821,2020-04-27,Mukono,MAIZE,16500
fd-1822,2022-01-27,Nakasero,Cassava,9800
fd-1823,2020-05-02,Kansanga,eggs,18600
fd-1824,2020-02-06,Kansanga,CASSAVA,7900
fd-1824,2020-02-06,Kansanga,CASSAVA,7900
fd-1825,2021-12-11,Mukono,eggs,12600
fd-1826,2020-02-12,,eggs,24200
fd-1827,2020-12-15,Nakasero,MAIZE,7000
fd-1828,2022-08-27,Nakasero,fish,6500
fd-1829,2020-01-26,Kansanga,Maize,20200
fd-1830,2022-09-14,Nakasero,maize,2600
fd-1831,2020-06-22,Nakasero,Beans,-1400
fd-1832,2021-07-30,Mukono,Cassava,4400
fd-1833,2021-07-12,Mukono,maize,16100
fd-1834,2021-09-22,Kansanga,CASSAVA,8200
fd-1835,2021-10-13,Kansanga,CASSAVA,5500
fd-1836,2020-10-20,Bwaise,Cassava,5700
fd-1837,2020-05-27,Mukono,CASSAVA,18200
fd-1838,2021-10-03,Nakasero,eggs,14200
fd-1839,2022-09-02,Kansanga,CASSAVA,11100
fd-1840,2020-09-08,Bwaise,eggs,24300
fd-1841,2021-07-15,Kansanga,Beans,7400
fd-1842,2021-04-08,Nakasero,banana leaves,7000
fd-1843,2021-01-28,,Cassava,15000
fd-1843,2021-01-28,,Cassava,15000
fd-1844,2020-06-25,Nakasero,banana leaves,21500
fd-1845,2021-02-25,Nakasero,CASSAVA,24600
fd-1846,2022-08-13,,fish,1600
fd-1847,2020-01-09,Mukono,Beans,10700
fd-1848,2022-09-07,Bwaise,beans,12300
fd-1849,2021-04-02,Kansanga,Beans,9900
fd-1850,2022-06-20,Bwaise,MAIZE,17900
fd-1851,2021-10-05,Kansanga,beans,8600
fd-1852,2021-03-31,Mukono,maize,12900
fd-1853,2021-08-23,Nakasero,CASSAVA,6400
fd-1853,2021-11-18,,Beans,3200
fd-1855,2020-11-03,Kansanga,MAIZE,22400
fd-1856,2022-03-22,Mukono,Beans,16700
fd-1856,2022-03-22,Mukono,Beans,16700
fd-1857,2020-06-22,Nakasero,beans,9600
fd-1858,2022-15-48,Bwaise,maize,23400
fd-1859,2020-02-11,Nakasero,CASSAVA,11400
fd-1860,2021-10-01,Mukono,banana leaves,-3500
fd-1861,2021-12-12,Nakasero,Cassava,17200
fd-1862,2020-12-16,Bwaise,Beans,18600
fd-1863,2021-04-05,Mukono,Beans,4200
fd-1863,2021-04-05,Mukono,Beans,4200
fd-1864,2020-09-05,Mukono,MAIZE,5500
fd-1865,2020-03-18,Mukono,maize,11600
fd-1866,2021-10-03,Kansanga,Beans,3900
fd-1867,2022-07-29,Mukono,MAIZE,3500
fd-1867,2022-07-29,Mukono,MAIZE,3500
fd-1868,2020-02-21,Mukono,Cassava,17800
fd-1869,2021-05-22,,MAIZE,24400
fd-1870,2020-07-08,,maize,6900
fd-1871,2020-07-12,Mukono,Maize,11000
fd-1872,2022-05-06,,beans,17100
fd-1873,2020-12-19,Bwaise,fish,-1400
fd-1874,2020-03-07,Mukono,Maize,24500
fd-1874,2020-03-07,Mukono,Maize,24500
fd-1875,2021-11-21,Kansanga,maize,22600
fd-1876,2021-01-05,,Maize,24300
fd-1877,2021-05-06,Nakasero,CASSAVA,16500
fd-1878,2021-08-24,Bwaise,maize,13900
fd-1879,2022-05-16,Kansanga,CASSAVA,15700
fd-1880,2021-03-05,Mukono,MAIZE,12900
fd-1881,2020-01-15,Kansanga,MAIZE,6500
fd-1881,2020-10-04,Nakasero,eggs,-3400
fd-1883,2020-10-11,Bwaise,eggs,24200
fd-1884,2021-05-14,Mukono,Beans,2600
fd-1885,2020-05-24,Bwaise,fish,7500
fd-1885,2020-06-11,Nakasero,beans,14500
fd-1887,2020-12-15,Nakasero,MAIZE,16000
fd-1887,2020-12-15,Nakasero,MAIZE,16000
fd-1888,2020-08-02,Nakasero,eggs,10700
fd-1889,2020-10-14,,Beans,11300
fd-1890,2022-03-11,,eggs,20400
fd-1891,2021-04-26,Mukono,Beans,3600
fd-1892,2021-06-25,Kansanga,CASSAVA,24300
fd-1893,2022-03-21,Nakasero,MAIZE,2400
fd-1894,2022-15-48,,CASSAVA,9400
fd-1895,2022-06-23,,eggs,21600
fd-1896,2020-10-29,Mukono,eggs,17000
fd-1897,2022-04-18,Mukono,beans,5200
fd-1898,2021-03-07,Mukono,Beans,5300
fd-1899,2021-03-30,Nakasero,Maize,15400
fd-1900,2020-06-15,,MAIZE,1000
fd-1901,2021-01-12,Bwaise,Beans,12700
fd-1902,2021-02-09,Bwaise,Beans,1600
fd-1903,2020-02-10,,maize,23800
fd-1904,2020-06-04,Mukono,fish,23800
fd-1905,2020-12-12,Mukono,Cassava,2700
fd-1906,2021-10-19,Kansanga,MAIZE,3400
fd-1907,2022-07-22,Nakasero,eggs,21600
fd-1908,2021-12-15,Bwaise,CASSAVA,-4200
fd-1909,2020-05-20,,Beans,21200
fd-1909,2021-05-19,Mukono,Cassava,1800
fd-1911,2021-05-18,Mukono,Beans,19500
fd-1912,2021-02-10,Bwaise,MAIZE,21000
fd-1913,2021-06-07,Kansanga,MAIZE,20400
fd-1914,2021-02-06,Mukono,beans,15000
fd-1915,2021-02-19,Bwaise,MAIZE,13100
fd-1916,2020-07-23,,beans,22500
fd-1917,2021-04-19,Mukono,eggs,8700
fd-1918,2026-19-40,Bwaise,Beans,24000
fd-1919,2021-09-08,Bwaise,CASSAVA,20000
fd-1920,2020-09-11,Mukono,banana leaves,500
fd-1921,2022-08-27,Nakasero,maize,12900
fd-1922,2021-01-11,Bwaise,eggs,24800
fd-1923,2020-01-23,Nakasero,maize,10300
fd-1924,2022-03-30,Bwaise,Maize,24800
fd-1925,2022-08-12,Kansanga,MAIZE,-4700
fd-1926,2021-12-12,,beans,23500
fd-1927,2020-08-08,Mukono,Cassava,1400
fd-1927,2020-08-08,Mukono,Cassava,1400
fd-1928,2020-06-28,Mukono,banana leaves,22000
fd-1928,2020-06-28,Mukono,banana leaves,22000
fd-1929,2020-10-15,Kansanga,eggs,1200
fd-1930,2021-12-07,Kansanga,maize,1900
fd-1931,2022-09-01,Kansanga,eggs,24800
fd-1931,2022-09-01,Kansanga,eggs,24800
fd-1932,2021-04-12,Kansanga,fish,22000
fd-1933,2020-11-24,Nakasero,Cassava,13600
fd-1934,2020-05-31,Kansanga,fish,14600
fd-1935,2022-08-04,Nakasero,CASSAVA,18100
fd-1936,2021-06-02,Bwaise,banana leaves,21200
fd-1937,2020-05-22,Bwaise,Cassava,14200
fd-1938,2021-06-16,Mukono,banana leaves,-1200
fd-1939,2021-12-01,Nakasero,CASSAVA,24400
fd-1940,2021-06-19,Kansanga,eggs,13800
fd-1941,2021-10-21,Kansanga,MAIZE,6600
fd-1942,2022-03-30,Mukono,CASSAVA,2800
fd-1943,2020-11-06,Bwaise,fish,6700
fd-1943,2020-11-06,Bwaise,fish,6700
fd-1944,2020-07-09,Mukono,Maize,4300
fd-1945,2021-12-15,,beans,12700
fd-1946,2021-05-04,,banana leaves,-3000
fd-1947,2020-09-18,Kansanga,Cassava,3700
fd-1948,2022-08-29,Kansanga,maize,16400
fd-1949,2020-04-04,Mukono,eggs,23900
fd-1950,2020-12-11,Bwaise,banana leaves,1600
fd-1951,2021-04-07,Bwaise,banana leaves,800
fd-1952,2020-01-29,,CASSAVA,6400
fd-1953,2022-08-05,,maize,4300
fd-1954,2020-10-27,Bwaise,maize,11300
fd-1955,2020-03-19,Bwaise,CASSAVA,600
fd-1956,2020-06-29,Kansanga,maize,7800
fd-1957,2020-08-22,Kansanga,Maize,5000
fd-1958,2020-01-25,Kansanga,CASSAVA,23400
fd-1959,2021-01-12,,Maize,1500
fd-1960,2020-03-07,Mukono,beans,22200
fd-1961,2022-07-17,Bwaise,Maize,-4700
fd-1962,2021-07-13,Nakasero,fish,2600
fd-1963,2020-04-28,,maize,5300
fd-1964,2021-01-15,Mukono,fish,4100
fd-1965,2020-11-06,Bwaise,Beans,16200
fd-1966,2021-05-05,Bwaise,Maize,18600
fd-1967,2020-05-29,Bwaise,fish,2700
fd-1968,2020-06-17,Bwaise,Cassava,12300
fd-1969,2022-02-09,Kansanga,maize,13400
fd-1969,2022-02-09,Kansanga,maize,13400
fd-1970,2021-02-04,Kansanga,banana leaves,7800
fd-1971,2022-03-20,,Cassava,21300
fd-1972,2022-03-02,Mukono,Cassava,14100
fd-1972,2022-03-02,Mukono,Cassava,14100
fd-1973,2020-05-29,Mukono,Beans,9700
fd-1974,2020-11-06,,banana leaves,10500
fd-1975,2022-02-14,,fish,20300
fd-1976,2020-12-11,Mukono,CASSAVA,17900
fd-1977,2020-10-01,Nakasero,beans,7900
fd-1978,2021-08-02,Bwaise,Beans,6700
fd-1979,2020-09-27,,Cassava,6600
fd-1980,2022-02-27,Nakasero,eggs,12300
fd-1981,2021-04-18,,fish,24200
fd-1982,2021-09-04,Nakasero,MAIZE,16700
fd-1983,2022-08-12,,CASSAVA,5200
fd-1984,2021-01-20,,Cassava,-4300
fd-1985,2022-08-15,,banana leaves,17200
fd-1986,2021-03-13,Kansanga,banana leaves,14800
fd-1987,2021-01-05,Mukono,maize,9500
fd-1988,2020-04-08,Kansanga,eggs,-2300
fd-1988,2021-10-01,Nakasero,beans,8000
fd-1990,2022-08-08,,Beans,5400
fd-1990,2022-08-08,,Beans,5400
fd-1991,2020-06-24,Kansanga,eggs,1000
fd-1992,2022-09-24,Nakasero,CASSAVA,8500
fd-1993,2020-06-18,Bwaise,eggs,600
fd-1994,2021-09-06,Kansanga,CASSAVA,3700
fd-1995,2020-06-02,Kansanga,banana leaves,1200
fd-1996,2021-05-18,Kansanga,fish,1100
fd-1997,2021-09-13,Bwaise,Beans,3000
fd-1998,2022-03-17,Kansanga,eggs,12000
fd-1999,2020-08-24,Kansanga,banana leaves,1200
fd-2000,2020-03-07,Kansanga,maize,11800
fd-2001,2021-04-01,Kansanga,Maize,11900
fd-2002,2021-05-05,Bwaise,MAIZE,19600
fd-2003,2022-05-16,Mukono,Cassava,7900
fd-2004,2021-12-13,,maize,17700
fd-2005,2022-05-29,Kansanga,beans,6500
fd-2006,2020-08-25,Mukono,banana leaves,21900
fd-2007,2022-01-28,Bwaise,beans,14300
fd-2008,2020-07-19,,Maize,3800
fd-2009,2022-03-08,Kansanga,fish,24100
fd-2010,2022-03-16,Mukono,Beans,9400
fd-2011,2020-02-28,Kansanga,MAIZE,15800
fd-2012,2022-05-04,Nakasero,banana leaves,15600
fd-2013,2020-09-11,Bwaise,banana leaves,2600
fd-2014,2021-06-25,Kansanga,Cassava,24200
fd-2015,2022-08-23,,Beans,19400
fd-2016,2021-06-20,Kansanga,MAIZE,16800
fd-2017,2021-01-11,Nakasero,Maize,14000
fd-2018,2023-16-47,Bwaise,maize,21400
fd-2019,2022-02-15,Bwaise,beans,5100
fd-2019,2022-02-15,Bwaise,beans,5100
fd-2020,2021-05-13,Kansanga,CASSAVA,12600
fd-2021,2020-02-22,Bwaise,MAIZE,3800
fd-2022,2021-01-30,Kansanga,Maize,12100
fd-2023,2022-06-08,Kansanga,Maize,6800
fd-2024,2020-14-50,Bwaise,fish,1300
fd-2025,2021-04-04,Kansanga,Beans,15500
fd-2026,2022-03-31,,banana leaves,14800
fd-2027,2021-11-13,,banana leaves,5500
fd-2028,2021-03-26,Nakasero,MAIZE,6900
fd-2029,2020-02-12,Mukono,beans,-4500
fd-2030,2022-04-25,Bwaise,Cassava,8800
fd-2031,2020-06-16,Mukono,beans,2600
fd-2032,2021-11-19,Kansanga,Maize,15500
fd-2033,2021-01-16,Kansanga,beans,18400
fd-2034,2021-11-11,Nakasero,fish,22800
fd-2035,2022-04-05,,eggs,1200
fd-2036,2020-11-03,Kansanga,Cassava,19800
fd-2037,2020-05-31,,eggs,7600
fd-2038,2022-08-06,Mukono,fish,14000
fd-2039,2020-03-24,Bwaise,MAIZE,22200
fd-2039,2020-03-24,Bwaise,MAIZE,22200
fd-2040,2021-03-22,Kansanga,Cassava,16000
fd-2041,2020-11-11,Bwaise,CASSAVA,16600
fd-2042,2021-03-16,Bwaise,beans,5900
fd-2043,2022-05-23,Mukono,Maize,24600
fd-2043,2022-05-23,Mukono,Maize,24600
fd-2044,2020-04-04,Bwaise,maize,-4300
fd-2044,2020-04-04,Bwaise,maize,-4300
fd-2045,2021-11-26,Nakasero,banana leaves,5900
fd-2046,2021-08-19,Mukono,maize,6700
fd-2047,2021-05-17,Mukono,beans,20600
fd-2048,2020-05-21,Mukono,CASSAVA,9000
fd-2049,2021-05-23,,eggs,1500
fd-2050,2021-04-29,Kansanga,Beans,10500
fd-2051,2022-04-06,Bwaise,beans,7300
fd-2052,2020-03-22,Mukono,banana leaves,5300
fd-2053,2020-03-16,Nakasero,Beans,19400
fd-2054,2022-08-10,,banana leaves,23700
fd-2055,2020-06-09,Kansanga,eggs,2100
fd-2055,2020-06-09,Kansanga,eggs,2100
fd-2056,2020-07-10,Kansanga,CASSAVA,13500
fd-2057,2022-04-15,Nakasero,Cassava,19000
fd-2058,2020-06-17,Nakasero,Cassava,11400
fd-2059,2021-09-10,Kansanga,beans,24100
fd-2060,2022-15-48,Nakasero,banana leaves,500
fd-2061,2020-07-25,Bwaise,MAIZE,22000
fd-2062,2021-02-04,,banana leaves,20500
fd-2063,2020-02-10,Kansanga,banana leaves,18100
fd-2064,2020-01-19,Kansanga,banana leaves,2500
fd-2065,2022-07-25,,banana leaves,10800
fd-2066,2022-07-01,Mukono,eggs,19400
fd-2067,2020-02-11,Bwaise,CASSAVA,500
fd-2068,2020-10-07,,fish,1000
fd-2069,2021-10-17,Nakasero,banana leaves,16700
fd-2070,2020-10-21,Mukono,eggs,13200
fd-2071,2020-07-24,Mukono,Cassava,21600
fd-2072,2022-08-11,Nakasero,MAIZE,22500
fd-2073,2022-01-16,Bwaise,Beans,9900
fd-2074,2020-03-11,Mukono,MAIZE,600
fd-2075,2022-02-15,Nakasero,MAIZE,15200
fd-2076,2021-07-01,Kansanga,fish,22300
fd-2077,2020-04-04,Nakasero,MAIZE,6700
fd-2078,2024-17-45,Mukono,Maize,11700
fd-2079,2021-05-05,Nakasero,maize,13200
fd-2080,2022-03-05,Kansanga,eggs,20800
fd-2081,2020-03-09,Bwaise,CASSAVA,15500
fd-2082,2020-02-12,Mukono,CASSAVA,19200
fd-2083,2021-10-26,Nakasero,Cassava,700
fd-2084,2022-05-13,Mukono,banana leaves,4300
fd-2085,2021-07-18,Nakasero,Maize,1500
fd-2086,2021-07-03,Kansanga,beans,-4600
fd-2086,2021-07-03,Kansanga,beans,-4600
fd-2087,2020-05-20,Nakasero,Cassava,9600
fd-2088,2021-06-27,Nakasero,Maize,24700
fd-2089,2020-12-01,Bwaise,Maize,17700
fd-2090,2020-04-07,Nakasero,Beans,4500
fd-2091,2020-08-25,Mukono,beans,18500
fd-2092,2021-12-30,,banana leaves,18300
fd-2093,2022-07-05,Kansanga,maize,14200
fd-2094,2020-05-20,Mukono,Maize,19700
fd-2094,2020-05-20,Mukono,Maize,19700
fd-2095,2022-04-08,Nakasero,Cassava,9100
fd-2096,2020-09-10,Mukono,Beans,21700
fd-2097,2022-04-11,Mukono,CASSAVA,23700
fd-2098,2021-11-29,,eggs,600
fd-2099,2022-01-17,Bwaise,CASSAVA,2400
fd-2100,2022-04-24,,beans,13700
fd-2101,2020-10-02,Bwaise,banana leaves,4500
fd-2102,2020-01-02,Mukono,Cassava,24900
fd-2103,2021-10-18,,Maize,8600
fd-2104,2022-02-01,Mukono,Maize,4800
fd-2105,2020-01-03,Bwaise,Maize,900
fd-2106,2020-05-30,Mukono,Beans,13900
fd-2107,2021-11-10,Bwaise,MAIZE,12000
fd-2108,2020-09-05,Kansanga,CASSAVA,14800
fd-2108,2020-09-05,Kansanga,CASSAVA,14800
fd-2108,2020-03-03,Mukono,CASSAVA,7100
fd-2110,2020-10-13,Bwaise,Cassava,16000
fd-2111,2020-12-22,Nakasero,eggs,23000
fd-2112,2020-10-03,Bwaise,CASSAVA,4800
fd-2112,2020-10-03,Bwaise,CASSAVA,4800
fd-2113,2020-08-12,,fish,5200
fd-2114,2021-12-07,Mukono,beans,17400
fd-2115,2024-17-45,Mukono,eggs,8700
fd-2116,2021-07-23,,banana leaves,17800
fd-2117,2020-01-04,Bwaise,maize,23000
fd-2118,2021-05-07,Bwaise,MAIZE,10500
fd-2119,2020-10-05,,eggs,22400
fd-2120,2020-04-08,Kansanga,CASSAVA,8500
fd-2121,2022-02-16,Bwaise,fish,7900
fd-2122,2020-04-15,,MAIZE,1900
fd-2123,2020-03-15,Mukono,fish,4900
fd-2124,2020-02-07,Nakasero,maize,13900
fd-2125,2021-04-05,Bwaise,Maize,8200
fd-2126,2021-09-04,,eggs,-2200
fd-2127,2022-01-16,Mukono,CASSAVA,7500
fd-2128,2021-05-30,,eggs,9500
fd-2128,2021-05-30,,eggs,9500
fd-2129,2022-02-10,Kansanga,fish,1300
fd-2130,2021-11-14,Nakasero,eggs,5600
fd-2131,2022-04-27,Bwaise,eggs,15600
fd-2131,2022-04-27,Bwaise,eggs,15600
fd-2132,2020-02-02,Mukono,eggs,10300
fd-2133,2022-05-03,Bwaise,CASSAVA,6100
fd-2134,2022-07-03,Kansanga,Maize,5600
fd-2135,2020-08-22,Bwaise,beans,23800
fd-2136,2022-08-12,,banana leaves,15300
fd-2137,2021-08-03,Bwaise,CASSAVA,20500
fd-2138,2021-09-12,Bwaise,maize,10100
fd-2139,2022-06-14,,Maize,4600
fd-2140,2022-08-30,Mukono,fish,21700
fd-2141,2021-06-14,Bwaise,fish,4600
fd-2142,2021-07-10,Mukono,eggs,3200
fd-2143,2020-12-06,,MAIZE,1900
fd-2144,2022-04-02,Bwaise,Maize,20900
fd-2145,2020-03-23,Nakasero,CASSAVA,9500
fd-2146,2020-01-12,Mukono,maize,24100
fd-2146,2020-01-12,Mukono,maize,24100
fd-2147,2022-04-07,,Maize,6700
fd-2148,2022-07-04,,Beans,21100
fd-2149,2020-12-27,Nakasero,Cassava,17000
fd-2150,2020-03-28,,MAIZE,19300
fd-2151,2022-02-25,Mukono,MAIZE,9900
fd-2152,2021-04-25,Mukono,fish,1300
fd-2152,2021-04-25,Mukono,fish,1300
fd-2153,2022-06-26,Bwaise,Cassava,11600
fd-2154,2020-06-02,Kansanga,Cassava,8200
fd-2155,2020-11-25,Nakasero,maize,6000
fd-2156,2022-01-01,Mukono,CASSAVA,7300
fd-2157,2021-04-16,,Beans,1000
fd-2158,2022-05-26,,MAIZE,2400
fd-2159,2021-02-05,Nakasero,fish,18700
fd-2160,2022-01-20,Nakasero,MAIZE,16000
fd-2161,2021-01-22,Bwaise,fish,13500
fd-2162,2021-12-14,Kansanga,banana leaves,24200
fd-2163,2022-01-18,Nakasero,Cassava,1100
fd-2164,2021-01-12,,Cassava,10600
fd-2165,2020-02-11,Kansanga,beans,21100
fd-2166,2022-02-14,Nakasero,maize,8000
fd-2167,2020-07-10,Nakasero,eggs,24300
fd-2167,2020-07-10,Nakasero,eggs,24300
fd-2168,2021-02-25,Nakasero,beans,17800
fd-2169,2022-01-18,Mukono,Beans,23300
fd-2170,2020-12-05,Bwaise,CASSAVA,23300
fd-2170,2020-12-05,Bwaise,CASSAVA,23300
fd-2171,2021-12-04,Mukono,beans,7500
fd-2172,2022-04-28,,beans,23700
fd-2173,2022-04-05,Mukono,Maize,20100
fd-2174,2020-05-06,,maize,7000
fd-2175,2021-05-19,Bwaise,MAIZE,11000
fd-2176,2020-02-05,Mukono,Maize,20500
fd-2177,2021-02-02,Mukono,CASSAVA,13800
fd-2178,2020-01-09,Mukono,MAIZE,1300
fd-2179,2022-03-08,Kansanga,Maize,20000
fd-2179,2020-12-07,Kansanga,CASSAVA,9700
fd-2181,2022-07-18,Kansanga,maize,22700
fd-2182,2020-05-17,Mukono,Maize,2800
fd-2183,2021-08-11,Nakasero,Maize,7900
fd-2184,2020-01-28,,MAIZE,13800
fd-2185,2020-08-08,,banana leaves,2900
fd-2186,2020-03-19,Mukono,beans,23200
fd-2187,2021-07-02,Kansanga,maize,21100
fd-2187,2021-07-02,Kansanga,maize,21100
fd-2188,2022-08-16,Kansanga,Cassava,24800
fd-2188,2022-08-16,Kansanga,Cassava,24800
fd-2189,2020-05-11,Kansanga,maize,6800
fd-2190,2021-01-04,Kansanga,Cassava,3300
fd-2191,2021-12-02,Kansanga,Maize,24900
fd-2192,2020-09-17,Nakasero,Beans,14500
fd-2193,2021-05-12,Kansanga,Cassava,21600
fd-2194,2022-05-01,Nakasero,beans,1800
fd-2195,2022-03-23,,CASSAVA,11700
fd-2196,2021-07-17,,MAIZE,7400
fd-2197,2020-02-24,Mukono,Beans,23200
fd-2197,2020-02-24,Mukono,Beans,23200
fd-2198,2021-08-01,,Maize,9800
fd-2199,2021-04-08,Nakasero,banana leaves,13700
fd-2200,2021-10-02,Kansanga,banana leaves,12800
fd-2201,2021-10-19,,banana leaves,22600
fd-2202,2022-06-29,,beans,12400
fd-2203,2020-05-30,Nakasero,banana leaves,1100
fd-2204,2022-03-22,Bwaise,MAIZE,4000
fd-2205,2020-10-28,Bwaise,Cassava,18800
fd-2206,2020-01-24,,CASSAVA,21400
fd-2207,2020-02-01,Kansanga,MAIZE,10600
fd-2208,2021-09-13,Bwaise,Beans,20200
fd-2209,2021-06-16,Bwaise,fish,9800
fd-2210,2022-06-27,Mukono,MAIZE,19000
fd-2211,2022-05-19,Bwaise,Cassava,12200
fd-2212,2020-04-05,,Cassava,11700
fd-2213,2020-01-16,,CASSAVA,3700
fd-2214,2020-07-13,,Beans,4400
fd-2215,2021-07-08,Bwaise,eggs,10600
fd-2216,2022-05-25,Mukono,MAIZE,7800
fd-2216,2022-05-25,Mukono,MAIZE,7800
fd-2217,2021-09-06,Kansanga,Cassava,2300
fd-2218,2020-07-25,Mukono,Maize,20500
fd-2219,2020-02-19,Mukono,Cassava,20500
fd-2220,2020-03-15,Nakasero,maize,6300
fd-2221,2022-08-30,Kansanga,Cassava,2100
fd-2222,2020-01-18,Kansanga,CASSAVA,9700
fd-2223,2022-06-25,Bwaise,Cassava,13900
fd-2224,2021-07-22,Mukono,CASSAVA,16000
fd-2225,2021-08-01,,Maize,9100
fd-2225,2021-08-01,,Maize,9100
fd-2226,2020-09-26,Mukono,eggs,15300
fd-2227,2020-11-17,Nakasero,MAIZE,13600
fd-2228,2020-01-11,Bwaise,MAIZE,3000
fd-2228,2022-02-07,Kansanga,eggs,22400
fd-2230,2022-09-26,Nakasero,Cassava,7600
fd-2231,2020-11-10,Nakasero,banana leaves,-1100
fd-2232,2022-06-03,Kansanga,beans,3500
fd-2233,2021-04-07,Bwaise,beans,13500
fd-2234,2021-04-19,Kansanga,fish,6600
fd-2235,2022-06-18,Kansanga,banana leaves,6400
fd-2236,2022-09-24,Kansanga,MAIZE,11600
fd-2237,2021-09-13,Kansanga,eggs,8000
fd-2238,2022-05-18,,MAIZE,10900
fd-2239,2021-04-05,Mukono,CASSAVA,19700
fd-2240,2022-08-07,Mukono,CASSAVA,2500
fd-2241,2021-02-18,,MAIZE,1000
fd-2241,2020-03-27,Bwaise,MAIZE,11900
fd-2243,2021-11-26,Nakasero,maize,18100
fd-2244,2021-02-18,,MAIZE,17600
fd-2245,2021-08-07,Bwaise,Beans,15400
fd-2246,2021-07-01,Nakasero,eggs,20400
fd-2247,2022-09-02,Bwaise,MAIZE,1700
fd-2248,2021-12-09,Bwaise,fish,24000
fd-2249,2020-10-25,Bwaise,beans,11500
fd-2250,2020-03-08,Mukono,beans,21000
fd-2251,2022-07-23,Mukono,CASSAVA,6300
fd-2252,2021-05-04,Bwaise,fish,22000
fd-2253,2021-01-24,Mukono,banana leaves,21000
fd-2254,2021-05-19,Kansanga,fish,20900
fd-2255,2022-05-15,Bwaise,MAIZE,19400
fd-2256,2021-10-20,,Beans,500
fd-2257,2020-08-31,Nakasero,maize,1400
fd-2258,2021-02-03,Kansanga,banana leaves,15400
fd-2259,2020-10-13,,MAIZE,11700
fd-2260,2021-06-20,Kansanga,CASSAVA,6900
fd-2261,2020-07-09,Bwaise,MAIZE,24700
fd-2262,2022-06-06,Bwaise,eggs,19200
fd-2263,2020-03-22,Nakasero,MAIZE,11500
fd-2264,2022-08-25,Nakasero,Cassava,19300
fd-2265,2021-12-12,Bwaise,Beans,22900
fd-2266,2021-05-31,Mukono,fish,12500
fd-2267,2020-09-26,Kansanga,fish,20400
fd-2268,2022-04-24,Nakasero,eggs,-3800
fd-2269,2021-06-08,,Maize,4200
fd-2270,2020-07-22,,Beans,9300
fd-2271,2021-02-07,Nakasero,Maize,15300
fd-2272,2020-08-09,Bwaise,Beans,7500
fd-2273,2021-06-21,Mukono,eggs,15100
fd-2274,2020-09-29,Bwaise,Maize,3300
fd-2274,2020-09-29,Bwaise,Maize,3300
fd-2275,2021-09-22,,Maize,17600
fd-2276,2020-05-14,Kansanga,maize,4700
fd-2277,2022-02-24,Nakasero,Cassava,4900
fd-2278,2022-03-05,Kansanga,Cassava,11100
fd-2279,2022-02-11,Kansanga,fish,10200
fd-2280,2021-06-06,Nakasero,beans,11600
fd-2281,2022-06-06,Nakasero,banana leaves,16900
fd-2282,2022-09-17,Mukono,Cassava,1300
fd-2283,2020-02-13,Bwaise,beans,8000
fd-2284,2020-08-30,Bwaise,Maize,10800
fd-2284,2020-08-30,Bwaise,Maize,10800
fd-2284,2020-02-04,,eggs,14400
fd-2286,2020-11-06,Nakasero,fish,13000
fd-2287,2020-05-27,Kansanga,eggs,21300
fd-2288,2021-02-27,Bwaise,maize,17300
fd-2289,2020-10-21,Bwaise,Maize,6100
fd-2290,2020-05-16,Bwaise,Maize,20300
fd-2291,2022-15-48,,Maize,24600
fd-2291,2022-15-48,,Maize,24600
fd-2292,2020-09-25,Kansanga,MAIZE,18600
fd-2293,2021-04-27,Kansanga,fish,22200
fd-2294,2021-05-06,Kansanga,Beans,12400
fd-2295,2020-06-07,,maize,20700
fd-2296,2022-01-29,Kansanga,Cassava,18600
fd-2297,2022-06-08,Bwaise,CASSAVA,21600
fd-2298,2020-07-22,Kansanga,eggs,21900
fd-2299,2020-01-30,Nakasero,MAIZE,19300
fd-2300,2021-02-25,Bwaise,Maize,11200
fd-2301,2020-08-29,,fish,5900
fd-2302,2022-03-19,,fish,18700
fd-2303,2022-01-12,Kansanga,CASSAVA,13300
fd-2304,2020-09-24,Nakasero,banana leaves,16800
fd-2305,2021-04-02,,banana leaves,6600
fd-2306,2020-12-05,Bwaise,banana leaves,17700
fd-2307,2021-12-25,Nakasero,MAIZE,18700
fd-2308,2020-01-29,Mukono,MAIZE,13500
fd-2309,2020-07-11,Bwaise,maize,9100
fd-2310,2021-12-03,Kansanga,fish,19100
fd-2311,2022-01-09,Nakasero,fish,8200
fd-2312,2022-05-07,Mukono,eggs,-3800
fd-2313,2021-08-09,,Beans,2600
fd-2314,2022-06-11,,Maize,-4400
fd-2315,2022-08-22,,Beans,3500
fd-2316,2022-01-22,,eggs,6900
fd-2317,2020-03-25,Bwaise,banana leaves,20400
fd-2318,2020-06-03,Bwaise,Maize,4300
fd-2319,2021-02-23,Kansanga,MAIZE,20300
fd-2320,2021-01-26,Kansanga,Maize,6400
fd-2320,2021-01-26,Kansanga,Maize,6400
fd-2321,2020-05-19,Nakasero,fish,8600
fd-2322,2020-02-07,Nakasero,banana leaves,12900
fd-2323,2021-04-11,Nakasero,fish,9700
fd-2324,2024-17-45,Kansanga,fish,11500
fd-2325,2020-05-17,Bwaise,banana leaves,4700
fd-2325,2020-05-17,Bwaise,banana leaves,4700
fd-2326,2022-05-17,Nakasero,Beans,2600
fd-2327,2021-13-49,,banana leaves,23200
fd-2328,2020-08-22,Kansanga,Maize,6700
fd-2329,2021-01-10,Kansanga,beans,4700
fd-2330,2022-06-28,Bwaise,maize,16200
fd-2331,2020-06-14,Kansanga,eggs,9600
fd-2331,2020-06-14,Kansanga,eggs,9600
fd-2332,2022-01-06,Mukono,Cassava,19800
fd-2332,2022-01-06,Mukono,Cassava,19800
fd-2333,2020-10-15,,Maize,9000
fd-2334,2021-10-08,Mukono,eggs,9800
fd-2334,2021-10-08,Mukono,eggs,9800
fd-2335,2022-15-48,Kansanga,CASSAVA,21400
fd-2336,2021-09-29,Mukono,Beans,22600
fd-2337,2022-05-13,Bwaise,eggs,3900
fd-2338,2020-01-03,Mukono,maize,4300
fd-2339,2020-01-28,Kansanga,fish,15200
fd-2340,2020-06-14,Kansanga,fish,-5000
fd-2341,2021-04-03,Mukono,MAIZE,24000
fd-2342,2020-03-27,Bwaise,fish,-3200
fd-2343,2020-12-06,Mukono,maize,9900
fd-2344,2020-11-03,Bwaise,Cassava,23500
fd-2344,2020-12-23,,fish,15100
fd-2346,2020-01-31,Bwaise,Maize,11400
fd-2347,2020-07-24,,Cassava,14900
fd-2348,2021-03-23,Bwaise,Maize,2500
fd-2349,2021-05-01,Mukono,maize,9200
fd-2350,2020-12-04,,maize,4300
fd-2350,2020-12-04,,maize,4300
fd-2351,2020-05-07,Nakasero,maize,-2400
fd-2352,2021-07-19,Mukono,banana leaves,23600
fd-2353,2021-13-49,Mukono,Beans,1800
fd-2354,2021-08-26,Nakasero,banana leaves,13400
fd-2355,2020-08-17,Mukono,eggs,14800
fd-2356,2021-07-23,Nakasero,Maize,13000
fd-2357,2022-09-02,Mukono,CASSAVA,9200
fd-2358,2021-03-23,Bwaise,eggs,17300
fd-2359,2022-07-22,Mukono,banana leaves,900
fd-2359,2022-07-22,Mukono,banana leaves,900
fd-2360,2022-06-23,Kansanga,MAIZE,-3100
fd-2360,2022-06-23,Kansanga,MAIZE,-3100
fd-2361,2022-05-14,Bwaise,Maize,2200
fd-2362,2021-10-07,Nakasero,Maize,18300
fd-2363,2021-12-01,,banana leaves,17000
fd-2364,2020-05-30,Mukono,Maize,1200
fd-2365,2022-09-14,Nakasero,fish,-1700
fd-2366,2022-07-04,Nakasero,beans,5700
fd-2367,2020-12-30,,fish,8100
fd-2368,2021-03-24,Mukono,fish,1300
fd-2369,2021-04-29,Mukono,MAIZE,12900
fd-2370,2022-02-21,Mukono,MAIZE,16800
fd-2371,2021-09-06,Kansanga,fish,5400
fd-2372,2021-11-17,Kansanga,maize,19700
fd-2373,2022-03-20,Mukono,banana leaves,12100
fd-2374,2020-09-11,Bwaise,CASSAVA,23100
fd-2375,2020-12-28,Mukono,CASSAVA,22000
fd-2376,2020-02-16,,Cassava,9700
fd-2377,2022-01-07,Nakasero,banana leaves,9200
fd-2378,2020-01-12,Bwaise,fish,13100
fd-2379,2022-02-17,Bwaise,Cassava,18400
fd-2380,2022-03-19,Bwaise,beans,17900
fd-2381,2021-03-22,Bwaise,beans,5400
fd-2382,2021-08-12,Mukono,Cassava,-1600
fd-2382,2021-08-12,Mukono,Cassava,-1600
fd-2383,2022-04-29,Mukono,banana leaves,24200
fd-2384,2021-10-17,Bwaise,eggs,4000
fd-2385,2020-01-01,Nakasero,MAIZE,1900
fd-2386,2021-02-14,Nakasero,maize,12300
fd-2387,2020-05-28,Nakasero,Maize,14500
fd-2388,2020-10-23,Nakasero,maize,14100
fd-2389,2021-05-10,Mukono,fish,8900
fd-2390,2020-02-12,,fish,24400
fd-2390,2020-02-12,,fish,24400
fd-2391,2020-05-28,Mukono,beans,9300
fd-2392,2020-08-19,Nakasero,banana leaves,13400
fd-2393,2021-09-23,,banana leaves,8600
fd-2394,2021-07-16,Kansanga,beans,12900
fd-2395,2020-12-01,Nakasero,banana leaves,10700
fd-2396,2020-05-18,,MAIZE,23000
fd-2397,2022-08-09,Kansanga,maize,2800
fd-2398,2020-08-20,,fish,18600
fd-2399,2021-02-24,Bwaise,Maize,9000
fd-2400,2020-01-08,Mukono,maize,21800
fd-2401,2022-09-21,,beans,10100
fd-2402,2020-10-07,,banana leaves,16800
fd-2403,2020-06-14,Mukono,beans,12400
fd-2404,2020-01-30,,CASSAVA,10600
fd-2405,2021-06-02,,maize,8400
fd-2406,2022-06-15,Kansanga,MAIZE,6500
fd-2407,2020-04-21,Kansanga,Beans,11800
fd-2408,2021-11-22,Kansanga,MAIZE,4300
fd-2409,2022-03-28,Kansanga,Cassava,16100
fd-2410,2022-02-21,Nakasero,banana leaves,1400
fd-2411,2020-04-12,Mukono,Beans,16900
fd-2412,2021-10-16,Kansanga,maize,-1300
fd-2412,2021-06-12,Kansanga,CASSAVA,18800
fd-2414,2021-09-01,Nakasero,CASSAVA,900
fd-2415,2022-01-05,Kansanga,beans,21400
fd-2416,2022-07-30,Bwaise,maize,8700
fd-2417,2020-08-21,Kansanga,Beans,24400
fd-2418,2021-07-21,Nakasero,MAIZE,9100
fd-2419,2021-11-18,,eggs,8700
fd-2420,2020-02-18,Mukono,Cassava,21800
fd-2421,2020-05-29,Bwaise,Maize,6800
fd-2422,2022-02-27,,banana leaves,24400
fd-2423,2022-04-15,Mukono,CASSAVA,13500
fd-2424,2021-10-18,Bwaise,CASSAVA,6700
fd-2425,2020-06-22,Mukono,CASSAVA,900
fd-2426,2021-09-13,Kansanga,eggs,8800
fd-2427,2021-09-15,Bwaise,Beans,16900
fd-2428,2020-12-04,Bwaise,beans,-1500
fd-2429,2020-04-16,,Maize,13400
fd-2430,2020-03-09,Kansanga,Beans,9600
fd-2431,2020-09-24,Nakasero,Cassava,17900
fd-2432,2020-03-08,Kansanga,banana leaves,15200
fd-2433,2025-18-37,Nakasero,eggs,4500
fd-2434,2021-11-07,Nakasero,fish,20800
fd-2435,2021-06-10,Bwaise,banana leaves,10800
fd-2436,2020-04-17,Nakasero,CASSAVA,8800
fd-2437,2022-01-16,,fish,12900
fd-2438,2020-07-27,,eggs,5800
fd-2439,2020-06-03,Mukono,fish,13300
fd-2440,2020-08-03,Bwaise,fish,2100
fd-2441,2020-05-29,Mukono,maize,900
fd-2442,2020-14-50,,Cassava,12900
fd-2443,2021-10-08,,fish,22600
fd-2444,2020-14-50,Nakasero,eggs,3500
fd-2445,2021-07-20,Nakasero,Beans,21500
fd-2446,2022-03-16,Kansanga,beans,18500
fd-2447,2022-06-06,,Beans,3700
fd-2447,2022-06-06,,Beans,3700
fd-2448,2020-01-18,Kansanga,Cassava,600
fd-2449,2022-09-02,,Cassava,2900
fd-2450,2021-03-19,Kansanga,Cassava,2900
fd-2450,2021-03-19,Kansanga,Cassava,2900
fd-2451,2020-11-02,Mukono,Maize,7800
fd-2451,2020-11-27,Mukono,Cassava,19800
fd-2453,2021-09-21,Mukono,Beans,6800
fd-2454,2020-05-24,Kansanga,fish,19000
fd-2455,2022-03-14,Mukono,fish,14700
fd-2456,2020-05-01,Kansanga,fish,22100
fd-2457,2020-02-01,Nakasero,banana leaves,12300
fd-2458,2021-01-21,Mukono,banana leaves,1200
fd-2459,2022-02-21,Nakasero,CASSAVA,21100
fd-2460,2021-01-24,Mukono,beans,18600
fd-2461,2021-08-08,Nakasero,MAIZE,15600
fd-2462,2020-04-30,Kansanga,CASSAVA,23600
fd-2463,2021-01-29,,MAIZE,3600
fd-2464,2020-05-28,Nakasero,Maize,19900
fd-2465,2020-06-15,Bwaise,banana leaves,11400
fd-2466,2021-12-25,Nakasero,Beans,4800
fd-2467,2021-01-16,Kansanga,maize,17000
fd-2468,2022-05-14,Nakasero,CASSAVA,23700
fd-2469,2021-10-09,Kansanga,eggs,11700
fd-2470,2020-08-04,Bwaise,beans,15900
fd-2471,2021-09-17,Nakasero,beans,-4700
fd-2472,2021-06-13,Bwaise,MAIZE,23900
fd-2473,2020-03-15,Kansanga,fish,12700
fd-2473,2020-03-15,Kansanga,fish,12700
fd-2474,2022-08-23,,maize,19300
fd-2474,2021-04-19,Mukono,Maize,14500
fd-2476,2020-08-20,Kansanga,maize,4900
fd-2477,2021-03-16,,Beans,600
fd-2478,2021-10-31,Mukono,fish,10700
fd-2479,2022-04-10,Bwaise,banana leaves,14000
fd-2480,2021-02-26,Nakasero,MAIZE,9600
fd-2481,2022-01-20,Mukono,banana leaves,17300
fd-2482,2020-11-14,,Maize,24200
fd-2483,2020-06-06,Nakasero,fish,13700
fd-2484,2020-10-30,Bwaise,Beans,17600
fd-2485,2022-07-29,Bwaise,Cassava,13700
fd-2486,2022-02-02,Kansanga,CASSAVA,18400
fd-2487,2020-11-02,,fish,10400
fd-2488,2022-08-01,Nakasero,Cassava,18200
fd-2488,2022-08-01,Nakasero,Cassava,18200
fd-2489,2021-03-30,Nakasero,maize,15200
fd-2490,2021-02-10,Bwaise,eggs,24300
fd-2491,2020-12-07,Nakasero,Maize,-2500
fd-2492,2021-09-06,Mukono,eggs,3200
fd-2493,2021-02-01,Mukono,banana leaves,1100
fd-2494,2021-03-31,Kansanga,maize,6300
fd-2495,2021-01-14,Bwaise,Beans,9200
fd-2496,2020-01-01,Mukono,MAIZE,10700
fd-2497,2022-09-12,Mukono,maize,14100
fd-2498,2020-11-23,Mukono,Beans,24000
fd-2499,2022-03-28,,beans,20700
fd-2500,2022-05-04,Kansanga,Maize,23500
fd-2501,2020-02-20,Nakasero,banana leaves,21500
fd-2501,2020-02-20,Nakasero,banana leaves,21500
fd-2502,2020-03-08,Mukono,maize,9900
fd-2503,2022-03-02,Mukono,eggs,19400
fd-2504,2020-02-02,Bwaise,Cassava,-2500
fd-2505,2021-07-09,Nakasero,banana leaves,7700
fd-2506,2022-07-02,Bwaise,fish,8400
fd-2507,2020-02-16,Nakasero,Cassava,2400
fd-2508,2020-01-14,Mukono,Cassava,18400
fd-2508,2020-01-14,Mukono,Cassava,18400
fd-2509,2021-05-03,Nakasero,maize,8400
fd-2510,2020-05-08,Bwaise,eggs,9900
fd-2511,2022-06-01,Bwaise,maize,-3000
fd-2512,2020-12-08,Nakasero,maize,21200
fd-2512,2021-01-23,Nakasero,beans,13300
fd-2514,2020-07-07,,maize,22100
fd-2515,2022-03-19,Bwaise,beans,3600
fd-2515,2022-03-19,Bwaise,beans,3600
fd-2516,2020-02-10,Kansanga,maize,600
fd-2517,2021-02-27,,beans,5400
fd-2518,2021-03-30,Bwaise,MAIZE,700
fd-2519,2022-08-03,Kansanga,Beans,18900
fd-2520,2022-05-27,,MAIZE,19900
fd-2521,2021-02-08,Mukono,eggs,8300
fd-2522,2020-01-09,Bwaise,CASSAVA,17500
fd-2523,2022-06-30,Mukono,banana leaves,15000
fd-2524,2020-08-19,,maize,14600
fd-2525,2021-09-14,Bwaise,Maize,17600
fd-2526,2022-01-10,Mukono,Beans,14700
fd-2527,2021-07-02,Nakasero,Beans,3100
fd-2528,2021-04-19,Kansanga,MAIZE,3500
fd-2529,2022-02-07,Nakasero,eggs,23400
fd-2530,2021-01-19,,MAIZE,19500
fd-2531,2020-12-05,Nakasero,maize,17300
fd-2532,2020-01-02,Mukono,MAIZE,20600
fd-2533,2020-08-22,Bwaise,MAIZE,3400
fd-2534,2020-08-04,Bwaise,fish,2600
fd-2535,2021-09-08,Bwaise,maize,24600
fd-2535,2020-07-31,Mukono,beans,23300
fd-2537,2021-03-25,Kansanga,Beans,4600
fd-2538,2020-07-17,Mukono,MAIZE,14100
fd-2539,2020-07-20,Mukono,maize,19900
fd-2540,2020-12-30,Kansanga,banana leaves,18100
fd-2541,2021-10-29,Bwaise,banana leaves,22800
fd-2542,2021-04-25,Nakasero,Cassava,1800
fd-2543,2021-06-27,Bwaise,Maize,1400
fd-2544,2022-04-20,Nakasero,Maize,13300
fd-2545,2020-07-26,Mukono,Cassava,16900
fd-2545,2020-07-26,Mukono,Cassava,16900
fd-2546,2022-09-19,Kansanga,Cassava,1800
fd-2547,2020-03-27,,fish,12300
fd-2548,2022-02-20,Nakasero,beans,14900
fd-2549,2020-11-09,,eggs,19000
fd-2549,2021-01-20,Bwaise,CASSAVA,6000
fd-2551,2020-03-31,Nakasero,MAIZE,13900
fd-2552,2022-08-21,,Beans,5400
fd-2553,2022-06-26,Mukono,fish,19900
fd-2554,2022-08-10,Kansanga,MAIZE,24200
fd-2555,2021-09-07,,Cassava,7000
fd-2556,2022-01-07,Nakasero,CASSAVA,6600
fd-2557,2020-08-29,Bwaise,eggs,7100
fd-2558,2020-03-20,Mukono,Beans,17800
fd-2559,2020-09-30,Nakasero,CASSAVA,13200
fd-2560,2020-12-04,Kansanga,Cassava,24100
fd-2561,2022-07-12,Nakasero,eggs,8300
fd-2562,2020-10-04,Kansanga,Cassava,19900
fd-2563,2021-03-17,Bwaise,beans,6300
fd-2564,2022-07-19,Mukono,banana leaves,20700
fd-2565,2020-12-15,Bwaise,Cassava,11000
fd-2566,2020-11-05,Kansanga,MAIZE,8300
fd-2566,2020-11-05,Kansanga,MAIZE,8300
fd-2567,2020-09-02,Nakasero,banana leaves,9200
fd-2568,2020-02-23,Nakasero,fish,8600
fd-2569,2020-04-29,Nakasero,Beans,7400
fd-2570,2020-08-13,Kansanga,eggs,22800
fd-2571,2022-01-18,Mukono,CASSAVA,12100
fd-2572,2021-01-12,,CASSAVA,18700
fd-2573,2022-09-19,Nakasero,MAIZE,17000
fd-2574,2021-10-28,Kansanga,maize,6800
fd-2575,2022-04-15,Mukono,fish,11600
fd-2576,2021-03-31,Kansanga,CASSAVA,14500
fd-2577,2021-04-24,Mukono,Maize,2500
fd-2578,2021-12-18,Nakasero,MAIZE,18000
fd-2578,2021-12-18,Nakasero,MAIZE,18000
fd-2579,2021-10-26,,maize,-1300
fd-2580,2020-05-11,Mukono,beans,15600
fd-2581,2020-01-28,,beans,19200
fd-2582,2022-02-20,Kansanga,fish,23200
fd-2583,2020-07-22,Mukono,eggs,11800
fd-2584,2020-06-29,Mukono,banana leaves,19300
fd-2585,2020-12-18,Bwaise,Beans,12000
fd-2586,2022-07-20,Bwaise,MAIZE,21400
fd-2587,2021-09-22,Bwaise,fish,6200
fd-2587,2021-09-22,Bwaise,fish,6200
fd-2588,2021-12-11,Bwaise,Beans,7900
fd-2589,2020-02-05,Kansanga,Cassava,2100
fd-2590,2021-02-02,,CASSAVA,4400
fd-2591,2020-07-23,Kansanga,maize,16600
fd-2592,2022-05-15,,eggs,18700
fd-2593,2020-04-01,Kansanga,Cassava,9000
fd-2594,2020-07-24,Nakasero,CASSAVA,4700
fd-2595,2021-12-08,Bwaise,MAIZE,23800
fd-2596,2020-10-26,Nakasero,MAIZE,22400
fd-2597,2021-11-11,Bwaise,MAIZE,12000
fd-2598,2021-09-24,Nakasero,eggs,2100
fd-2599,2022-03-20,Kansanga,eggs,21700
fd-2600,2022-03-23,Kansanga,beans,8200
fd-2600,2022-03-23,Kansanga,beans,8200
fd-2601,2021-07-26,Nakasero,Maize,11100
fd-2602,2022-03-04,Kansanga,MAIZE,2300
fd-2603,2021-08-07,Kansanga,Beans,10700
fd-2604,2020-11-22,Nakasero,banana leaves,6200
fd-2605,2021-03-14,Nakasero,Maize,22500
fd-2606,2025-18-37,Mukono,banana leaves,19900
fd-2607,2021-05-23,Nakasero,MAIZE,500
fd-2607,2022-09-26,Bwaise,maize,21800
fd-2609,2020-06-02,Nakasero,Maize,19200
fd-2610,2021-09-27,Kansanga,CASSAVA,21700
fd-2611,2021-04-30,Bwaise,Maize,16500
fd-2612,2022-02-27,Bwaise,MAIZE,13200
fd-2613,2021-12-13,,fish,16000
fd-2614,2021-10-14,Bwaise,banana leaves,23300
fd-2615,2021-10-07,Kansanga,Beans,1500
fd-2616,2021-10-14,Nakasero,MAIZE,5200
fd-2616,2021-10-14,Nakasero,MAIZE,5200
fd-2617,2022-05-12,Mukono,Beans,12800
fd-2618,2022-03-29,Nakasero,CASSAVA,-4800
fd-2618,2022-03-29,Nakasero,CASSAVA,-4800
fd-2619,2021-02-09,Nakasero,beans,14700
fd-2620,2021-04-05,Nakasero,Maize,7000
fd-2621,2020-02-04,Nakasero,Beans,-3400
fd-2622,2020-07-22,Mukono,banana leaves,9400
fd-2623,2021-03-27,Mukono,Maize,19000
fd-2624,2020-08-16,Nakasero,eggs,-3500
fd-2625,2020-12-24,Mukono,MAIZE,15600
fd-2626,2020-03-21,Nakasero,banana leaves,17600
fd-2627,2020-12-09,,Cassava,9700
fd-2628,2020-12-04,Nakasero,beans,10500
fd-2629,2020-11-08,,Maize,20200
fd-2630,2021-12-23,Nakasero,beans,9800
fd-2631,2020-09-27,Mukono,fish,22000
fd-2632,2021-08-30,Nakasero,fish,20300
fd-2633,2021-08-12,,fish,9300
fd-2634,2022-07-04,,CASSAVA,23100
fd-2635,2021-05-05,Nakasero,beans,17400
fd-2636,2021-02-26,Nakasero,Beans,19600
fd-2637,2020-01-11,Mukono,beans,14600
fd-2638,2022-01-10,,eggs,1300
fd-2639,2020-05-19,Mukono,eggs,15600
fd-2640,2021-12-24,,Cassava,19500
fd-2641,2020-01-03,,Cassava,3000
fd-2642,2020-09-24,Nakasero,fish,8900
fd-2643,2020-03-15,Bwaise,fish,2000
fd-2644,2022-04-28,Kansanga,MAIZE,24700
fd-2645,2021-04-13,Nakasero,MAIZE,7300
fd-2645,2021-04-06,,Cassava,23200
fd-2647,2021-07-07,Mukono,maize,21800
fd-2648,2022-05-31,Nakasero,Cassava,2100
fd-2649,2021-11-09,Kansanga,CASSAVA,2600
fd-2650,2020-07-31,Nakasero,maize,18000
fd-2651,2020-06-16,Bwaise,fish,9600
fd-2652,2020-12-10,Bwaise,eggs,17500
fd-2653,2020-05-19,Mukono,MAIZE,19200
fd-2654,2020-08-23,Mukono,eggs,13800
fd-2655,2021-11-17,Kansanga,CASSAVA,800
fd-2656,2021-09-16,,Beans,10800
fd-2657,2021-10-19,Nakasero,eggs,6100
fd-2658,2020-09-21,Kansanga,MAIZE,7600
fd-2659,2020-02-17,Bwaise,fish,2700
fd-2660,2022-03-27,Mukono,Maize,5800
fd-2661,2020-02-23,Nakasero,maize,24100
fd-2662,2021-07-13,Kansanga,Maize,16100
fd-2663,2020-09-23,Kansanga,Maize,20100
fd-2664,2021-01-30,Nakasero,fish,14900
fd-2665,2020-12-13,,Maize,10800
fd-2666,2021-12-05,Nakasero,Cassava,17900
fd-2667,2022-01-27,Bwaise,eggs,21000
fd-2668,2022-03-24,Bwaise,Maize,3300
fd-2669,2021-06-09,Mukono,eggs,23000
fd-2670,2020-02-21,Mukono,CASSAVA,16300
fd-2671,2020-08-18,,MAIZE,19700
fd-2672,2020-07-01,,Beans,4000
fd-2673,2021-05-19,Kansanga,beans,18700
fd-2674,2020-10-23,Bwaise,MAIZE,6200
fd-2675,2021-08-28,Kansanga,eggs,24700
fd-2676,2020-07-26,Nakasero,beans,1100
fd-2677,2021-09-05,,Beans,-3100
fd-2677,2021-09-05,,Beans,-3100
fd-2678,2021-09-20,Kansanga,fish,2800
fd-2679,2021-11-29,Kansanga,CASSAVA,23500
fd-2680,2020-08-02,Bwaise,banana leaves,14000
fd-2681,2021-04-30,Nakasero,MAIZE,12200
fd-2681,2021-02-12,Nakasero,fish,20300
fd-2683,2022-08-07,Bwaise,MAIZE,4300
fd-2683,2022-08-07,Bwaise,MAIZE,4300
fd-2684,2022-02-26,Kansanga,eggs,-2600
fd-2685,2021-02-15,Bwaise,Cassava,22400
fd-2686,2022-04-26,,beans,6300
fd-2686,2022-04-26,,beans,6300
fd-2687,2020-09-22,,fish,-2300
fd-2688,2020-04-19,Bwaise,fish,1800
fd-2688,2020-04-19,Bwaise,fish,1800
fd-2689,2020-08-17,Bwaise,Maize,3200
fd-2690,2020-06-26,Mukono,Beans,17200
fd-2691,2021-07-05,Bwaise,Cassava,18000
fd-2692,2020-04-16,,Maize,9000
fd-2693,2020-11-08,Bwaise,maize,-3500
fd-2694,2021-05-24,Kansanga,fish,10700
fd-2695,2021-10-15,Kansanga,beans,13500
fd-2696,2021-03-21,Bwaise,eggs,6400
fd-2697,2022-04-08,Bwaise,MAIZE,6400
fd-2697,2022-04-08,Bwaise,MAIZE,6400
fd-2698,2020-06-16,,beans,4100
fd-2699,2022-06-20,,Maize,20600
fd-2700,2021-09-16,,banana leaves,23100
fd-2701,2020-07-22,Mukono,fish,-4200
fd-2702,2025-18-37,Bwaise,maize,11800
fd-2703,2020-07-17,,Cassava,3600
fd-2703,2020-07-17,,Cassava,3600
fd-2704,2020-07-02,Nakasero,eggs,8100
fd-2704,2021-12-06,Bwaise,Cassava,20600
fd-2706,2020-03-04,Mukono,CASSAVA,23300
fd-2707,2022-08-13,Bwaise,eggs,18700
fd-2708,2021-09-16,Kansanga,eggs,16300
fd-2709,2021-10-12,Mukono,fish,13600
fd-2710,2021-07-19,Nakasero,Maize,-4700
fd-2711,2020-07-24,Bwaise,banana leaves,22500
fd-2712,2020-12-23,Bwaise,CASSAVA,24300
fd-2713,2022-08-18,Mukono,Cassava,16300
fd-2714,2022-02-12,Nakasero,banana leaves,21300
fd-2715,2021-10-31,Nakasero,eggs,20800
fd-2716,2020-04-29,Kansanga,fish,12000
fd-2717,2021-10-20,Bwaise,fish,11900
fd-2718,2022-01-03,Bwaise,Cassava,23300
fd-2719,2020-06-23,,Beans,3500
fd-2720,2021-06-03,,banana leaves,5800
fd-2721,2021-03-21,Mukono,CASSAVA,4900
fd-2722,2021-10-04,Kansanga,MAIZE,14000
fd-2723,2022-02-21,Kansanga,banana leaves,16300
fd-2723,2022-02-21,Kansanga,banana leaves,16300
fd-2723,2021-04-13,Nakasero,CASSAVA,12000
fd-2725,2020-10-09,Mukono,fish,20400
fd-2726,2021-04-18,Bwaise,beans,17500
fd-2727,2021-08-18,,fish,12900
fd-2728,2022-15-48,Nakasero,maize,5900
fd-2729,2020-01-11,Nakasero,MAIZE,1500
fd-2730,2021-02-10,Kansanga,beans,2500
fd-2730,2021-02-10,Kansanga,beans,2500
fd-2731,2022-05-03,Nakasero,Beans,7700
fd-2731,2022-05-03,Nakasero,Beans,7700
fd-2732,2020-07-13,Mukono,Beans,22300
fd-2733,2022-01-24,Kansanga,beans,24800
fd-2734,2022-06-05,Bwaise,maize,15100
fd-2735,2020-08-05,Mukono,Beans,22700
fd-2736,2021-09-02,Nakasero,eggs,-1100
fd-2737,2020-09-24,,eggs,18200
fd-2738,2021-04-04,,maize,16200
fd-2739,2021-06-27,Kansanga,MAIZE,21500
fd-2740,2020-07-27,Kansanga,Beans,4500
fd-2740,2020-07-27,Kansanga,Beans,4500
fd-2741,2022-08-30,Nakasero,MAIZE,1900
fd-2742,2021-03-08,,Cassava,12700
fd-2743,2022-03-17,Bwaise,Maize,11700
fd-2744,2020-11-18,Kansanga,MAIZE,6400
fd-2744,2022-08-12,Nakasero,CASSAVA,8900
fd-2746,2021-07-08,Nakasero,Beans,7800
fd-2747,2022-04-23,Bwaise,fish,700
fd-2748,2020-12-07,Nakasero,eggs,23400
fd-2749,2022-01-28,Bwaise,Cassava,6500
fd-2750,2022-01-04,Kansanga,eggs,21400
fd-2751,2021-03-11,Nakasero,fish,24400
fd-2752,2021-11-22,Nakasero,fish,6400
fd-2753,2020-12-20,Bwaise,Beans,4200
fd-2754,2020-03-27,Kansanga,Maize,2200
fd-2755,2021-09-05,Mukono,beans,10500
fd-2756,2020-08-07,Nakasero,MAIZE,17800
fd-2757,2022-05-03,Kansanga,Maize,10300
fd-2758,2020-09-23,Nakasero,banana leaves,11400
fd-2759,2020-07-18,Mukono,fish,3200
fd-2760,2022-04-25,,banana leaves,14400
fd-2761,2022-06-29,Bwaise,fish,6200
fd-2762,2026-19-40,,Cassava,22900
fd-2762,2026-19-40,,Cassava,22900
fd-2763,2020-11-09,Kansanga,Beans,7400
fd-2764,2022-04-05,,maize,18900
fd-2765,2020-07-11,Nakasero,beans,16700
fd-2766,2022-08-13,Bwaise,banana leaves,19700
fd-2767,2022-04-13,Kansanga,MAIZE,19300
fd-2768,2020-09-25,Nakasero,maize,19300
fd-2769,2020-02-19,,banana leaves,16200
fd-2769,2022-05-02,Nakasero,MAIZE,3200
fd-2771,2022-07-15,Nakasero,MAIZE,13200
fd-2772,2020-10-31,,banana leaves,19500
fd-2773,2021-01-14,Kansanga,Beans,19200
fd-2774,2022-01-29,Mukono,banana leaves,5200
fd-2774,2022-01-29,Mukono,banana leaves,5200
fd-2775,2021-07-05,,Maize,10300
fd-2776,2022-05-30,Kansanga,Maize,11200
fd-2777,2020-09-25,Nakasero,Maize,7200
fd-2778,2021-02-04,,Maize,24200
fd-2779,2020-12-15,Kansanga,fish,3100
fd-2780,2022-05-04,,Maize,11500
fd-2781,2026-19-40,,banana leaves,5900
fd-2782,2021-01-14,Nakasero,MAIZE,14400
fd-2783,2022-03-19,Nakasero,Maize,22000
fd-2784,2022-02-11,Kansanga,maize,22400
fd-2785,2022-02-03,Mukono,Maize,19600
fd-2786,2020-05-08,,CASSAVA,21600
fd-2787,2021-03-12,Mukono,banana leaves,17900
fd-2788,2021-05-29,Mukono,maize,2400
fd-2789,2020-07-30,Kansanga,Maize,23300
fd-2790,2022-02-14,Kansanga,MAIZE,3000
fd-2791,2021-02-14,,eggs,8400
fd-2792,2022-15-48,,Beans,14500
fd-2793,2021-11-12,Bwaise,Maize,13100
fd-2794,2020-07-09,Nakasero,Beans,4200
fd-2795,2021-11-26,,maize,17100
fd-2796,2020-01-29,Bwaise,fish,21800
fd-2796,2020-10-29,Bwaise,fish,8800
fd-2798,2020-03-19,Mukono,Maize,23300
fd-2799,2020-07-28,Nakasero,fish,21300
fd-2800,2022-09-25,Nakasero,Maize,-2300
fd-2800,2020-08-07,Mukono,beans,14200
fd-2802,2022-06-12,Mukono,beans,22600
fd-2803,2020-08-23,,Beans,1200
fd-2804,2021-05-22,Kansanga,beans,22100
fd-2805,2020-01-04,,MAIZE,18000
fd-2806,2021-04-10,Nakasero,Beans,11900
fd-2807,2022-02-24,Nakasero,fish,15300
fd-2808,2022-06-28,Bwaise,maize,14400
fd-2809,2022-03-18,Mukono,Cassava,9300
fd-2810,2020-11-08,Bwaise,banana leaves,17600
fd-2811,2021-04-26,Kansanga,Beans,7700
fd-2812,2021-05-01,Kansanga,maize,3500
fd-2812,2020-14-50,Nakasero,eggs,21300
fd-2814,2020-05-10,Kansanga,MAIZE,5900
fd-2815,2022-05-17,Bwaise,eggs,20500
fd-2815,2022-05-17,Bwaise,eggs,20500
fd-2816,2020-05-17,Mukono,beans,2600
fd-2816,2020-05-17,Mukono,beans,2600
fd-2817,2021-08-28,Nakasero,Maize,5700
fd-2818,2021-07-18,Mukono,maize,23900
fd-2819,2020-05-27,Bwaise,beans,15700
fd-2819,2020-05-27,Bwaise,beans,15700
fd-2820,2020-06-03,Kansanga,beans,19300
fd-2821,2021-05-22,Nakasero,MAIZE,900
fd-2822,2020-08-07,Bwaise,Cassava,17900
fd-2823,2021-01-26,,Cassava,13000
fd-2824,2021-02-12,Kansanga,MAIZE,5400
fd-2825,2022-03-22,Bwaise,Cassava,14000
fd-2826,2021-02-23,,banana leaves,-3700
fd-2827,2020-04-08,Kansanga,eggs,18900
fd-2828,2021-09-22,Kansanga,Maize,1600
fd-2829,2020-07-28,,Cassava,24800
fd-2830,2021-05-22,Bwaise,MAIZE,8800
fd-2831,2022-01-31,Kansanga,Maize,4100
fd-2832,2020-03-11,Kansanga,maize,10500
fd-2833,2022-04-24,Bwaise,beans,4800
fd-2834,2020-01-16,Bwaise,Beans,19700
fd-2835,2022-07-24,Mukono,banana leaves,24800
fd-2836,2020-07-03,Kansanga,banana leaves,-2300
fd-2837,2020-04-06,Bwaise,MAIZE,3000
fd-2838,2021-07-24,Mukono,MAIZE,11800
fd-2839,2020-04-24,Kansanga,maize,3900
fd-2840,2021-07-03,,Maize,14500
fd-2841,2020-10-19,,fish,8800
fd-2842,2021-06-10,Kansanga,MAIZE,12900
fd-2843,2020-10-02,Nakasero,CASSAVA,17200
fd-2844,2022-09-26,Mukono,banana leaves,1500
fd-2845,2020-03-28,Kansanga,beans,-3400
fd-2846,2022-04-23,Bwaise,Cassava,24400
fd-2847,2020-08-23,Nakasero,fish,14800
fd-2848,2020-06-10,Mukono,eggs,17700
fd-2849,2022-01-01,Mukono,MAIZE,5900
fd-2850,2022-01-30,Bwaise,maize,11200
fd-2850,2022-01-30,Bwaise,maize,11200
fd-2851,2020-03-03,Mukono,maize,12800
fd-2852,2021-02-16,Kansanga,eggs,20500
fd-2852,2021-02-16,Kansanga,eggs,20500
fd-2853,2022-03-07,,Maize,4400
fd-2853,2022-05-26,Mukono,Cassava,24700
fd-2855,2021-05-21,Bwaise,CASSAVA,19500
fd-2856,2021-04-15,,maize,18200
fd-2857,2022-05-12,Mukono,fish,8900
fd-2858,2024-17-45,,fish,7600
fd-2859,2022-05-05,Bwaise,CASSAVA,3600
fd-2860,2021-09-10,,Beans,11300
fd-2861,2020-11-12,Bwaise,maize,9000
fd-2862,2020-07-27,Nakasero,eggs,13900
fd-2862,2020-07-27,Nakasero,eggs,13900
fd-2863,2021-09-13,,beans,23500
fd-2864,2022-01-03,Mukono,Maize,5000
fd-2865,2021-13-49,,Maize,5400
fd-2866,2021-09-02,Nakasero,maize,13300
fd-2867,2020-03-12,Kansanga,beans,4900
fd-2868,2022-09-21,Bwaise,Cassava,7700
fd-2869,2020-14-50,Bwaise,banana leaves,18800
fd-2870,2021-07-16,Mukono,Cassava,21000
fd-2871,2021-08-01,Mukono,beans,13500
fd-2872,2020-06-26,Bwaise,maize,13800
fd-2872,2020-06-26,Bwaise,maize,13800
fd-2873,2021-06-18,Bwaise,CASSAVA,3400
fd-2874,2022-07-14,Bwaise,banana leaves,21000
fd-2875,2021-11-01,Nakasero,fish,800
fd-2876,2020-08-17,Nakasero,beans,2000
fd-2877,2020-05-27,Kansanga,Cassava,21200
fd-2878,2024-17-45,Mukono,Beans,12400
fd-2879,2020-07-28,Nakasero,CASSAVA,9000
fd-2880,2021-05-17,Kansanga,fish,10900
fd-2881,2021-04-14,Bwaise,Cassava,600
fd-2882,2021-01-31,Nakasero,Cassava,4700
fd-2883,2022-06-19,Kansanga,Cassava,14900
fd-2884,2020-10-27,Kansanga,CASSAVA,22200
fd-2885,2020-01-16,Mukono,Cassava,4000
fd-2886,2020-11-04,Bwaise,MAIZE,9400
fd-2887,2021-03-05,Kansanga,fish,4100
fd-2888,2022-05-13,Nakasero,banana leaves,12100
fd-2889,2020-01-18,Kansanga,beans,21500
fd-2890,2021-12-28,,CASSAVA,18400
fd-2891,2020-01-03,Kansanga,eggs,11500
fd-2892,2022-06-03,,MAIZE,17800
fd-2893,2020-01-24,Kansanga,Cassava,1000
fd-2894,2020-02-14,Bwaise,Maize,12600
fd-2895,2022-04-01,Bwaise,eggs,4300
fd-2896,2022-08-31,,Cassava,-1200
fd-2897,2021-10-19,,Cassava,2400
fd-2898,2020-04-17,,CASSAVA,19900
fd-2899,2020-04-01,Nakasero,maize,7300
fd-2900,2020-09-03,Mukono,CASSAVA,19800
fd-2901,2020-02-16,Mukono,Cassava,5500
fd-2902,2021-09-23,Mukono,fish,19500
fd-2903,2022-04-21,,Beans,800
fd-2904,2020-12-14,Bwaise,Beans,23600
fd-2905,2021-06-25,Kansanga,fish,15900
fd-2906,2022-01-02,Bwaise,CASSAVA,14100
fd-2907,2020-04-23,,CASSAVA,5500
fd-2908,2022-02-15,,Cassava,16500
fd-2909,2022-05-07,Bwaise,maize,14200
fd-2910,2020-07-05,Nakasero,fish,-2100
fd-2911,2022-06-06,,maize,-2400
fd-2912,2022-02-25,Bwaise,eggs,6600
fd-2913,2020-02-08,Kansanga,banana leaves,13000
fd-2914,2021-11-13,Kansanga,maize,14900
fd-2915,2021-12-07,Mukono,eggs,12400
fd-2916,2020-04-01,Nakasero,maize,13800
fd-2917,2020-01-05,Kansanga,maize,12400
fd-2917,2020-01-05,Kansanga,maize,12400
fd-2918,2021-06-19,Nakasero,MAIZE,7400
fd-2919,2022-06-05,Bwaise,banana leaves,18200
fd-2920,2020-01-11,Nakasero,Maize,20100
fd-2921,2026-19-40,Bwaise,maize,12500
fd-2922,2022-02-20,,Cassava,13700
fd-2923,2022-08-16,,Beans,18500
fd-2923,2020-14-50,Nakasero,CASSAVA,5500
fd-2925,2021-03-10,Mukono,Beans,18500
fd-2926,2020-04-23,Bwaise,fish,15200
fd-2927,2020-08-27,,Beans,16800
fd-2928,2021-01-20,Mukono,banana leaves,7900
fd-2928,2020-10-26,Kansanga,Beans,14300
fd-2930,2020-03-07,Kansanga,Maize,-4200
fd-2930,2020-03-07,Kansanga,Maize,-4200
fd-2931,2021-01-28,Nakasero,CASSAVA,21500
fd-2932,2020-08-09,Mukono,CASSAVA,7900
fd-2933,2020-10-30,Mukono,beans,11100
fd-2934,2020-06-14,,MAIZE,13400
fd-2935,2021-04-06,Bwaise,fish,10300
fd-2936,2020-05-19,Mukono,CASSAVA,12800
fd-2937,2022-05-30,Bwaise,Beans,18400
fd-2938,2020-05-21,Nakasero,banana leaves,17800
fd-2939,2020-02-23,Kansanga,maize,17400
fd-2940,2021-11-26,Bwaise,MAIZE,11400
fd-2941,2020-12-21,Mukono,fish,20200
fd-2942,2022-01-30,Mukono,Beans,15200
fd-2943,2021-13-49,Nakasero,Cassava,24600
fd-2944,2021-12-28,Nakasero,Beans,14700
fd-2945,2020-09-04,,beans,6400
fd-2946,2020-05-13,Kansanga,eggs,23600
fd-2947,2020-04-15,Mukono,Maize,12600
fd-2948,2022-09-18,Kansanga,Maize,2300
fd-2949,2021-01-15,Mukono,beans,18600
fd-2950,2020-06-28,Mukono,Cassava,700
fd-2951,2020-01-31,Bwaise,Cassava,19100
fd-2951,2022-06-30,Nakasero,MAIZE,9300
fd-2953,2020-01-26,Mukono,CASSAVA,1100
fd-2954,2022-08-04,Bwaise,CASSAVA,1700
fd-2955,2020-10-25,,eggs,14000
fd-2956,2021-01-20,,eggs,14900
fd-2957,2020-09-04,,maize,18900
fd-2957,2020-09-04,,maize,18900
fd-2958,2020-09-23,Mukono,MAIZE,20600
fd-2959,2020-04-21,,eggs,7800
fd-2960,2021-05-20,Bwaise,fish,5700
fd-2961,2020-12-22,Mukono,beans,18900
fd-2962,2022-01-05,Kansanga,CASSAVA,11300
fd-2963,2021-10-21,Nakasero,Beans,19700
fd-2964,2021-01-17,Mukono,CASSAVA,17000
fd-2965,2021-03-04,Kansanga,Beans,1200
fd-2966,2022-08-02,Mukono,banana leaves,6100
fd-2967,2022-07-14,Nakasero,beans,8300
fd-2968,2022-07-24,Mukono,banana leaves,5600
fd-2969,2020-01-07,Bwaise,eggs,1800
fd-2970,2020-12-05,Nakasero,maize,24400
fd-2971,2022-01-05,Mukono,eggs,19500
fd-2972,2021-12-12,Bwaise,banana leaves,8500
fd-2973,2021-02-07,Bwaise,banana leaves,700
fd-2974,2022-01-28,,eggs,9300
fd-2975,2020-02-28,Kansanga,Beans,13300
fd-2976,2020-05-17,Mukono,Maize,16700
fd-2977,2021-08-25,Nakasero,beans,900
fd-2978,2021-10-18,Mukono,banana leaves,15100
fd-2979,2020-05-15,Bwaise,Cassava,23500
fd-2980,2021-02-14,Bwaise,Cassava,9400
fd-2981,2021-10-06,Kansanga,beans,5100
fd-2982,2021-04-04,Bwaise,maize,-2600
fd-2983,2020-10-02,Nakasero,MAIZE,6700
fd-2984,2020-08-23,Nakasero,Beans,-4700
fd-2985,2021-08-18,Mukono,beans,2100
fd-2986,2021-04-17,Bwaise,beans,4600
fd-2987,2020-06-06,Mukono,fish,23700
fd-2988,2021-12-18,,Maize,24600
fd-2988,2021-05-09,Kansanga,maize,21200
fd-2990,2022-06-20,Bwaise,MAIZE,18700
fd-2991,2022-08-23,Mukono,MAIZE,23900
fd-2992,2020-02-28,,Beans,12200
fd-2993,2021-07-08,Bwaise,Beans,23700
fd-2994,2020-01-19,,beans,4600
fd-2995,2022-08-04,Bwaise,Beans,3100
fd-2996,2020-06-25,Bwaise,Beans,-4600
fd-2997,2022-08-14,Kansanga,MAIZE,10300
fd-2998,2022-02-17,Nakasero,MAIZE,3400
fd-2999,2022-08-02,Nakasero,Maize,19200
fd-2999,2025-18-37,Kansanga,Cassava,23200
fd-3001,2020-09-25,Nakasero,maize,12300
fd-3002,2020-10-18,Mukono,maize,20600
fd-3002,2020-10-18,Mukono,maize,20600
fd-3003,2020-08-12,Bwaise,Beans,18100
fd-3004,2021-04-19,Mukono,Maize,7700
fd-3004,2022-09-15,Mukono,fish,16400
fd-3006,2020-04-23,Kansanga,maize,14700
fd-3007,2021-06-22,Nakasero,maize,-3700
fd-3008,2020-04-02,Kansanga,Cassava,7800
fd-3009,2020-07-21,Kansanga,Maize,-1200
fd-3010,2022-09-15,Kansanga,beans,7000
fd-3011,2022-04-16,Nakasero,Maize,6900
fd-3012,2021-02-01,,Beans,14200
fd-3013,2021-12-10,Bwaise,beans,6400
fd-3014,2021-03-14,Mukono,CASSAVA,11600
fd-3015,2020-14-50,Kansanga,banana leaves,6600
fd-3016,2020-06-21,Nakasero,fish,10500
fd-3017,2020-06-21,Bwaise,beans,11400
fd-3018,2020-09-18,Kansanga,banana leaves,800
fd-3019,2021-01-13,Bwaise,Cassava,4900
fd-3020,2021-04-23,Bwaise,eggs,24500
fd-3021,2020-14-50,,Beans,11500
fd-3022,2020-10-01,Bwaise,Maize,9600
fd-3023,2022-05-05,Mukono,banana leaves,16100
fd-3024,2020-11-08,Kansanga,Cassava,10100
fd-3025,2020-09-25,Nakasero,eggs,13400
fd-3026,2022-05-13,Nakasero,Cassava,14000
fd-3027,2022-02-12,Bwaise,Cassava,2700
fd-3028,2021-06-15,Nakasero,fish,19200
fd-3028,2021-06-15,Nakasero,fish,19200
fd-3029,2022-08-04,Bwaise,banana leaves,800
fd-3030,2021-04-10,,Cassava,-1100
fd-3031,2020-02-04,Nakasero,maize,8600
fd-3032,2020-09-08,Bwaise,maize,21600
fd-3033,2021-04-27,Mukono,fish,6400
fd-3034,2021-05-01,,beans,20600
fd-3034,2021-05-01,,beans,20600
fd-3035,2021-06-03,Kansanga,Beans,11200
fd-3036,2021-04-27,Bwaise,banana leaves,10400
fd-3037,2021-09-24,,CASSAVA,1200
fd-3038,2020-11-26,Mukono,beans,5000
fd-3039,2021-10-25,,Cassava,3000
fd-3040,2020-01-31,Kansanga,Cassava,2500
fd-3041,2022-08-11,Mukono,CASSAVA,19500
fd-3042,2021-09-22,Mukono,banana leaves,5700
fd-3043,2020-11-26,Bwaise,eggs,15400
fd-3044,2022-04-22,Nakasero,banana leaves,13700
fd-3045,2021-12-13,,fish,22200
fd-3046,2020-08-31,Nakasero,beans,21400
fd-3046,2022-03-04,,banana leaves,15200
fd-3046,2022-03-04,,banana leaves,15200
fd-3048,2021-09-23,Nakasero,fish,500
fd-3049,2022-09-08,Nakasero,eggs,17200
fd-3050,2022-04-11,Mukono,MAIZE,23200
fd-3051,2021-07-05,Mukono,Cassava,600
fd-3052,2021-11-10,Bwaise,Maize,21600
fd-3053,2022-08-01,Mukono,Maize,8700
fd-3054,2020-05-25,,Maize,7000
fd-3055,2020-02-25,,MAIZE,10200
fd-3055,2020-02-25,,MAIZE,10200
fd-3056,2021-06-09,,maize,2600
fd-3057,2021-09-07,Kansanga,fish,10100
fd-3058,2022-08-27,Mukono,maize,17400
fd-3059,2021-08-01,Bwaise,CASSAVA,3400
fd-3060,2021-08-29,Mukono,banana leaves,13100
fd-3061,2021-02-05,Bwaise,maize,17800
fd-3061,2021-04-12,Mukono,MAIZE,14300
fd-3063,2020-10-02,Bwaise,Beans,13000
fd-3064,2021-06-18,Kansanga,maize,800
fd-3065,2021-11-04,Bwaise,beans,12700
fd-3066,2022-08-19,Bwaise,eggs,8600
fd-3066,2022-08-19,Bwaise,eggs,8600
fd-3067,2021-04-07,Kansanga,maize,12800
fd-3068,2022-02-11,Nakasero,eggs,4800
fd-3069,2020-12-26,Nakasero,eggs,14400
fd-3070,2022-04-14,Kansanga,Beans,9600
fd-3071,2022-04-26,Nakasero,fish,4300
fd-3072,2021-05-25,Bwaise,fish,23800
fd-3073,2020-05-10,Bwaise,Cassava,-3400
fd-3074,2021-06-25,Kansanga,beans,4700
fd-3075,2022-09-18,Bwaise,MAIZE,8900
fd-3076,2022-09-11,Kansanga,banana leaves,800
fd-3077,2022-08-29,,banana leaves,6600
fd-3078,2022-07-19,,MAIZE,24600
fd-3079,2020-08-08,Nakasero,fish,13600
fd-3080,2021-09-17,Bwaise,Beans,14700
fd-3080,2021-09-17,Bwaise,Beans,14700
fd-3081,2020-06-25,Mukono,fish,8700
fd-3082,2020-07-23,,fish,20100
fd-3083,2020-01-31,Mukono,Maize,2100
fd-3084,2021-02-12,Bwaise,banana leaves,2700
fd-3085,2020-08-20,Mukono,beans,18900
fd-3085,2020-08-20,Mukono,beans,18900
fd-3086,2024-17-45,,CASSAVA,21300
fd-3087,2021-09-19,,Cassava,22400
fd-3088,2022-08-20,Bwaise,beans,11200
fd-3089,2021-06-15,Bwaise,eggs,8100
fd-3089,2021-06-15,Bwaise,eggs,8100
fd-3090,2021-03-14,,Maize,9000
fd-3091,2022-08-18,,fish,1600
fd-3092,2020-05-14,Mukono,Maize,12400
fd-3093,2021-02-22,Kansanga,Maize,14600
fd-3094,2022-02-21,Nakasero,maize,10500
fd-3095,2020-08-18,Mukono,eggs,20700
fd-3096,2023-16-47,Kansanga,CASSAVA,6000
fd-3096,2023-16-47,Kansanga,CASSAVA,6000
fd-3097,2020-08-19,Kansanga,Maize,22200
fd-3098,2022-05-03,,banana leaves,2800
fd-3099,2021-04-15,Mukono,eggs,6500
fd-3100,2022-05-16,Kansanga,beans,500
fd-3101,2025-18-37,,Cassava,7800
fd-3102,2020-01-06,Kansanga,Cassava,20400
fd-3102,2020-01-06,Kansanga,Cassava,20400
fd-3103,2022-07-29,,Beans,23200
fd-3104,2021-08-30,Nakasero,Maize,13000
fd-3105,2020-03-16,,Beans,11700
fd-3106,2022-04-07,Mukono,Beans,15300
fd-3107,2021-11-16,Nakasero,eggs,4300
fd-3108,2021-04-29,Mukono,maize,19700
fd-3109,2022-15-48,Nakasero,beans,9500
fd-3110,2022-08-03,,MAIZE,18100
fd-3110,2022-08-03,,MAIZE,18100
fd-3111,2022-02-26,Bwaise,maize,12600
fd-3112,2022-08-29,Nakasero,maize,18000
fd-3113,2021-09-14,Nakasero,Maize,13000
fd-3114,2022-06-06,Bwaise,eggs,14100
fd-3115,2021-04-24,Nakasero,beans,16900
fd-3116,2022-05-10,Kansanga,CASSAVA,-2100
fd-3117,2020-02-13,,MAIZE,-2300
fd-3118,2021-07-07,Nakasero,eggs,7000
fd-3119,2021-01-22,Mukono,Maize,9500
fd-3120,2022-03-30,Kansanga,eggs,4400
fd-3121,2021-04-10,Bwaise,MAIZE,-4100
fd-3122,2023-16-47,Nakasero,Beans,10200
fd-3123,2022-06-03,,MAIZE,6900
fd-3124,2022-02-02,Mukono,banana leaves,24300
fd-3125,2021-05-12,Kansanga,Cassava,13800
fd-3126,2021-01-19,Mukono,Beans,900
fd-3127,2020-11-04,Mukono,MAIZE,18700
fd-3127,2021-06-13,Kansanga,maize,2100
fd-3129,2021-03-20,Mukono,Beans,-2100
fd-3130,2021-03-15,Nakasero,maize,19700
fd-3131,2021-08-29,Mukono,MAIZE,24700
fd-3132,2020-01-24,,beans,23000
fd-3133,2021-08-05,Kansanga,banana leaves,4100
fd-3134,2020-02-12,Mukono,banana leaves,14600
fd-3134,2020-02-12,Mukono,banana leaves,14600
fd-3135,2022-07-28,Kansanga,beans,8900
fd-3136,2020-05-20,Mukono,Beans,18700
fd-3137,2020-12-03,Bwaise,fish,18700
fd-3137,2020-12-03,Bwaise,fish,18700
fd-3138,2021-09-01,Kansanga,Beans,17800
fd-3139,2022-02-19,Nakasero,Cassava,5600
fd-3140,2020-06-01,Mukono,CASSAVA,2200
fd-3141,2026-19-40,Kansanga,Maize,5000
fd-3142,2020-10-30,Kansanga,MAIZE,13800
fd-3142,2020-10-30,Kansanga,MAIZE,13800
fd-3143,2020-03-05,Nakasero,fish,2800
fd-3144,2023-16-47,Bwaise,Maize,3500
fd-3145,2021-08-08,Mukono,Beans,8800
fd-3146,2020-11-10,Kansanga,banana leaves,23700
fd-3147,2020-08-06,Mukono,Beans,15800
fd-3148,2021-08-09,Mukono,fish,17900
fd-3149,2022-05-17,Kansanga,banana leaves,11300
fd-3150,2022-06-21,Nakasero,banana leaves,21000
fd-3151,2020-01-08,Nakasero,CASSAVA,-4300
fd-3152,2022-05-17,Kansanga,Maize,8500
fd-3153,2020-07-09,Bwaise,maize,14600
fd-3154,2020-05-27,,CASSAVA,22800
fd-3155,2020-10-23,Nakasero,maize,18800
fd-3156,2022-04-15,Kansanga,CASSAVA,19900
fd-3157,2022-07-29,Bwaise,banana leaves,5700
fd-3158,2020-05-24,Mukono,MAIZE,6400
fd-3158,2020-05-24,Mukono,MAIZE,6400
fd-3159,2020-01-01,Mukono,Cassava,7900
fd-3160,2020-05-21,Bwaise,beans,2800
fd-3161,2020-01-10,Kansanga,Beans,3200
fd-3162,2022-07-07,Kansanga,maize,15000
fd-3163,2020-03-12,Bwaise,fish,4500
fd-3163,2020-03-12,Bwaise,fish,4500
fd-3164,2020-10-18,Bwaise,eggs,6500
fd-3165,2022-03-08,Bwaise,MAIZE,15800
fd-3166,2022-06-26,,maize,13600
fd-3167,2026-19-40,Kansanga,maize,12300
fd-3167,2026-19-40,Kansanga,maize,12300
fd-3168,2021-09-21,Nakasero,MAIZE,10400
fd-3169,2020-02-08,Kansanga,beans,4800
fd-3170,2022-06-08,Kansanga,CASSAVA,12500
fd-3171,2021-01-15,,maize,14500
fd-3171,2021-12-24,Kansanga,eggs,22200
fd-3173,2022-08-24,Kansanga,beans,24300
fd-3173,2022-08-24,Kansanga,beans,24300
fd-3174,2021-09-01,Kansanga,banana leaves,17600
fd-3175,2021-08-07,Kansanga,banana leaves,23700
fd-3176,2020-09-20,,fish,19800
fd-3177,2020-01-15,Nakasero,banana leaves,22100
fd-3178,2021-03-22,Nakasero,eggs,24900
fd-3179,2020-04-13,Bwaise,Maize,18400
fd-3180,2021-10-28,Mukono,Maize,9900
fd-3181,2020-01-05,Mukono,MAIZE,14800
fd-3182,2020-05-20,Bwaise,banana leaves,23500
fd-3183,2022-04-26,Bwaise,Beans,15600
fd-3184,2021-06-09,,fish,4700
fd-3185,2021-05-09,Mukono,Beans,10000
fd-3185,2021-05-09,Mukono,Beans,10000
fd-3186,2020-03-19,Bwaise,beans,12600
fd-3187,2021-09-05,,beans,22700
fd-3188,2020-10-02,,Cassava,22700
fd-3189,2022-05-28,Kansanga,MAIZE,4400
fd-3189,2022-05-28,Kansanga,MAIZE,4400
fd-3190,2020-05-24,Kansanga,Maize,4800
fd-3190,2020-05-24,Kansanga,Maize,4800
fd-3191,2020-11-22,Kansanga,fish,9600
fd-3192,2021-02-12,Nakasero,Beans,12200
fd-3193,2020-06-25,Nakasero,CASSAVA,600
fd-3193,2020-06-25,Nakasero,CASSAVA,600
fd-3194,2021-06-17,Kansanga,fish,10000
fd-3195,2020-12-27,Nakasero,Beans,6200
fd-3196,2022-02-27,,banana leaves,10200
fd-3196,2022-02-27,,banana leaves,10200
fd-3197,2020-07-25,,Cassava,14400
fd-3197,2020-07-25,,Cassava,14400
fd-3198,2022-04-20,Kansanga,maize,15300
fd-3198,2022-04-20,Kansanga,maize,15300
fd-3199,2022-06-22,,beans,9200
fd-3200,2020-03-03,Bwaise,maize,11400
fd-3201,2020-08-16,Mukono,banana leaves,9600
fd-3202,2020-01-13,,Cassava,20400
fd-3203,2022-04-20,,CASSAVA,9400
fd-3204,2020-08-02,Nakasero,Cassava,17700
fd-3204,2020-08-02,Nakasero,Cassava,17700
fd-3205,2020-07-28,Nakasero,Cassava,16600
fd-3206,2021-08-09,Nakasero,CASSAVA,7700
fd-3207,2021-08-21,,maize,14600
fd-3207,2021-08-21,,maize,14600
fd-3208,2020-05-30,Mukono,eggs,12000
fd-3209,2020-12-06,,beans,1000
fd-3210,2020-08-20,Mukono,banana leaves,22200
fd-3211,2021-01-06,,Beans,4200
fd-3212,2022-01-25,Nakasero,fish,7100
fd-3212,2022-01-25,Nakasero,fish,7100
fd-3213,2022-05-09,,Beans,17500
fd-3214,2020-10-10,Mukono,banana leaves,8500
fd-3215,2021-03-15,Mukono,Beans,12800
fd-3216,2021-03-06,Kansanga,beans,7300
fd-3217,2020-01-03,Kansanga,Cassava,19800
fd-3218,2020-03-29,Nakasero,Maize,17800
fd-3219,2021-07-07,,MAIZE,5300
fd-3220,2021-07-30,Nakasero,Cassava,19900
fd-3221,2020-08-29,Bwaise,CASSAVA,7700
fd-3222,2022-08-26,,maize,6100
fd-3223,2020-02-06,Kansanga,Beans,23900
fd-3224,2022-06-28,,beans,15100
fd-3225,2022-03-21,Kansanga,Cassava,10700
fd-3226,2022-06-18,,fish,1800
fd-3227,2020-03-08,Nakasero,banana leaves,16600
fd-3228,2021-06-06,,Cassava,18500
fd-3229,2021-02-24,Bwaise,fish,-4400
fd-3230,2020-06-03,Bwaise,banana leaves,4000
fd-3231,2021-09-09,Mukono,Beans,18400
fd-3232,2021-08-03,,fish,21900
fd-3233,2022-04-15,Mukono,CASSAVA,-3400
fd-3234,2020-02-07,Mukono,maize,4800
fd-3235,2020-05-27,Kansanga,fish,8000
fd-3236,2022-08-10,Kansanga,beans,15300
fd-3237,2021-03-06,Kansanga,Beans,20600
fd-3238,2020-08-18,Bwaise,Beans,15100
fd-3238,2020-08-18,Bwaise,Beans,15100
fd-3239,2020-04-13,Bwaise,eggs,11200
fd-3240,2020-11-21,Kansanga,maize,21500
fd-3241,2022-06-17,Bwaise,fish,9600
fd-3242,2021-07-04,Bwaise,Maize,10700
fd-3242,2021-07-04,Bwaise,Maize,10700
fd-3243,2021-10-29,Mukono,MAIZE,21700
fd-3244,2021-07-02,Kansanga,Maize,13300
fd-3245,2022-01-31,Mukono,banana leaves,15200
fd-3246,2020-05-25,Bwaise,beans,21000
fd-3247,2021-02-25,Kansanga,banana leaves,1300
fd-3248,2021-03-09,Kansanga,beans,2600
fd-3249,2021-05-06,Bwaise,CASSAVA,7300
fd-3250,2021-01-09,Kansanga,MAIZE,23500
fd-3251,2021-06-05,Kansanga,fish,7300
fd-3252,2020-12-05,,Beans,22100
fd-3253,2020-08-20,Bwaise,beans,24600
fd-3254,2020-09-17,,eggs,13200
fd-3254,2020-09-17,,eggs,13200
fd-3255,2020-10-25,Kansanga,CASSAVA,13200
fd-3256,2021-08-09,Nakasero,fish,3100
fd-3257,2022-08-03,,Maize,14900
fd-3257,2022-08-03,,Maize,14900
fd-3257,2020-06-18,Mukono,fish,13700
fd-3259,2020-10-20,Mukono,eggs,10300
fd-3260,2022-06-29,Mukono,banana leaves,18900
fd-3261,2020-01-27,Bwaise,banana leaves,4600
fd-3262,2020-09-04,Bwaise,maize,14400
fd-3263,2022-02-06,Mukono,banana leaves,19600
fd-3264,2022-07-01,Bwaise,Cassava,15500
fd-3265,2021-02-27,Kansanga,Maize,-3800
fd-3266,2022-04-10,Mukono,MAIZE,4600
fd-3267,2021-09-20,,fish,-1400
fd-3268,2021-07-21,Bwaise,Cassava,20700
fd-3269,2021-09-21,Mukono,Beans,10400
fd-3270,2020-01-28,,MAIZE,11900
fd-3270,2020-01-28,,MAIZE,11900
fd-3271,2021-01-04,Kansanga,beans,12800
fd-3272,2021-05-16,Bwaise,Cassava,19000
fd-3273,2021-10-20,Kansanga,banana leaves,12100
fd-3274,2021-12-02,Kansanga,Cassava,9100
fd-3275,2020-08-09,,Beans,-4300
fd-3276,2022-01-09,Bwaise,beans,22800
fd-3277,2020-07-03,,fish,500
fd-3278,2020-03-08,Nakasero,Beans,24400
fd-3279,2020-10-26,,eggs,3500
fd-3280,2021-06-22,,CASSAVA,10800
fd-3281,2020-10-23,Mukono,banana leaves,8400
fd-3282,2021-06-10,Bwaise,maize,12700
fd-3283,2021-07-02,Kansanga,eggs,7200
fd-3284,2020-09-13,Bwaise,Cassava,14000
fd-3285,2021-05-12,,Maize,3600
fd-3285,2021-05-12,,Maize,3600
fd-3286,2020-11-23,Kansanga,beans,15300
fd-3287,2022-05-07,Mukono,MAIZE,19400
fd-3288,2020-03-14,Nakasero,beans,24800
fd-3289,2020-07-18,Mukono,MAIZE,14600
fd-3290,2020-12-09,Mukono,Beans,5000
fd-3291,2022-03-18,Bwaise,maize,16200
fd-3291,2022-03-18,Bwaise,maize,16200
fd-3292,2022-01-26,,banana leaves,3600
fd-3293,2020-07-29,,MAIZE,4900
fd-3294,2022-06-08,,MAIZE,6200
fd-3294,2022-06-08,,MAIZE,6200
fd-3295,2020-04-07,,maize,4200
fd-3296,2020-08-16,,Maize,21500
fd-3297,2022-09-23,Mukono,eggs,24500
fd-3298,2021-11-26,Nakasero,Beans,10400
fd-3299,2020-11-01,,CASSAVA,600
fd-3300,2020-07-16,Nakasero,MAIZE,24400
fd-3301,2022-02-07,Kansanga,CASSAVA,8400
fd-3302,2021-01-04,Bwaise,banana leaves,8100
fd-3303,2021-12-05,Bwaise,Cassava,13700
fd-3304,2020-09-30,Kansanga,Cassava,12600
fd-3305,2021-09-26,Kansanga,Cassava,9200
fd-3306,2021-02-18,,Beans,14900
fd-3307,2021-02-07,Kansanga,Beans,11500
fd-3308,2022-08-06,Kansanga,MAIZE,19300
fd-3309,2020-10-23,Bwaise,Cassava,19900
fd-3310,2020-06-09,Kansanga,Cassava,24900
fd-3311,2020-08-05,Nakasero,Cassava,16800
fd-3312,2021-02-26,Mukono,Cassava,5300
fd-3313,2021-09-22,,fish,3000
fd-3314,2022-08-27,,Maize,17300
fd-3315,2020-09-07,Mukono,CASSAVA,16000
fd-3316,2022-03-04,Mukono,Maize,20600
fd-3317,2021-12-29,Mukono,fish,13100
fd-3318,2020-05-05,Nakasero,Cassava,19900
fd-3319,2020-07-07,Nakasero,beans,19400
fd-3320,2021-12-20,Nakasero,Beans,7200
fd-3321,2020-05-22,,banana leaves,10300
fd-3321,2020-05-22,,banana leaves,10300
fd-3322,2021-06-01,Mukono,Maize,14000
fd-3323,2021-04-16,Mukono,banana leaves,22500
fd-3323,2021-04-16,Mukono,banana leaves,22500
fd-3324,2020-08-11,Nakasero,eggs,1500
fd-3325,2022-03-15,,maize,24000
fd-3326,2020-02-04,Mukono,eggs,9400
fd-3327,2021-03-05,Kansanga,eggs,9400
fd-3328,2021-07-30,,beans,2500
fd-3329,2020-08-09,Mukono,Maize,18300
fd-3330,2021-08-15,,Maize,2000
fd-3331,2022-07-04,Mukono,MAIZE,14100
fd-3332,2021-07-11,Mukono,Maize,20200
fd-3332,2021-07-11,Mukono,Maize,20200
fd-3333,2022-05-15,Bwaise,beans,24800
fd-3334,2020-06-08,Mukono,eggs,2900
fd-3335,2021-11-18,Mukono,CASSAVA,19800
fd-3336,2020-03-22,Nakasero,CASSAVA,23400
fd-3337,2022-06-16,Bwaise,Maize,10600
fd-3338,2020-11-06,Kansanga,maize,17500
fd-3339,2020-05-02,Bwaise,fish,21200
fd-3340,2021-12-14,Mukono,banana leaves,14700
fd-3341,2020-10-28,Kansanga,eggs,8300
fd-3342,2021-10-14,Kansanga,beans,4100
fd-3343,2020-10-20,Bwaise,eggs,4300
fd-3344,2020-08-31,Mukono,Beans,2100
fd-3345,2020-07-08,Kansanga,Maize,8700
fd-3346,2020-06-28,Kansanga,beans,500
fd-3347,2022-04-08,Mukono,CASSAVA,20000
fd-3348,2022-07-20,Nakasero,Cassava,9700
fd-3349,2020-02-29,Mukono,Beans,21100
fd-3350,2022-08-19,Kansanga,eggs,17000
fd-3351,2021-04-04,Mukono,CASSAVA,13700
fd-3352,2020-01-27,Nakasero,Cassava,16100
fd-3352,2020-01-27,Nakasero,Cassava,16100
fd-3353,2021-10-31,Nakasero,Maize,600
fd-3354,2022-09-11,Kansanga,MAIZE,23400
fd-3355,2020-01-06,Mukono,Cassava,20100
fd-3355,2020-01-06,Mukono,Cassava,20100
fd-3356,2022-02-16,Mukono,CASSAVA,5100
fd-3356,2022-02-16,Mukono,CASSAVA,5100
fd-3357,2022-01-07,Mukono,Maize,22100
fd-3358,2020-07-04,Bwaise,fish,900
fd-3359,2021-06-22,Bwaise,Beans,19800
fd-3360,2020-02-09,,beans,4200
fd-3361,2020-04-28,Bwaise,Beans,10800
fd-3362,2022-08-07,Bwaise,MAIZE,17800
fd-3363,2023-16-47,Nakasero,Maize,22200
fd-3364,2021-09-05,Kansanga,fish,4600
fd-3364,2022-07-05,Nakasero,Maize,23800
fd-3366,2020-12-06,Bwaise,fish,3600
fd-3367,2021-02-23,Kansanga,beans,21100
fd-3368,2021-06-06,,banana leaves,13100
fd-3369,2021-07-26,Mukono,eggs,19600
fd-3370,2022-04-23,,CASSAVA,8300
fd-3371,2020-11-22,Nakasero,fish,11700
fd-3372,2020-11-09,Mukono,fish,6600
fd-3373,2021-09-09,Kansanga,banana leaves,23000
fd-3374,2022-03-31,,Cassava,-4800
fd-3375,2020-09-03,Bwaise,CASSAVA,12600
fd-3376,2020-05-27,Kansanga,Cassava,7700
fd-3377,2022-07-09,,maize,7700
fd-3378,2022-01-10,Kansanga,banana leaves,21400
fd-3379,2021-04-15,Kansanga,MAIZE,700
fd-3380,2020-05-24,Nakasero,MAIZE,17200
fd-3380,2020-05-24,Nakasero,MAIZE,17200
fd-3381,2021-12-27,Bwaise,beans,11300
fd-3382,2020-04-20,Nakasero,fish,15500
fd-3383,2021-01-28,Bwaise,CASSAVA,12900
fd-3383,2021-01-28,Bwaise,CASSAVA,12900
fd-3384,2020-03-03,Bwaise,eggs,5200
fd-3385,2021-01-02,Bwaise,eggs,11000
fd-3386,2021-01-31,Bwaise,maize,5000
fd-3387,2021-12-07,,banana leaves,5600
fd-3388,2020-05-22,Bwaise,maize,13800
fd-3389,2020-05-02,Nakasero,eggs,13800
fd-3390,2022-05-04,Mukono,Cassava,4600
fd-3391,2020-05-04,Bwaise,banana leaves,1900
fd-3392,2020-01-08,Bwaise,MAIZE,-4700
fd-3393,2021-10-20,Bwaise,eggs,7800
fd-3394,2020-01-03,Mukono,maize,19500
fd-3395,2020-07-07,Nakasero,Cassava,22600
fd-3396,2021-01-12,Nakasero,banana leaves,24300
fd-3397,2020-05-26,Bwaise,maize,11700
fd-3398,2020-08-27,Mukono,Cassava,15800
fd-3399,2020-10-18,Nakasero,Cassava,24500
fd-3400,2025-18-37,Mukono,banana leaves,12000
fd-3401,2022-07-31,Mukono,CASSAVA,14500
fd-3402,2020-12-18,Bwaise,CASSAVA,14100
fd-3402,2020-12-18,Bwaise,CASSAVA,14100
fd-3403,2021-07-21,Mukono,Beans,2300
fd-3404,2020-03-02,Bwaise,MAIZE,22600
fd-3405,2022-08-07,Kansanga,maize,16100
fd-3406,2020-06-03,Bwaise,CASSAVA,12100
fd-3407,2022-04-18,,beans,12500
fd-3408,2020-10-19,Bwaise,banana leaves,1200
fd-3408,2020-10-19,Bwaise,banana leaves,1200
fd-3409,2022-04-30,Nakasero,eggs,18100
fd-3410,2021-12-20,Mukono,eggs,14800
fd-3411,2021-01-24,Kansanga,banana leaves,16100
fd-3412,2021-05-17,,eggs,16700
fd-3413,2020-12-15,Bwaise,fish,3500
fd-3414,2022-04-14,Kansanga,Beans,14500
fd-3415,2022-03-23,Bwaise,Beans,5200
fd-3416,2020-12-19,Bwaise,eggs,12400
fd-3417,2021-09-20,Kansanga,Cassava,14900
fd-3418,2020-10-12,,beans,4400
fd-3418,2020-10-12,,beans,4400
fd-3419,2020-01-06,Kansanga,banana leaves,19000
fd-3420,2022-05-29,Mukono,MAIZE,2200
fd-3421,2022-06-15,Kansanga,CASSAVA,8000
fd-3422,2021-08-21,Bwaise,beans,9300
fd-3423,2020-11-04,Kansanga,Beans,6500
fd-3424,2021-04-17,,maize,11800
fd-3425,2022-06-17,Bwaise,Beans,17500
fd-3426,2020-07-27,Bwaise,banana leaves,3500
fd-3427,2022-08-24,Bwaise,eggs,21600
fd-3428,2021-08-04,Nakasero,Beans,13400
fd-3429,2021-02-08,Bwaise,Cassava,22400
fd-3430,2021-06-16,Kansanga,eggs,-4800
fd-3431,2020-01-28,Mukono,fish,9200
fd-3432,2022-06-09,,eggs,7400
fd-3433,2020-01-24,,MAIZE,23100
fd-3434,2021-10-15,Mukono,eggs,11400
fd-3435,2022-07-01,Kansanga,banana leaves,18900
fd-3436,2022-01-02,Mukono,Maize,5200
fd-3437,2022-07-18,,eggs,21900
fd-3438,2022-07-09,Nakasero,beans,16000
fd-3439,2022-07-05,Mukono,fish,7600
fd-3440,2022-02-14,Mukono,beans,2700
fd-3440,2022-02-14,Mukono,beans,2700
fd-3441,2020-12-22,Kansanga,Cassava,11600
fd-3442,2021-06-18,Mukono,beans,7600
fd-3443,2020-02-21,Bwaise,maize,800
fd-3444,2021-01-25,Nakasero,CASSAVA,15200
fd-3445,2021-09-14,Mukono,MAIZE,22000
fd-3446,2021-07-26,Bwaise,CASSAVA,14700
fd-3447,2021-03-10,,Cassava,19100
fd-3448,2020-12-30,,fish,7000
fd-3449,2022-01-06,Nakasero,maize,18000
fd-3450,2021-07-06,Mukono,banana leaves,11200
fd-3451,2021-01-08,Bwaise,eggs,19900
fd-3452,2021-02-01,Kansanga,MAIZE,23400
fd-3453,2020-12-04,,beans,14500
fd-3454,2022-04-14,Bwaise,maize,17300
fd-3455,2020-07-02,Kansanga,Cassava,18800
fd-3456,2021-10-15,Nakasero,maize,4600
fd-3457,2020-04-19,Bwaise,maize,15800
fd-3458,2024-17-45,Kansanga,MAIZE,700
fd-3459,2022-06-04,Bwaise,CASSAVA,15800
fd-3460,2020-05-03,,beans,4700
fd-3461,2021-02-03,Bwaise,maize,2500
fd-3461,2021-02-03,Bwaise,maize,2500
fd-3462,2020-02-19,Bwaise,beans,10100
fd-3463,2022-09-14,Mukono,Beans,16300
fd-3464,2021-04-25,Mukono,banana leaves,23800
fd-3465,2021-08-19,Kansanga,Maize,23700
fd-3466,2022-02-27,Kansanga,Cassava,20300
fd-3467,2020-08-28,Bwaise,beans,1000
fd-3467,2020-08-28,Bwaise,beans,1000
fd-3468,2022-08-16,Nakasero,MAIZE,12900
fd-3469,2021-10-01,Bwaise,MAIZE,3300
fd-3470,2021-09-30,Mukono,CASSAVA,-2200
fd-3471,2022-02-19,Mukono,Beans,21400
fd-3472,2020-02-08,Mukono,maize,23700
fd-3473,2024-17-45,Mukono,MAIZE,18800
fd-3474,2021-04-24,Nakasero,banana leaves,18700
fd-3475,2021-06-03,,eggs,3400
fd-3476,2021-04-28,,Maize,13000
fd-3477,2021-02-27,Kansanga,beans,8300
fd-3478,2022-08-23,Kansanga,MAIZE,13800
fd-3479,2020-11-13,Kansanga,fish,19900
fd-3480,2020-05-11,Nakasero,maize,-4900
fd-3481,2020-01-22,,Cassava,3300
fd-3482,2020-11-23,Mukono,banana leaves,-1900
fd-3483,2022-06-17,Mukono,Cassava,7100
fd-3484,2020-07-21,Bwaise,Beans,21900
fd-3485,2022-05-02,Bwaise,maize,2400
fd-3485,2022-05-02,Bwaise,maize,2400
fd-3486,2022-04-20,,banana leaves,18600
fd-3487,2022-15-48,,maize,21500
fd-3488,2020-10-12,Mukono,Beans,20100
fd-3489,2022-01-27,Bwaise,maize,23600
fd-3490,2020-09-05,Kansanga,Cassava,21500
fd-3490,2020-09-05,Kansanga,Cassava,21500
fd-3491,2020-05-20,Kansanga,fish,19200
fd-3492,2020-09-19,Kansanga,maize,24000
fd-3493,2020-03-31,Mukono,Beans,7400
fd-3494,2024-17-45,Kansanga,CASSAVA,20300
fd-3495,2020-04-06,,banana leaves,24900
fd-3496,2021-04-30,Kansanga,Beans,24300
fd-3497,2021-12-07,Mukono,fish,13500
fd-3498,2022-04-09,Bwaise,Cassava,14600
fd-3499,2020-01-26,Mukono,Cassava,21400
fd-3500,2020-06-11,Bwaise,Cassava,15000
fd-3501,2025-18-37,Bwaise,CASSAVA,3300
fd-3502,2020-07-10,,banana leaves,23900
fd-3503,2021-08-17,,eggs,19000
fd-3504,2021-05-03,Kansanga,CASSAVA,11000
fd-3505,2020-01-26,,eggs,12600
fd-3506,2022-08-04,Mukono,beans,14900
fd-3507,2021-05-09,,banana leaves,2700
fd-3508,2022-06-02,Nakasero,Cassava,3500
fd-3509,2022-05-11,Nakasero,fish,2300
fd-3510,2022-01-05,,MAIZE,19900
fd-3511,2021-07-28,Kansanga,Beans,2100
fd-3512,2021-08-26,Bwaise,maize,24400
fd-3513,2025-18-37,,Cassava,1600
fd-3514,2020-01-24,Kansanga,banana leaves,6400
fd-3515,2020-08-03,Mukono,fish,-4400
fd-3515,2021-10-16,Bwaise,maize,9000
fd-3517,2021-03-09,Bwaise,beans,19300
fd-3518,2022-01-22,Nakasero,maize,11200
fd-3519,2021-10-19,Nakasero,beans,22200
fd-3520,2022-03-06,Kansanga,beans,-3500
fd-3521,2021-10-23,Nakasero,beans,7600
fd-3522,2021-11-02,Kansanga,fish,22200
fd-3523,2020-07-22,Nakasero,fish,10200
fd-3524,2022-08-07,Nakasero,fish,21100
fd-3525,2021-03-20,Kansanga,beans,8300
fd-3526,2021-04-29,Nakasero,fish,17100
fd-3527,2022-06-24,Kansanga,banana leaves,22000
fd-3528,2022-09-25,Kansanga,banana leaves,18000
fd-3528,2022-09-25,Kansanga,banana leaves,18000
fd-3529,2020-11-08,Nakasero,maize,24100
fd-3529,2020-11-08,Nakasero,maize,24100
fd-3530,2021-04-19,Bwaise,maize,6900
fd-3531,2022-02-15,Bwaise,banana leaves,-3100
fd-3532,2020-05-25,,Beans,11800
fd-3533,2024-17-45,Mukono,Maize,11400
fd-3534,2021-11-23,Bwaise,maize,11700
fd-3534,2021-11-23,Bwaise,maize,11700
fd-3535,2020-11-15,Bwaise,Beans,2600
fd-3536,2021-12-01,Bwaise,eggs,20800
fd-3537,2022-03-27,Mukono,Maize,22000
fd-3538,2020-06-19,Kansanga,Beans,15500
fd-3539,2021-11-22,Kansanga,MAIZE,11700
fd-3540,2020-08-16,,eggs,22600
fd-3541,2020-09-22,Kansanga,maize,21000
fd-3542,2021-05-03,Nakasero,Beans,10700
fd-3543,2020-02-02,Kansanga,MAIZE,18300
fd-3544,2021-03-28,Nakasero,Cassava,5100
fd-3545,2021-01-18,Kansanga,MAIZE,8900
fd-3546,2021-06-10,Nakasero,fish,21900
fd-3547,2022-08-13,Mukono,Cassava,3200
fd-3548,2026-19-40,Bwaise,banana leaves,2900
fd-3549,2020-12-09,Mukono,Beans,19800
fd-3550,2021-11-24,Kansanga,CASSAVA,3700
fd-3551,2022-03-11,Bwaise,fish,17800
fd-3552,2022-08-16,Mukono,beans,2300
fd-3553,2020-10-31,Nakasero,maize,5200
fd-3554,2020-09-09,Nakasero,MAIZE,12600
fd-3555,2020-03-06,Mukono,Beans,1200
fd-3556,2020-03-28,,eggs,8600
fd-3557,2022-03-25,Mukono,maize,5600
fd-3558,2021-11-25,Mukono,Beans,-4400
fd-3559,2021-04-23,,MAIZE,11600
fd-3560,2020-06-14,,Maize,5100
fd-3561,2021-05-30,Kansanga,eggs,5500
fd-3562,2021-08-03,Mukono,Beans,22700
fd-3563,2020-01-28,Nakasero,MAIZE,22800
fd-3563,2020-12-20,,banana leaves,3100
fd-3565,2020-11-21,Mukono,maize,6300
fd-3565,2020-11-21,Mukono,maize,6300
fd-3566,2022-04-06,,eggs,18600
fd-3567,2020-11-13,Nakasero,maize,10800
fd-3568,2020-08-31,Mukono,beans,-1900
fd-3569,2021-12-07,Kansanga,Beans,2700
fd-3570,2021-03-10,,fish,2900
fd-3571,2021-04-02,Bwaise,Maize,-2000
fd-3572,2020-03-02,Mukono,fish,5300
fd-3572,2020-03-02,Mukono,fish,5300
fd-3573,2020-06-22,Nakasero,eggs,18500
fd-3574,2022-02-09,Kansanga,fish,21300
fd-3575,2024-17-45,,Maize,23400
fd-3576,2020-01-13,Kansanga,fish,10500
fd-3577,2020-02-13,Mukono,Beans,8900
fd-3578,2021-04-30,Mukono,CASSAVA,8400
fd-3579,2022-03-24,,banana leaves,6400
fd-3579,2022-02-22,Mukono,banana leaves,20800
fd-3581,2022-08-15,Nakasero,Cassava,5100
fd-3582,2020-04-27,,MAIZE,16800
fd-3583,2022-04-10,Mukono,fish,5100
fd-3584,2020-04-19,Bwaise,Cassava,13000
fd-3585,2020-01-26,Nakasero,Beans,15500
fd-3586,2021-05-04,Nakasero,maize,5000
fd-3587,2022-09-05,Nakasero,Cassava,10300
fd-3588,2021-05-21,Kansanga,eggs,500
fd-3589,2021-04-13,Kansanga,Maize,6200
fd-3590,2021-06-07,Bwaise,Maize,17900
fd-3591,2020-09-25,Kansanga,maize,13200
fd-3592,2021-08-30,,CASSAVA,7500
fd-3593,2020-01-04,Mukono,beans,16400
fd-3594,2022-01-16,Bwaise,Maize,19300
fd-3595,2022-09-04,,Maize,5900
fd-3596,2020-08-16,Nakasero,Maize,-4000
fd-3596,2020-08-16,Nakasero,Maize,-4000
fd-3597,2021-08-15,Mukono,Maize,6000
fd-3598,2021-06-15,Bwaise,maize,4200
fd-3599,2021-02-14,Mukono,CASSAVA,15100
fd-3600,2021-06-17,Nakasero,banana leaves,9800
fd-3601,2020-11-19,Bwaise,MAIZE,4500
fd-3602,2020-12-09,Kansanga,Beans,3600
fd-3603,2022-08-21,Mukono,Cassava,7400
fd-3604,2021-12-24,Nakasero,Cassava,3600
fd-3605,2021-09-02,Kansanga,Beans,15200
fd-3606,2020-04-15,Kansanga,banana leaves,13900
fd-3607,2020-03-31,,eggs,23100
fd-3608,2020-02-24,Kansanga,fish,5900
fd-3609,2022-04-23,Mukono,CASSAVA,16600
fd-3610,2020-04-27,Kansanga,eggs,23100
fd-3611,2020-09-04,Mukono,CASSAVA,17700
fd-3612,2020-02-16,Nakasero,banana leaves,8400
fd-3613,2020-10-29,Nakasero,fish,16900
fd-3614,2022-04-20,Bwaise,banana leaves,18400
fd-3615,2020-10-12,Bwaise,banana leaves,5200
fd-3616,2020-04-18,Kansanga,beans,20100
fd-3617,2022-06-18,Mukono,beans,14200
fd-3618,2021-12-21,Bwaise,eggs,1700
fd-3619,2021-09-04,Nakasero,Beans,7300
fd-3620,2020-04-06,Nakasero,Cassava,2200
fd-3620,2021-04-26,,Cassava,24600
fd-3622,2021-08-24,Kansanga,beans,19400
fd-3623,2022-01-16,Mukono,fish,20500
fd-3624,2021-05-10,Bwaise,Beans,3500
fd-3625,2020-07-30,Bwaise,banana leaves,14500
fd-3626,2021-05-05,Bwaise,beans,23600
fd-3627,2021-10-23,Bwaise,beans,20700
fd-3628,2022-04-10,Mukono,Cassava,8500
fd-3629,2022-07-12,Mukono,Maize,3700
fd-3630,2020-10-30,,beans,22300
fd-3630,2020-10-30,,beans,22300
fd-3631,2022-05-06,Nakasero,maize,10500
fd-3632,2020-04-03,Mukono,fish,2600
fd-3633,2021-09-19,,beans,16700
fd-3634,2020-03-07,Bwaise,CASSAVA,-3800
fd-3635,2020-04-05,,maize,6300
fd-3636,2022-03-09,Mukono,maize,10900
fd-3637,2021-08-14,,MAIZE,-1100
fd-3638,2021-03-19,,Cassava,6000
fd-3639,2020-04-05,,beans,2600
fd-3640,2021-09-15,Mukono,banana leaves,10500
fd-3641,2020-10-28,Mukono,Cassava,6300
fd-3642,2020-07-25,Nakasero,fish,8000
fd-3643,2020-04-14,,Cassava,20500
fd-3644,2022-04-07,Nakasero,beans,8600
fd-3645,2022-08-25,Bwaise,fish,1100
fd-3646,2020-01-23,,Beans,18800
fd-3647,2021-01-17,,beans,16200
fd-3648,2021-03-13,,Cassava,7300
fd-3649,2021-02-18,Nakasero,maize,4500
fd-3650,2026-19-40,,banana leaves,4900
fd-3651,2020-10-08,Nakasero,banana leaves,22300
fd-3652,2021-08-26,,banana leaves,15400
fd-3652,2021-08-26,,banana leaves,15400
fd-3653,2022-05-23,Mukono,Cassava,3200
fd-3654,2020-03-23,Mukono,eggs,9000
fd-3655,2021-04-03,Mukono,Beans,12200
fd-3656,2022-15-48,Mukono,fish,14300
fd-3657,2021-11-09,Nakasero,beans,24100
fd-3658,2022-09-19,Nakasero,banana leaves,14700
fd-3659,2022-08-06,Nakasero,Beans,1000
fd-3660,2021-12-25,,eggs,10600
fd-3660,2021-12-25,,eggs,10600
fd-3661,2020-09-27,Bwaise,fish,15900
fd-3662,2020-12-05,Kansanga,Maize,1500
fd-3663,2021-11-29,Bwaise,fish,23600
fd-3664,2021-01-20,Nakasero,fish,2800
fd-3665,2021-10-24,Nakasero,banana leaves,13800
fd-3666,2020-07-19,Nakasero,fish,1100
fd-3667,2022-05-20,Bwaise,CASSAVA,12800
fd-3668,2021-10-26,Bwaise,maize,21500
fd-3669,2022-06-08,Kansanga,CASSAVA,12800
fd-3670,2020-12-01,Kansanga,MAIZE,6800
fd-3671,2020-10-15,Bwaise,banana leaves,17100
fd-3672,2020-09-07,Bwaise,Maize,22500
fd-3673,2021-11-26,Kansanga,Maize,24800
fd-3674,2020-05-07,Kansanga,beans,12200
fd-3675,2021-02-27,Bwaise,Cassava,13300
fd-3676,2021-09-20,,banana leaves,16700
fd-3677,2021-01-18,,beans,21800
fd-3678,2020-12-08,Bwaise,banana leaves,6700
fd-3679,2022-04-25,Mukono,eggs,15700
fd-3680,2026-19-40,Bwaise,maize,16200
fd-3681,2021-03-31,Nakasero,eggs,2900
fd-3682,2022-03-06,Bwaise,maize,2400
fd-3683,2022-05-21,Nakasero,maize,12700
fd-3684,2022-02-01,Nakasero,beans,17700
fd-3685,2021-03-08,Nakasero,eggs,6400
fd-3686,2021-02-25,Kansanga,maize,22400
fd-3687,2021-04-22,Mukono,banana leaves,2700
fd-3687,2021-04-22,Mukono,banana leaves,2700
fd-3688,2022-02-10,Nakasero,Cassava,20100
fd-3689,2022-01-23,Kansanga,Beans,3300
fd-3690,2020-08-08,Kansanga,beans,3000
fd-3691,2022-08-03,Mukono,fish,21700
fd-3692,2025-18-37,Kansanga,banana leaves,22400
fd-3693,2022-06-25,Bwaise,banana leaves,-3500
fd-3694,2021-09-06,,Beans,-2400
fd-3695,2020-08-26,Bwaise,maize,19300
fd-3696,2022-05-25,Mukono,Beans,16200
fd-3697,2022-07-25,Bwaise,Maize,12100
fd-3697,2022-07-25,Bwaise,Maize,12100
fd-3698,2021-01-20,Mukono,beans,15200
fd-3699,2020-04-02,Nakasero,CASSAVA,16800
fd-3700,2020-11-05,Bwaise,maize,20300
fd-3701,2022-02-03,Bwaise,eggs,16200
fd-3702,2021-07-04,Kansanga,Cassava,16700
fd-3703,2020-07-27,Nakasero,Maize,6600
fd-3703,2020-07-27,Nakasero,Maize,6600
fd-3704,2020-09-30,Kansanga,Beans,3000
fd-3705,2022-03-05,,Beans,23200
fd-3706,2022-06-16,,banana leaves,19400
fd-3707,2022-09-23,Mukono,MAIZE,18600
fd-3708,2022-05-09,Mukono,Cassava,20800
fd-3709,2020-04-09,,eggs,19200
fd-3710,2022-01-19,Mukono,eggs,2600
fd-3711,2020-05-10,,MAIZE,5600
fd-3712,2021-04-19,Bwaise,maize,24600
fd-3713,2020-06-07,Kansanga,eggs,3300
fd-3714,2020-03-26,Nakasero,Beans,2200
fd-3715,2020-03-01,Nakasero,beans,-3200
fd-3716,2020-02-18,,Cassava,18400
fd-3717,2021-02-20,Kansanga,eggs,10500
fd-3718,2021-07-25,Bwaise,banana leaves,5100
fd-3719,2020-09-30,Nakasero,MAIZE,10500
fd-3720,2022-04-02,Mukono,maize,3900
fd-3721,2021-01-24,,Maize,-1400
fd-3722,2021-06-23,Bwaise,MAIZE,4800
fd-3723,2021-03-03,,MAIZE,3200
fd-3724,2021-02-15,Bwaise,Cassava,19100
fd-3725,2020-07-17,Nakasero,CASSAVA,23700
fd-3725,2020-08-23,Bwaise,Beans,4800
fd-3727,2020-06-10,Bwaise,maize,-2400
fd-3728,2020-12-13,,CASSAVA,8800
fd-3729,2020-05-28,,Beans,11400
fd-3730,2021-11-24,,maize,5300
fd-3731,2022-04-05,Kansanga,maize,1400
fd-3732,2020-01-14,Kansanga,Beans,16100
fd-3733,2021-09-13,Nakasero,maize,1200
fd-3734,2022-01-16,,fish,13300
fd-3735,2022-07-11,Kansanga,Beans,12100
fd-3736,2021-05-18,,fish,15000
fd-3737,2022-07-22,,banana leaves,2900
fd-3738,2021-10-24,Bwaise,MAIZE,1200
fd-3739,2022-06-07,Bwaise,fish,9600
fd-3740,2021-04-02,Mukono,banana leaves,7500
fd-3741,2022-01-08,Nakasero,fish,11000
fd-3742,2021-08-06,Nakasero,beans,23800
fd-3743,2022-01-18,Mukono,Beans,14900
fd-3744,2020-04-05,Kansanga,CASSAVA,2300
fd-3745,2021-11-04,Kansanga,CASSAVA,-2800
fd-3746,2022-04-14,,Cassava,11300
fd-3747,2020-06-19,Nakasero,fish,5700
fd-3748,2020-01-02,Mukono,fish,8500
fd-3749,2021-06-10,Nakasero,Cassava,10200
fd-3750,2021-02-23,Kansanga,fish,-1200
fd-3751,2021-05-06,Nakasero,beans,19300
fd-3752,2021-10-13,Bwaise,Maize,11000
fd-3753,2021-09-06,Bwaise,fish,16500
fd-3754,2020-03-30,Mukono,beans,13100
fd-3755,2021-03-30,Nakasero,Maize,21800
fd-3756,2020-09-20,Nakasero,eggs,13800
fd-3757,2022-03-08,Kansanga,beans,20500
fd-3758,2022-08-15,Mukono,maize,7200
fd-3759,2022-05-05,Mukono,Cassava,1700
fd-3760,2021-10-29,Bwaise,MAIZE,5200
fd-3761,2022-02-01,Bwaise,beans,20100
fd-3762,2021-08-04,,beans,23200
fd-3762,2021-08-04,,beans,23200
fd-3763,2021-06-02,Mukono,beans,-4200
fd-3764,2026-19-40,Nakasero,eggs,8400
fd-3765,2022-02-03,Kansanga,Maize,11100
fd-3766,2021-13-49,,MAIZE,1800
fd-3767,2022-08-11,Kansanga,MAIZE,2000
fd-3768,2021-12-14,Nakasero,banana leaves,4000
fd-3769,2020-12-23,Kansanga,CASSAVA,22800
fd-3770,2020-06-23,Mukono,Beans,24100
fd-3771,2020-08-10,,eggs,22500
fd-3772,2020-05-22,Mukono,MAIZE,14100
fd-3773,2021-05-04,,beans,13400
fd-3773,2021-05-04,,beans,13400
fd-3774,2020-01-23,Kansanga,Beans,18900
fd-3775,2020-03-07,Kansanga,CASSAVA,2700
fd-3776,2020-04-08,Nakasero,banana leaves,11600
fd-3777,2021-09-26,,MAIZE,22500
fd-3778,2021-11-09,,CASSAVA,15000
fd-3779,2022-07-08,Mukono,CASSAVA,-3700
fd-3780,2021-12-26,Bwaise,beans,14600
fd-3781,2022-05-30,Kansanga,banana leaves,5100
fd-3782,2021-09-19,Mukono,CASSAVA,23200
fd-3783,2021-01-03,,CASSAVA,2100
fd-3784,2021-10-20,Nakasero,CASSAVA,7900
fd-3785,2021-11-10,Mukono,beans,16300
fd-3786,2022-09-12,,Beans,3900
fd-3787,2021-10-11,Kansanga,beans,17900
fd-3788,2021-09-26,Nakasero,MAIZE,5200
fd-3789,2020-01-19,,Beans,20000
fd-3790,2020-04-10,Kansanga,Cassava,-1800
fd-3791,2021-10-05,Mukono,eggs,8300
fd-3792,2021-10-15,Nakasero,CASSAVA,-5000
fd-3793,2022-09-26,Kansanga,Maize,16600
fd-3794,2022-04-20,Bwaise,beans,11900
fd-3795,2021-06-14,Bwaise,CASSAVA,12700
fd-3796,2020-01-27,Bwaise,banana leaves,3800
fd-3796,2020-01-27,Bwaise,banana leaves,3800
fd-3797,2020-02-01,Mukono,Maize,1600
fd-3798,2020-10-03,,maize,14600
fd-3799,2020-11-17,Mukono,Cassava,5600
fd-3800,2022-03-10,Bwaise,fish,19600
fd-3801,2020-07-21,Kansanga,CASSAVA,12500
fd-3802,2021-08-31,Kansanga,maize,15300
fd-3803,2022-03-08,Mukono,eggs,11800
fd-3804,2020-03-17,Nakasero,eggs,-3100
fd-3805,2020-11-13,,eggs,22500
fd-3806,2022-01-14,,Cassava,2500
fd-3807,2020-07-19,Mukono,maize,22500
fd-3808,2021-03-23,Nakasero,fish,13200
fd-3809,2020-12-16,Bwaise,Cassava,24400
fd-3810,2022-03-08,Mukono,MAIZE,17600
fd-3811,2022-04-09,Bwaise,MAIZE,5900
fd-3812,2022-06-06,Bwaise,Cassava,4000
fd-3813,2022-04-05,Bwaise,Beans,10500
fd-3814,2022-09-13,Nakasero,beans,12600
fd-3815,2020-11-20,Nakasero,beans,4000
fd-3816,2021-11-12,Nakasero,Maize,15200
fd-3817,2020-05-27,Mukono,eggs,21700
fd-3818,2021-03-31,Kansanga,fish,3700
fd-3819,2022-08-19,Mukono,beans,4900
fd-3820,2021-06-18,Bwaise,eggs,9200
fd-3821,2021-03-29,Bwaise,fish,13200
fd-3821,2021-03-29,Bwaise,fish,13200
fd-3821,2022-03-07,Kansanga,beans,16300
fd-3821,2022-03-07,Kansanga,beans,16300
fd-3823,2021-11-08,Kansanga,Cassava,18300
fd-3824,2021-09-10,Nakasero,maize,21900
fd-3825,2020-07-08,Mukono,CASSAVA,9700
fd-3826,2020-02-20,Nakasero,Maize,19300
fd-3827,2020-06-14,Kansanga,beans,13600
fd-3828,2021-08-25,,Maize,11000
fd-3829,2021-11-29,Mukono,Cassava,8600
fd-3830,2022-01-06,Kansanga,maize,4700
fd-3831,2022-09-11,,CASSAVA,4500
fd-3832,2021-08-10,Mukono,eggs,18300
fd-3833,2021-04-18,Nakasero,MAIZE,11300
fd-3834,2022-07-11,Kansanga,MAIZE,11600
fd-3835,2021-13-49,Mukono,Cassava,1300
fd-3836,2020-10-09,,maize,20200
fd-3837,2020-08-24,,beans,20800
fd-3837,2020-09-02,Nakasero,Maize,11500
fd-3839,2021-12-07,Nakasero,Maize,-4400
fd-3840,2022-02-22,Mukono,MAIZE,8500
fd-3841,2022-09-01,,CASSAVA,800
fd-3842,2021-09-09,Kansanga,Maize,16600
fd-3843,2020-14-50,Nakasero,Cassava,2300
fd-3844,2022-07-20,Kansanga,maize,13300
fd-3845,2021-10-08,,banana leaves,8300
fd-3846,2021-07-24,Kansanga,Cassava,22300
fd-3847,2020-08-17,Nakasero,Beans,21900
fd-3848,2021-04-10,Bwaise,Maize,15900
fd-3849,2020-09-27,,Cassava,24100
fd-3850,2021-05-26,Nakasero,Beans,500
fd-3851,2020-02-14,,beans,14800
fd-3852,2020-04-04,Nakasero,Cassava,-3700
fd-3853,2021-08-31,,Beans,24000
fd-3854,2020-04-30,Mukono,Maize,19300
fd-3855,2020-10-23,Nakasero,Cassava,5400
fd-3856,2021-01-31,,eggs,11500
fd-3857,2021-13-49,,maize,8900
fd-3858,2022-01-29,Kansanga,maize,12900
fd-3859,2022-06-05,Kansanga,Maize,4800
fd-3860,2021-10-01,Kansanga,CASSAVA,14800
fd-3861,2020-07-29,,banana leaves,13800
fd-3862,2020-07-07,Kansanga,Maize,3200
fd-3862,2020-07-07,Kansanga,Maize,3200
fd-3863,2021-01-01,Mukono,MAIZE,14200
fd-3864,2021-07-06,Bwaise,beans,8000
fd-3865,2022-03-17,Bwaise,eggs,8000
fd-3866,2022-04-13,Mukono,Cassava,8900
fd-3867,2024-17-45,Nakasero,MAIZE,14800
fd-3868,2021-09-05,Nakasero,Maize,11700
fd-3869,2022-03-15,Kansanga,beans,18700
fd-3870,2020-12-14,Bwaise,Maize,19400
fd-3871,2020-01-11,Nakasero,MAIZE,10600
fd-3872,2021-13-49,Kansanga,Cassava,10400
fd-3873,2021-05-06,,Cassava,21300
fd-3874,2021-13-49,Mukono,eggs,4700
fd-3875,2021-05-07,Mukono,Maize,23900
fd-3876,2022-08-02,Bwaise,banana leaves,22100
fd-3877,2022-03-06,Kansanga,MAIZE,17500
fd-3878,2020-09-14,Bwaise,beans,13800
fd-3879,2021-11-13,,Cassava,4200
fd-3880,2021-07-08,,fish,-5000
fd-3880,2021-07-08,,fish,-5000
fd-3881,2021-06-23,Kansanga,beans,3000
fd-3882,2022-01-18,Mukono,Maize,16500
fd-3883,2021-02-11,Nakasero,fish,5000
fd-3884,2022-06-28,Nakasero,Cassava,15700
fd-3885,2020-12-30,Bwaise,Cassava,19200
fd-3886,2020-08-23,Kansanga,maize,11600
fd-3887,2020-07-12,Bwaise,maize,12700
fd-3888,2021-12-06,,eggs,23600
fd-3889,2022-06-04,Nakasero,Beans,19900
fd-3890,2020-10-01,,Beans,3700
fd-3891,2020-02-15,Mukono,banana leaves,20400
fd-3892,2020-01-29,,MAIZE,19200
fd-3893,2021-07-16,Nakasero,MAIZE,23600
fd-3894,2022-05-01,Nakasero,banana leaves,6900
fd-3895,2021-08-30,Mukono,Beans,21100
fd-3896,2020-03-20,Kansanga,eggs,21600
fd-3897,2020-01-20,Kansanga,Beans,15500
fd-3898,2022-09-13,Nakasero,MAIZE,15800
fd-3899,2020-05-13,Nakasero,banana leaves,18300
fd-3900,2021-08-11,Kansanga,CASSAVA,21600
fd-3901,2022-06-22,Nakasero,beans,10500
fd-3902,2021-09-29,Kansanga,fish,20200
fd-3903,2020-12-11,Kansanga,beans,17400
fd-3904,2021-09-20,,maize,7900
fd-3905,2022-15-48,Bwaise,beans,14200
fd-3906,2021-08-04,Nakasero,maize,14200
fd-3907,2020-05-10,Nakasero,MAIZE,23200
fd-3908,2021-01-09,Nakasero,banana leaves,1500
fd-3909,2021-09-01,Mukono,beans,21100
fd-3910,2020-05-31,Kansanga,eggs,23700
fd-3911,2021-02-09,Nakasero,Maize,11200
fd-3912,2020-14-50,Mukono,fish,20500
fd-3913,2021-06-24,Nakasero,CASSAVA,5800
fd-3914,2022-03-23,Nakasero,banana leaves,14100
fd-3915,2022-08-14,Mukono,Beans,20000
fd-3915,2022-08-14,Mukono,Beans,20000
fd-3916,2022-07-23,Bwaise,beans,8200
fd-3916,2020-05-26,,banana leaves,-4900
fd-3918,2022-05-12,Kansanga,Cassava,21600
fd-3919,2020-09-12,Nakasero,Beans,2200
fd-3920,2020-05-07,Kansanga,banana leaves,5200
fd-3921,2021-03-29,Nakasero,beans,7800
fd-3922,2021-08-11,Kansanga,banana leaves,-3700
fd-3923,2022-06-04,Bwaise,Beans,15800
fd-3924,2020-09-11,,Maize,8500
fd-3924,2020-09-11,,Maize,8500
fd-3925,2020-09-11,Bwaise,maize,8000
fd-3926,2020-10-27,Kansanga,beans,-2700
fd-3927,2020-06-10,Mukono,eggs,1900
fd-3928,2020-09-11,Bwaise,Beans,1400
fd-3929,2020-11-28,,CASSAVA,19700
fd-3930,2020-02-23,Nakasero,MAIZE,21700
fd-3931,2021-02-06,Nakasero,Maize,20800
fd-3932,2020-05-14,Nakasero,eggs,1600
fd-3933,2020-04-03,Bwaise,Beans,11900
fd-3934,2021-09-17,Nakasero,Maize,15900
fd-3935,2020-11-17,Nakasero,CASSAVA,13300
fd-3936,2021-10-08,Bwaise,beans,1000
fd-3937,2020-05-17,Mukono,fish,23900
fd-3938,2026-19-40,Mukono,CASSAVA,2800
fd-3939,2021-09-13,,Cassava,12200
fd-3940,2022-06-17,Mukono,beans,7500
fd-3941,2021-06-01,Mukono,banana leaves,-4900
fd-3942,2022-01-20,Mukono,maize,20100
fd-3943,2021-07-24,Mukono,fish,1700
fd-3944,2020-04-27,Kansanga,eggs,4200
fd-3945,2022-01-21,Nakasero,Maize,22900
fd-3946,2020-12-24,Mukono,banana leaves,13600
fd-3947,2021-05-05,Bwaise,fish,-3100
fd-3948,2020-01-02,,Maize,10000
fd-3949,2020-12-26,Kansanga,beans,-2900
fd-3950,2022-09-09,,eggs,-3400
fd-3951,2021-09-04,,banana leaves,21500
fd-3952,2020-07-28,Kansanga,CASSAVA,9000
fd-3953,2021-03-21,Kansanga,fish,14100
fd-3954,2022-02-20,Kansanga,Maize,10400
fd-3955,2022-03-25,Nakasero,Cassava,10400
fd-3956,2022-07-27,Kansanga,eggs,5300
fd-3956,2022-07-27,Kansanga,eggs,5300
fd-3957,2022-05-04,Nakasero,Cassava,7500
fd-3958,2022-03-24,Bwaise,maize,3700
fd-3959,2021-08-29,Bwaise,Cassava,9700
fd-3960,2020-14-50,Bwaise,beans,5000
fd-3961,2020-11-24,Mukono,maize,10100
fd-3962,2022-01-07,Mukono,banana leaves,18500
fd-3963,2021-10-08,Kansanga,eggs,16100
fd-3964,2020-01-14,Bwaise,beans,7700
fd-3965,2020-14-50,Nakasero,eggs,20600
fd-3966,2021-05-18,Nakasero,Maize,19100
fd-3967,2020-10-04,Kansanga,Cassava,20700
fd-3968,2021-09-12,Kansanga,MAIZE,5500
fd-3969,2020-01-05,Bwaise,MAIZE,4700
fd-3970,2021-01-26,Kansanga,CASSAVA,3800
fd-3971,2021-07-31,Mukono,beans,17400
fd-3972,2022-06-22,Mukono,Beans,13600
fd-3973,2022-05-20,Bwaise,eggs,16400
fd-3974,2021-10-12,,maize,13000
fd-3975,2021-04-30,Kansanga,banana leaves,18500
fd-3976,2020-11-06,Bwaise,maize,9000
fd-3977,2022-05-06,Kansanga,eggs,8500
fd-3978,2021-01-10,Mukono,eggs,4100
fd-3979,2021-11-26,Kansanga,banana leaves,9100
fd-3980,2021-08-10,Kansanga,maize,1300
fd-3981,2022-06-13,,banana leaves,4500
fd-3982,2021-09-22,Bwaise,Beans,12800
fd-3983,2020-11-07,Kansanga,Cassava,22400
fd-3984,2020-08-13,Nakasero,Maize,6900
fd-3985,2022-05-28,,Maize,11700
fd-3986,2020-11-18,Mukono,CASSAVA,22400
fd-3986,2020-11-18,Mukono,CASSAVA,22400
fd-3987,2021-01-04,Kansanga,maize,9500
fd-3988,2021-04-09,Mukono,beans,16900
fd-3989,2020-14-50,Nakasero,Beans,13200
fd-3990,2020-06-05,Kansanga,Beans,15900
fd-3991,2020-10-01,Mukono,eggs,15200
fd-3992,2022-08-01,,CASSAVA,-1200
fd-3993,2021-02-06,,beans,21100
fd-3994,2023-16-47,Mukono,eggs,15200
fd-3995,2021-07-23,Mukono,Beans,13400
fd-3996,2020-01-28,,banana leaves,11300
fd-3997,2020-08-19,Kansanga,maize,9900
fd-3997,2020-08-19,Kansanga,maize,9900
fd-3998,2021-06-17,Kansanga,CASSAVA,18800
fd-3999,2021-06-15,,beans,17400
fd-3999,2021-06-15,,beans,17400
fd-3999,2021-02-19,Mukono,maize,15400
fd-4000,2021-05-12,Bwaise,CASSAVA,10600
fd-4002,2022-08-14,Mukono,CASSAVA,4100
fd-4003,2021-12-21,Kansanga,maize,9600
fd-4004,2020-10-20,Nakasero,Maize,12100
fd-4005,2020-08-20,Bwaise,eggs,17500
fd-4006,2021-12-19,Nakasero,Beans,7900
fd-4007,2020-01-28,Bwaise,eggs,500
fd-4008,2021-12-12,,banana leaves,21000
fd-4009,2022-01-04,Mukono,banana leaves,15400
fd-4010,2021-08-04,Nakasero,Cassava,5500
fd-4011,2022-08-09,Bwaise,fish,17700
fd-4012,2022-05-05,,MAIZE,22000
fd-4013,2020-09-24,Mukono,eggs,7000
fd-4014,2021-09-15,Kansanga,CASSAVA,14600
fd-4014,2021-09-15,Kansanga,CASSAVA,14600
fd-4015,2021-05-04,Bwaise,Beans,4600
fd-4016,2020-12-13,Mukono,Cassava,19700
fd-4017,2022-02-07,Nakasero,Cassava,7300
fd-4018,2020-01-16,Mukono,beans,21000
fd-4019,2026-19-40,Bwaise,banana leaves,8700
fd-4020,2020-04-11,,Cassava,24900
fd-4021,2021-09-10,Mukono,Beans,-1300
fd-4022,2025-18-37,Mukono,Maize,2300
fd-4023,2020-03-13,,CASSAVA,8900
fd-4024,2021-10-03,,Maize,3300
fd-4024,2021-07-23,,MAIZE,6800
fd-4026,2022-05-02,,banana leaves,22700
fd-4027,2021-07-28,Kansanga,CASSAVA,22500
fd-4028,2020-09-25,,Maize,15700
fd-4029,2022-05-26,Nakasero,Beans,2800
fd-4030,2021-06-27,,MAIZE,1100
fd-4031,2021-02-11,Nakasero,Maize,2500
fd-4032,2022-04-28,Mukono,MAIZE,9000
fd-4033,2020-09-01,Kansanga,fish,21000
fd-4034,2021-03-20,Nakasero,maize,5300
fd-4035,2021-08-08,Bwaise,MAIZE,5000
fd-4036,2021-10-12,Kansanga,CASSAVA,6200
fd-4037,2020-09-23,,banana leaves,5900
fd-4038,2021-02-28,Nakasero,beans,17500
fd-4039,2022-02-03,Kansanga,fish,4200
fd-4040,2022-03-12,Bwaise,eggs,-4000
fd-4040,2022-03-12,Bwaise,eggs,-4000
fd-4041,2024-17-45,Kansanga,CASSAVA,11400
fd-4042,2022-03-11,Mukono,Cassava,5900
fd-4043,2020-02-23,Bwaise,Beans,23000
fd-4044,2021-02-03,Bwaise,CASSAVA,14000
fd-4045,2022-01-12,Mukono,eggs,11100
fd-4046,2020-06-28,,Beans,20700
fd-4047,2020-08-20,Kansanga,banana leaves,12200
fd-4048,2020-12-20,Mukono,banana leaves,5200
fd-4049,2020-03-16,Mukono,CASSAVA,13300
fd-4050,2021-06-24,Kansanga,MAIZE,13300
fd-4051,2020-04-15,Bwaise,Beans,10000
fd-4052,2022-03-26,Mukono,fish,-3400
fd-4053,2021-12-17,Bwaise,banana leaves,21000
fd-4054,2021-04-22,Bwaise,MAIZE,1700
fd-4055,2020-07-26,Mukono,MAIZE,8000
fd-4056,2020-10-24,,Beans,500
fd-4056,2022-05-15,Mukono,fish,18300
fd-4058,2021-11-29,Bwaise,CASSAVA,14500
fd-4059,2020-03-08,Bwaise,banana leaves,11200
fd-4060,2020-01-19,Nakasero,Maize,-4600
fd-4061,2021-12-28,Bwaise,MAIZE,6100
fd-4062,2020-01-11,Kansanga,MAIZE,11000
fd-4062,2020-01-11,Kansanga,MAIZE,11000
fd-4063,2020-01-03,Bwaise,beans,21400
fd-4064,2020-07-28,,Maize,19200
fd-4065,2021-09-12,Mukono,Cassava,7700
fd-4066,2021-09-18,Kansanga,fish,22600
fd-4067,2020-09-17,Nakasero,beans,2600
fd-4068,2020-09-27,,CASSAVA,-2200
fd-4069,2021-07-19,Mukono,Maize,21900
fd-4070,2022-08-26,Kansanga,MAIZE,19700
fd-4071,2020-11-21,Mukono,banana leaves,13800
fd-4072,2022-01-18,Bwaise,Maize,5800
fd-4073,2021-12-14,Bwaise,MAIZE,18600
fd-4074,2020-07-16,Kansanga,CASSAVA,8200
fd-4075,2021-12-17,Nakasero,CASSAVA,6200
fd-4076,2021-09-02,Nakasero,maize,3300
fd-4077,2020-11-28,Nakasero,fish,6400
fd-4078,2020-06-30,Kansanga,maize,15000
fd-4079,2020-01-21,Nakasero,Beans,17900
fd-4080,2021-08-30,Kansanga,Maize,14600
fd-4080,2021-08-30,Kansanga,Maize,14600
fd-4081,2022-04-26,Bwaise,MAIZE,7700
fd-4082,2022-02-25,Nakasero,Beans,6400
fd-4082,2022-02-25,Nakasero,Beans,6400
fd-4083,2021-02-20,Kansanga,Beans,20100
fd-4084,2020-07-11,Kansanga,banana leaves,7800
fd-4084,2020-07-11,Kansanga,banana leaves,7800
fd-4085,2021-02-25,Bwaise,CASSAVA,11100
fd-4086,2021-02-02,Mukono,fish,12100
fd-4087,2020-02-09,Mukono,Beans,6000
fd-4088,2021-12-27,,banana leaves,2400
fd-4088,2021-12-27,,banana leaves,2400
fd-4089,2021-03-19,Mukono,MAIZE,21300
fd-4090,2020-08-20,Mukono,CASSAVA,3900
fd-4091,2021-08-08,,CASSAVA,19900
fd-4092,2020-12-02,Kansanga,maize,7700
fd-4093,2022-06-22,,Beans,5200
fd-4094,2021-07-28,,fish,21800
fd-4095,2020-08-28,,CASSAVA,8400
fd-4095,2020-08-28,,CASSAVA,8400
fd-4096,2021-10-22,Mukono,CASSAVA,19700
fd-4097,2022-03-12,Nakasero,beans,22900
fd-4098,2020-11-13,Nakasero,Maize,1900
fd-4099,2022-01-31,Kansanga,MAIZE,11700
fd-4100,2022-04-30,Nakasero,banana leaves,13300
fd-4100,2022-04-30,Nakasero,banana leaves,13300
fd-4101,2020-12-15,,fish,20500
fd-4102,2022-06-01,,maize,20300
fd-4103,2021-06-02,Nakasero,CASSAVA,7800
fd-4104,2022-03-27,,Maize,17700
fd-4105,2021-11-24,Mukono,CASSAVA,23200
fd-4106,2020-04-10,Kansanga,CASSAVA,3500
fd-4107,2020-11-19,Mukono,maize,18000
fd-4108,2020-07-21,,Beans,8200
fd-4109,2020-12-14,Bwaise,fish,1900
fd-4110,2022-09-12,Bwaise,Cassava,5600
fd-4111,2020-12-04,Mukono,beans,5600
fd-4112,2022-09-18,Bwaise,eggs,16400
fd-4112,2022-09-18,Bwaise,eggs,16400
fd-4113,2022-06-26,Mukono,banana leaves,12100
fd-4114,2020-02-12,Bwaise,maize,-4600
fd-4115,2020-11-12,Nakasero,Beans,15900
fd-4116,2021-07-18,,eggs,20000
fd-4117,2022-01-19,Mukono,Cassava,14800
fd-4118,2022-06-09,Bwaise,fish,22000
fd-4119,2020-10-17,Kansanga,fish,8600
fd-4120,2020-11-27,Nakasero,banana leaves,4600
fd-4121,2020-01-07,Kansanga,CASSAVA,18100
fd-4122,2020-08-09,Bwaise,MAIZE,6700
fd-4123,2022-04-23,Kansanga,maize,-4300
fd-4124,2021-01-21,Bwaise,Cassava,18900
fd-4124,2021-01-21,Bwaise,Cassava,18900
fd-4125,2020-03-04,,CASSAVA,11500
fd-4126,2021-09-12,Mukono,Cassava,15600
fd-4126,2021-09-12,Mukono,Cassava,15600
fd-4127,2021-11-25,Mukono,MAIZE,-4200
fd-4128,2020-02-03,Kansanga,Cassava,5800
fd-4129,2021-07-18,Bwaise,eggs,8000
fd-4130,2022-01-28,,MAIZE,12800
fd-4131,2022-05-20,Nakasero,eggs,-4700
fd-4132,2020-02-26,,MAIZE,17200
fd-4133,2020-07-05,Kansanga,maize,20800
fd-4134,2022-06-29,Kansanga,MAIZE,5200
fd-4134,2022-06-29,Kansanga,MAIZE,5200
fd-4135,2021-11-07,,maize,5900
fd-4136,2020-10-25,Nakasero,Cassava,12400
fd-4137,2020-10-04,Kansanga,Cassava,-2700
fd-4138,2023-16-47,Nakasero,CASSAVA,21000
fd-4139,2021-01-05,Kansanga,eggs,15700
fd-4140,2021-07-03,Nakasero,maize,23300
fd-4141,2021-04-24,Kansanga,maize,3300
fd-4142,2021-04-09,Bwaise,fish,13500
fd-4143,2022-03-26,Bwaise,Cassava,2800
fd-4144,2021-03-24,Mukono,maize,16600
fd-4144,2021-03-24,Mukono,maize,16600
fd-4145,2020-12-08,Kansanga,Cassava,800
fd-4146,2021-10-18,Kansanga,Cassava,15900
fd-4147,2020-03-06,Bwaise,CASSAVA,6700
fd-4148,2020-09-25,Bwaise,fish,8300
fd-4149,2022-05-08,Kansanga,maize,20200
fd-4150,2021-07-23,Mukono,fish,23500
fd-4150,2022-01-11,Kansanga,CASSAVA,3800
fd-4152,2020-04-15,Mukono,CASSAVA,2400
fd-4153,2021-08-15,Nakasero,CASSAVA,15300
fd-4154,2020-03-26,Mukono,Beans,3500
fd-4154,2020-03-26,Mukono,Beans,3500
fd-4155,2020-02-22,Kansanga,maize,16700
fd-4156,2020-01-13,Nakasero,maize,22200
fd-4157,2022-08-10,Bwaise,banana leaves,3100
fd-4157,2022-08-10,Bwaise,banana leaves,3100
fd-4158,2022-06-25,Kansanga,Beans,20200
fd-4159,2021-10-31,Nakasero,eggs,14300
fd-4160,2022-02-05,Nakasero,beans,5900
fd-4161,2021-09-22,Nakasero,MAIZE,3200
fd-4162,2020-08-04,Kansanga,beans,-1800
fd-4163,2022-07-08,Bwaise,eggs,20500
fd-4164,2022-03-26,Kansanga,banana leaves,23000
fd-4165,2021-11-23,Kansanga,maize,10900
fd-4166,2021-04-13,Nakasero,banana leaves,12400
fd-4167,2021-06-05,Mukono,beans,20500
fd-4167,2021-06-05,Mukono,beans,20500
fd-4168,2022-03-27,Nakasero,fish,9700
fd-4169,2020-09-28,Nakasero,maize,19400
fd-4170,2022-02-22,Bwaise,Beans,14900
fd-4171,2020-04-02,Mukono,fish,23200
fd-4172,2021-11-24,Kansanga,fish,22300
fd-4173,2020-06-18,Mukono,eggs,19400
fd-4174,2022-04-18,Kansanga,eggs,23200
fd-4175,2020-02-10,Bwaise,MAIZE,14200
fd-4176,2021-05-22,Bwaise,maize,11300
fd-4177,2021-06-13,Kansanga,fish,24000
fd-4178,2022-04-03,Nakasero,CASSAVA,8800
fd-4179,2021-01-30,Mukono,beans,8600
fd-4180,2021-07-14,Nakasero,CASSAVA,6400
fd-4181,2021-05-26,Nakasero,fish,-3900
fd-4182,2020-07-04,Kansanga,CASSAVA,14500
fd-4183,2021-04-10,,fish,15900
fd-4184,2022-06-23,Kansanga,beans,8200
fd-4185,2020-05-19,,eggs,600
fd-4186,2021-12-13,Kansanga,Beans,2500
fd-4187,2022-07-06,Bwaise,fish,4100
fd-4188,2020-10-20,Nakasero,CASSAVA,14300
fd-4189,2022-08-01,Mukono,Beans,13600
fd-4190,2022-06-07,Mukono,CASSAVA,-3300
fd-4191,2020-11-19,Bwaise,Maize,4800
fd-4192,2020-09-04,Bwaise,maize,14900
fd-4193,2021-10-28,Kansanga,Maize,21300
fd-4194,2022-06-14,Nakasero,Cassava,2500
fd-4195,2020-08-02,,maize,6500
fd-4196,2020-02-18,Kansanga,Cassava,23300
fd-4197,2020-12-05,,Cassava,12000
fd-4198,2021-06-19,Mukono,MAIZE,18500
fd-4199,2022-08-18,Bwaise,fish,12900
fd-4200,2022-05-04,,beans,23900
fd-4201,2021-05-28,Bwaise,fish,15200
fd-4202,2020-03-22,Bwaise,MAIZE,18200
fd-4203,2022-01-21,Bwaise,eggs,1000
fd-4204,2021-03-22,Nakasero,MAIZE,16200
fd-4205,2021-12-20,Nakasero,MAIZE,17800
fd-4206,2021-13-49,Bwaise,maize,16300
fd-4207,2022-09-20,Mukono,maize,22300
fd-4208,2021-10-10,Nakasero,Beans,11700
fd-4209,2020-05-12,Kansanga,CASSAVA,1600
fd-4209,2020-05-12,Kansanga,CASSAVA,1600
fd-4210,2020-12-31,,CASSAVA,4600
fd-4211,2022-04-24,Bwaise,MAIZE,15100
fd-4212,2022-03-18,Nakasero,maize,5400
fd-4213,2021-06-17,,eggs,15200
fd-4214,2020-10-27,Mukono,Maize,18700
fd-4215,2021-08-20,Kansanga,beans,21600
fd-4216,2022-06-13,Nakasero,Cassava,10200
fd-4217,2022-07-08,Nakasero,Cassava,7900
fd-4218,2020-03-13,Bwaise,beans,11300
fd-4219,2020-01-30,Mukono,Cassava,8300
fd-4220,2022-05-10,,beans,14300
fd-4221,2024-17-45,,Beans,3200
fd-4222,2022-09-05,Bwaise,banana leaves,23200
fd-4223,2020-04-03,Kansanga,MAIZE,8600
fd-4224,2022-07-01,,Maize,-2300
fd-4224,2022-07-01,,Maize,-2300
fd-4225,2020-07-30,Kansanga,beans,6900
fd-4226,2021-11-02,Kansanga,CASSAVA,15500
fd-4226,2021-11-02,Kansanga,CASSAVA,15500
fd-4227,2021-09-14,Kansanga,banana leaves,23300
fd-4228,2022-09-10,Kansanga,Beans,20500
fd-4229,2022-15-48,Nakasero,eggs,13100
fd-4230,2020-04-27,Nakasero,fish,9800
fd-4231,2022-08-22,Bwaise,Beans,22200
fd-4232,2022-08-23,Kansanga,fish,16900
fd-4233,2020-11-16,Mukono,Maize,23700
fd-4234,2021-05-18,Nakasero,beans,2400
fd-4235,2020-05-18,Kansanga,Cassava,9000
fd-4236,2021-07-14,Bwaise,beans,6600
fd-4237,2020-06-25,Mukono,MAIZE,9800
fd-4238,2020-06-26,,eggs,14800
fd-4239,2020-01-23,,beans,23900
fd-4240,2022-01-05,Bwaise,Beans,10800
fd-4241,2026-19-40,Kansanga,banana leaves,3400
fd-4242,2020-06-06,Nakasero,beans,3300
fd-4243,2022-03-11,Mukono,eggs,24700
fd-4244,2021-05-29,Nakasero,CASSAVA,7500
fd-4245,2020-06-29,Kansanga,Cassava,3300
fd-4246,2020-04-28,Mukono,MAIZE,-4400
fd-4247,2021-05-29,Mukono,eggs,-3900
fd-4248,2021-09-24,,banana leaves,18300
fd-4249,2021-11-24,Kansanga,beans,5600
fd-4250,2021-08-12,,maize,2700
fd-4251,2021-07-29,Bwaise,Maize,5400
fd-4252,2021-02-12,Kansanga,maize,23800
fd-4253,2020-03-28,Mukono,eggs,18900
fd-4254,2022-02-20,Kansanga,beans,-1700
fd-4255,2022-03-11,Bwaise,maize,8600
fd-4256,2021-03-16,Mukono,CASSAVA,17500
fd-4257,2022-01-02,Kansanga,CASSAVA,23500
fd-4258,2020-06-04,Bwaise,Maize,24900
fd-4259,2021-11-09,Kansanga,fish,3500
fd-4260,2022-02-26,Mukono,Beans,23100
fd-4261,2022-09-04,Bwaise,banana leaves,7200
fd-4261,2022-09-04,Bwaise,banana leaves,7200
fd-4262,2020-01-14,Nakasero,banana leaves,13600
fd-4263,2021-02-10,,eggs,4900
fd-4264,2020-03-01,Mukono,CASSAVA,22800
fd-4265,2021-08-16,Kansanga,Maize,2000
fd-4266,2020-11-01,Bwaise,maize,13800
fd-4267,2020-10-19,,fish,20900
fd-4268,2021-09-06,Mukono,banana leaves,5100
fd-4269,2022-05-08,Bwaise,Beans,11500
fd-4270,2020-04-25,Bwaise,banana leaves,19300
fd-4271,2022-07-30,Nakasero,fish,8200
fd-4272,2021-07-14,Kansanga,eggs,18900
fd-4273,2021-06-28,Mukono,maize,8200
fd-4274,2021-02-27,Kansanga,beans,24600
fd-4275,2020-08-24,Kansanga,Maize,13600
fd-4276,2020-06-21,,CASSAVA,1700
fd-4277,2021-06-09,Mukono,Maize,9300
fd-4278,2021-07-11,Mukono,beans,23500
fd-4279,2021-01-25,Mukono,Maize,1500
fd-4280,2021-06-12,,MAIZE,1200
fd-4281,2020-10-03,Kansanga,Beans,6200
fd-4282,2021-06-02,Nakasero,eggs,3400
fd-4283,2022-06-17,Nakasero,Beans,11500
fd-4284,2021-03-10,Mukono,maize,700
fd-4285,2021-10-20,Bwaise,MAIZE,5400
fd-4286,2021-08-24,Kansanga,beans,23100
fd-4287,2021-03-31,Bwaise,Cassava,8000
fd-4288,2022-08-22,,Beans,21100
fd-4289,2020-09-21,Mukono,banana leaves,13800
fd-4290,2020-04-26,Mukono,eggs,23200
fd-4291,2022-08-27,Mukono,eggs,17700
fd-4292,2022-02-02,Kansanga,CASSAVA,-2200
fd-4293,2020-12-04,,Beans,4500
fd-4294,2020-09-18,Nakasero,banana leaves,14500
fd-4295,2022-01-29,Kansanga,Beans,4700
fd-4296,2020-14-50,Mukono,Cassava,24800
fd-4297,2020-03-09,Kansanga,eggs,15600
fd-4298,2020-11-22,,MAIZE,22500
fd-4299,2020-08-21,Bwaise,Cassava,24400
fd-4300,2022-09-05,Mukono,maize,900
fd-4301,2021-11-30,,beans,11500
fd-4302,2020-09-02,Mukono,beans,19000
fd-4303,2022-05-23,Nakasero,MAIZE,21300
fd-4304,2020-12-25,Bwaise,fish,7400
fd-4305,2021-12-31,Nakasero,Cassava,19300
fd-4306,2022-07-29,Bwaise,Cassava,12800
fd-4307,2020-04-08,Mukono,Beans,4700
fd-4308,2021-06-21,Kansanga,maize,17500
fd-4309,2022-08-16,Mukono,CASSAVA,4400
fd-4310,2022-08-13,Kansanga,beans,23800
fd-4311,2022-05-26,,eggs,19300
fd-4312,2022-02-24,Nakasero,CASSAVA,24400
fd-4313,2022-05-28,Nakasero,MAIZE,24100
fd-4314,2022-05-08,Kansanga,CASSAVA,-3100
fd-4315,2020-12-14,Bwaise,MAIZE,3600
fd-4316,2021-07-22,Mukono,fish,5900
fd-4317,2021-09-21,Kansanga,Cassava,1100
fd-4318,2022-05-13,Bwaise,fish,19200
fd-4319,2020-11-10,Kansanga,fish,4000
fd-4319,2025-18-37,Kansanga,maize,19900
fd-4321,2020-09-08,Kansanga,fish,17700
fd-4322,2021-12-31,Kansanga,banana leaves,1600
fd-4323,2020-02-05,,fish,17000
fd-4324,2021-03-21,Kansanga,beans,13900
fd-4325,2020-03-01,Kansanga,beans,9300
fd-4326,2021-03-13,Kansanga,Cassava,9500
fd-4327,2020-04-15,Kansanga,banana leaves,16100
fd-4327,2020-02-11,Bwaise,beans,4800
fd-4329,2020-07-02,Kansanga,banana leaves,7800
fd-4329,2020-07-02,Kansanga,banana leaves,7800
fd-4330,2021-11-10,Nakasero,Beans,12600
fd-4331,2025-18-37,Mukono,CASSAVA,8900
fd-4332,2020-12-09,Mukono,Cassava,5300
fd-4333,2021-05-05,Nakasero,Maize,23700
fd-4334,2021-08-30,Mukono,maize,12200
fd-4335,2022-08-04,Kansanga,banana leaves,6800
fd-4336,2020-09-21,Bwaise,MAIZE,12100
fd-4337,2021-06-16,Bwaise,CASSAVA,7600
fd-4338,2021-08-16,Bwaise,Maize,-1700
fd-4339,2021-12-16,Mukono,maize,19600
fd-4340,2022-07-06,Mukono,eggs,800
fd-4341,2020-07-20,Mukono,fish,17300
fd-4342,2022-02-23,Mukono,MAIZE,16400
fd-4343,2023-16-47,Bwaise,CASSAVA,17600
fd-4344,2022-08-15,Mukono,CASSAVA,19200
fd-4345,2021-10-30,Kansanga,beans,23600
fd-4346,2020-05-27,Mukono,Beans,23300
fd-4347,2020-06-10,Kansanga,beans,-4200
fd-4348,2021-10-25,,Cassava,12300
fd-4349,2021-06-22,,eggs,19200
fd-4349,2021-06-22,,eggs,19200
fd-4350,2021-09-13,Kansanga,fish,22700
fd-4351,2021-13-49,Mukono,banana leaves,19500
fd-4352,2021-01-06,Mukono,maize,800
fd-4353,2021-10-26,,Cassava,1700
fd-4354,2021-05-21,Kansanga,CASSAVA,10200
fd-4355,2020-09-09,Bwaise,fish,24200
fd-4356,2024-17-45,Nakasero,MAIZE,15800
fd-4357,2021-08-02,Kansanga,eggs,14900
fd-4358,2020-08-21,,banana leaves,11500
fd-4359,2021-07-30,Nakasero,Beans,9800
fd-4360,2021-01-11,Bwaise,Maize,17300
fd-4361,2022-05-22,Mukono,maize,24600
fd-4362,2021-11-18,Kansanga,eggs,5900
fd-4363,2020-07-28,Bwaise,MAIZE,7200
fd-4364,2020-08-06,,Maize,13300
fd-4364,2020-08-06,,Maize,13300
fd-4365,2021-09-09,Mukono,beans,14600
fd-4366,2023-16-47,Bwaise,MAIZE,10400
fd-4367,2022-06-26,,eggs,17300
fd-4368,2020-04-03,Kansanga,Cassava,20600
fd-4369,2022-07-29,Kansanga,beans,23600
fd-4370,2020-04-20,Mukono,beans,16500
fd-4371,2022-09-11,,beans,16600
fd-4372,2021-07-06,Kansanga,fish,24800
fd-4373,2020-05-13,,banana leaves,-3700
fd-4374,2021-07-20,Bwaise,CASSAVA,10400
fd-4375,2022-08-02,,fish,15000
fd-4376,2021-09-12,Kansanga,fish,7500
fd-4377,2020-02-29,Bwaise,eggs,-1500
fd-4378,2020-10-14,Kansanga,banana leaves,5900
fd-4379,2020-08-25,Nakasero,beans,19900
fd-4380,2020-04-14,Nakasero,Cassava,-4100
fd-4381,2020-02-16,Bwaise,Beans,14200
fd-4382,2022-15-48,,maize,13600
fd-4383,2022-07-24,,Maize,3100
fd-4384,2020-12-12,Mukono,eggs,22800
fd-4385,2022-03-18,Kansanga,fish,23500
fd-4385,2022-03-18,Kansanga,fish,23500
fd-4386,2020-02-13,Nakasero,Maize,20200
fd-4387,2021-07-10,Kansanga,Cassava,-1700
fd-4388,2022-02-23,Mukono,MAIZE,16200
fd-4389,2022-06-15,Mukono,Maize,10100
fd-4390,2021-07-08,Mukono,Beans,13100
fd-4391,2020-10-29,,banana leaves,4200
fd-4392,2021-01-17,Mukono,Beans,19300
fd-4393,2020-08-15,,Cassava,3100
fd-4394,2021-05-09,Mukono,fish,-3800
fd-4395,2021-12-25,Bwaise,fish,12400
fd-4395,2021-12-25,Bwaise,fish,12400
fd-4396,2021-09-06,Kansanga,Maize,19800
fd-4397,2020-07-18,Nakasero,banana leaves,4900
fd-4397,2020-07-18,Nakasero,banana leaves,4900
fd-4398,2022-04-07,Nakasero,maize,7400
fd-4399,2021-04-27,Kansanga,Beans,11900
fd-4400,2020-01-08,Kansanga,Cassava,23100
fd-4401,2021-02-28,Bwaise,maize,2400
fd-4402,2022-08-23,Mukono,Cassava,22500
fd-4403,2020-02-19,Mukono,fish,4400
fd-4404,2021-10-22,Bwaise,banana leaves,7700
fd-4405,2022-06-14,,CASSAVA,4900
fd-4405,2022-06-14,,CASSAVA,4900
fd-4406,2022-03-20,Nakasero,Beans,18600
fd-4407,2022-05-16,Mukono,maize,23500
fd-4408,2022-05-30,,maize,12200
fd-4408,2022-05-30,,maize,12200
fd-4409,2022-02-11,Mukono,eggs,600
fd-4410,2020-04-15,,maize,24900
fd-4411,2021-07-08,Mukono,banana leaves,3800
fd-4412,2020-08-29,Nakasero,Cassava,9100
fd-4413,2023-16-47,Mukono,banana leaves,24700
fd-4414,2021-02-27,Bwaise,CASSAVA,13500
fd-4415,2021-10-14,,Beans,1800
fd-4416,2020-03-21,Nakasero,MAIZE,22000
fd-4416,2020-03-21,Nakasero,MAIZE,22000
fd-4417,2022-05-30,Kansanga,Cassava,6700
fd-4418,2021-02-19,Kansanga,banana leaves,20100
fd-4419,2022-08-18,Nakasero,CASSAVA,21100
fd-4420,2021-12-30,Kansanga,fish,900
fd-4421,2020-05-12,,CASSAVA,3200
fd-4422,2022-01-06,,Cassava,6700
fd-4423,2022-08-21,Kansanga,fish,21100
fd-4424,2020-02-17,Mukono,Cassava,5600
fd-4425,2020-10-29,Mukono,MAIZE,12400
fd-4426,2020-03-29,Bwaise,Beans,6300
fd-4427,2022-01-30,Kansanga,maize,-3700
fd-4428,2021-09-06,Kansanga,Maize,4000
fd-4429,2020-06-02,Mukono,Beans,7900
fd-4430,2020-05-01,,beans,14000
fd-4430,2020-05-01,,beans,14000
fd-4431,2020-08-23,Nakasero,MAIZE,4600
fd-4432,2020-14-50,Bwaise,banana leaves,8900
fd-4433,2022-04-13,Nakasero,Maize,1500
fd-4434,2021-06-08,Bwaise,beans,6900
fd-4435,2021-05-08,,fish,10400
fd-4435,2021-05-08,,fish,10400
fd-4436,2021-03-13,,MAIZE,7600
fd-4437,2022-07-11,,Maize,21900
fd-4437,2022-07-11,,Maize,21900
fd-4438,2021-01-27,Bwaise,beans,13800
fd-4439,2022-02-11,Kansanga,eggs,12300
fd-4440,2022-08-24,Nakasero,MAIZE,23500
fd-4441,2020-07-19,Kansanga,MAIZE,10100
fd-4442,2020-11-30,Mukono,Maize,17700
fd-4443,2020-12-05,Mukono,eggs,12400
fd-4444,2022-09-12,Kansanga,MAIZE,-4000
fd-4445,2021-01-22,Mukono,fish,18300
fd-4446,2022-04-27,,CASSAVA,22200
fd-4447,2020-03-14,Bwaise,Cassava,20200
fd-4448,2020-05-19,Kansanga,MAIZE,21900
fd-4448,2020-05-19,Kansanga,MAIZE,21900
fd-4449,2022-08-21,Mukono,beans,9100
fd-4450,2022-04-04,Kansanga,Maize,9800
fd-4451,2021-01-26,Nakasero,Beans,10700
fd-4452,2022-03-25,,CASSAVA,4500
fd-4453,2020-09-05,Nakasero,banana leaves,5800
fd-4454,2020-04-04,Mukono,maize,21200
fd-4455,2021-05-23,Nakasero,fish,18500
fd-4456,2021-06-20,,Maize,16100
fd-4457,2022-08-10,Bwaise,Maize,19800
fd-4458,2021-03-23,Bwaise,fish,9900
fd-4459,2020-08-07,Mukono,MAIZE,8000
fd-4460,2022-08-09,Kansanga,maize,7200
fd-4461,2022-06-18,,eggs,18700
fd-4462,2021-05-23,Nakasero,maize,7700
fd-4463,2022-02-19,Nakasero,Cassava,-2300
fd-4464,2020-06-14,,MAIZE,6400
fd-4465,2021-08-17,Bwaise,fish,18100
fd-4466,2021-03-26,Bwaise,Cassava,7500
fd-4467,2022-15-48,Nakasero,banana leaves,14600
fd-4468,2021-02-15,Kansanga,Cassava,-3900
fd-4469,2020-07-26,Nakasero,beans,11600
fd-4470,2021-07-29,Mukono,Maize,22000
fd-4471,2020-04-10,Bwaise,beans,1400
fd-4472,2021-11-29,Mukono,CASSAVA,1100
fd-4473,2022-03-19,Kansanga,beans,17800
fd-4474,2021-08-16,Nakasero,Beans,18600
fd-4475,2020-09-21,Bwaise,Maize,16800
fd-4476,2022-02-20,Kansanga,eggs,13400
fd-4477,2021-04-17,Kansanga,fish,16400
fd-4478,2021-03-11,Mukono,eggs,10600
fd-4479,2021-08-21,Nakasero,eggs,18600
fd-4479,2021-08-21,Nakasero,eggs,18600
fd-4480,2020-10-31,Bwaise,Cassava,4700
fd-4481,2026-19-40,Kansanga,Cassava,1400
fd-4481,2026-19-40,Kansanga,Cassava,1400
fd-4482,2020-04-18,Nakasero,beans,500
fd-4483,2022-09-22,Nakasero,CASSAVA,2900
fd-4484,2020-14-50,,Cassava,13000
fd-4485,2021-04-16,,maize,21100
fd-4486,2020-04-01,Nakasero,CASSAVA,22100
fd-4487,2021-08-09,Kansanga,CASSAVA,13100
fd-4488,2021-02-07,Mukono,maize,6800
fd-4489,2020-06-26,Mukono,Beans,13100
fd-4490,2020-09-30,Nakasero,banana leaves,3800
fd-4491,2022-07-25,Kansanga,banana leaves,16500
fd-4492,2020-11-11,,Maize,15700
fd-4493,2022-01-17,Kansanga,maize,19700
fd-4494,2021-12-05,,fish,2500
fd-4494,2021-12-05,,fish,2500
fd-4495,2021-09-11,Kansanga,eggs,16900
fd-4496,2022-04-17,,beans,23300
fd-4497,2020-10-05,Kansanga,maize,7000
fd-4498,2021-03-10,Nakasero,banana leaves,9100
fd-4499,2021-01-31,Kansanga,banana leaves,19600
fd-4500,2020-12-23,Nakasero,eggs,15000
fd-4501,2022-01-04,Bwaise,beans,-3600
fd-4502,2020-01-06,,beans,17600
fd-4503,2021-09-30,Nakasero,Beans,8200
fd-4504,2022-06-06,Mukono,CASSAVA,12700
fd-4505,2021-01-15,Kansanga,banana leaves,24100
fd-4506,2020-11-06,,maize,9500
fd-4507,2020-08-02,Mukono,beans,500
fd-4508,2021-12-24,Nakasero,maize,2000
fd-4509,2021-06-12,Bwaise,fish,19500
fd-4510,2021-02-08,Kansanga,beans,9200
fd-4511,2021-02-07,Kansanga,maize,4900
fd-4512,2021-09-26,Kansanga,beans,19900
fd-4513,2021-08-12,Nakasero,Maize,3400
fd-4513,2021-08-12,Nakasero,Maize,3400
fd-4514,2021-05-09,,Maize,20000
fd-4515,2020-09-25,,CASSAVA,21200
fd-4516,2022-06-02,Mukono,Cassava,8700
fd-4517,2021-01-15,Nakasero,CASSAVA,7300
fd-4518,2020-12-18,Bwaise,Cassava,-1900
fd-4519,2021-04-26,Nakasero,Cassava,2400
fd-4520,2021-07-08,Mukono,MAIZE,8300
fd-4521,2020-08-11,,Maize,16600
fd-4522,2021-06-17,Nakasero,Maize,7200
fd-4523,2021-05-27,Kansanga,maize,23200
fd-4524,2020-03-08,Mukono,Cassava,12400
fd-4525,2020-02-11,Kansanga,maize,17700
fd-4526,2021-03-27,,beans,6900
fd-4527,2022-02-26,Nakasero,CASSAVA,11200
fd-4528,2022-15-48,Nakasero,banana leaves,6500
fd-4529,2022-06-06,Kansanga,fish,17000
fd-4530,2020-09-19,Bwaise,Maize,24800
fd-4531,2020-09-30,Nakasero,beans,18500
fd-4532,2022-01-30,,eggs,-4300
fd-4533,2021-01-15,Kansanga,maize,11700
fd-4534,2020-05-07,Nakasero,MAIZE,21700
fd-4534,2020-05-07,Nakasero,MAIZE,21700
fd-4535,2021-11-05,,Cassava,7600
fd-4535,2021-11-05,,Cassava,7600
fd-4536,2022-07-21,Bwaise,Beans,13500
fd-4537,2020-01-31,Kansanga,banana leaves,4300
fd-4538,2020-03-02,Bwaise,CASSAVA,5800
fd-4538,2020-03-02,Bwaise,CASSAVA,5800
fd-4539,2021-09-15,Nakasero,eggs,11100
fd-4539,2021-09-15,Nakasero,eggs,11100
fd-4540,2021-11-11,,MAIZE,23200
fd-4541,2022-07-19,Mukono,beans,4500
fd-4542,2022-09-17,Mukono,Beans,9900
fd-4543,2021-03-30,Kansanga,banana leaves,7200
fd-4544,2020-10-04,Nakasero,Beans,3900
fd-4545,2020-05-28,Bwaise,fish,14800
fd-4546,2022-06-07,Mukono,fish,12300
fd-4547,2021-06-24,,Maize,11500
fd-4548,2020-05-06,,Cassava,20800
fd-4549,2021-04-09,Kansanga,Maize,11500
fd-4549,2021-04-09,Kansanga,Maize,11500
fd-4550,2021-07-21,Nakasero,banana leaves,23800
fd-4551,2020-05-19,Nakasero,beans,10000
fd-4551,2020-05-19,Nakasero,beans,10000
fd-4552,2026-19-40,Kansanga,banana leaves,11800
fd-4553,2022-08-14,Bwaise,Beans,17100
fd-4554,2021-12-29,Bwaise,MAIZE,11300
fd-4555,2021-05-23,Kansanga,beans,6300
fd-4556,2020-08-10,,CASSAVA,9900
fd-4557,2021-09-02,Kansanga,banana leaves,-3000
fd-4557,2021-09-02,Kansanga,banana leaves,-3000
fd-4558,2021-01-07,,beans,10600
fd-4559,2020-09-28,Mukono,Cassava,6900
fd-4560,2022-05-15,Kansanga,Maize,12400
fd-4561,2021-13-49,Kansanga,Cassava,20900
fd-4562,2022-03-12,Bwaise,MAIZE,22700
fd-4563,2022-08-22,Nakasero,Beans,23200
fd-4564,2022-08-09,Mukono,maize,12400
fd-4565,2020-12-30,,Beans,12400
fd-4566,2021-03-10,,eggs,22000
fd-4567,2021-02-28,,maize,20500
fd-4567,2022-01-31,,Maize,-3300
fd-4569,2021-04-30,Mukono,Beans,22700
fd-4570,2021-10-02,,CASSAVA,7800
fd-4571,2022-08-18,,eggs,22300
fd-4572,2022-09-13,,fish,21600
fd-4573,2021-01-15,,eggs,3500
fd-4574,2020-06-14,Kansanga,beans,-2500
fd-4575,2021-12-25,Bwaise,banana leaves,16800
fd-4576,2025-18-37,Bwaise,fish,15100
fd-4577,2020-03-05,,fish,17800
fd-4578,2020-04-11,Kansanga,CASSAVA,8600
fd-4579,2020-05-18,Mukono,fish,17200
fd-4580,2022-02-23,Kansanga,Cassava,9600
fd-4581,2022-05-18,Mukono,beans,18800
fd-4582,2021-05-21,,Cassava,14900
fd-4583,2021-11-30,,CASSAVA,10400
fd-4584,2021-06-23,Kansanga,Maize,8900
fd-4585,2021-08-05,,Beans,11200
fd-4586,2020-05-27,Bwaise,banana leaves,5500
fd-4587,2020-01-12,,banana leaves,9200
fd-4588,2021-11-14,,Maize,4400
fd-4589,2021-08-13,Bwaise,eggs,21700
fd-4590,2021-01-27,,CASSAVA,2200
fd-4591,2021-07-25,Nakasero,maize,22600
fd-4592,2022-07-30,Nakasero,fish,16700
fd-4593,2020-12-03,Nakasero,banana leaves,11100
fd-4594,2022-04-19,Nakasero,CASSAVA,18900
fd-4595,2020-03-09,Bwaise,Cassava,16100
fd-4596,2021-09-08,Nakasero,eggs,7800
fd-4597,2020-09-18,Kansanga,Beans,8700
fd-4598,2020-06-03,Mukono,fish,8600
fd-4599,2020-02-21,Bwaise,Beans,19300
fd-4600,2022-08-24,Mukono,Beans,21000
fd-4601,2021-07-14,Nakasero,maize,21000
fd-4602,2020-07-09,,fish,16000
fd-4603,2020-07-09,Kansanga,banana leaves,2000
fd-4604,2020-04-08,Mukono,Cassava,-2000
fd-4605,2022-04-23,Kansanga,maize,-4400
fd-4606,2021-04-15,Nakasero,banana leaves,13800
fd-4607,2020-05-15,Kansanga,maize,12000
fd-4608,2022-04-01,Nakasero,eggs,17000
fd-4609,2020-01-07,Kansanga,CASSAVA,24800
fd-4610,2020-03-19,Mukono,banana leaves,5000
fd-4611,2020-12-13,Bwaise,CASSAVA,15100
fd-4612,2020-09-08,Mukono,banana leaves,9700
fd-4613,2021-02-25,Nakasero,Cassava,6200
fd-4614,2022-09-18,Nakasero,Beans,14200
fd-4615,2020-12-12,Bwaise,Cassava,5000
fd-4616,2022-07-02,Kansanga,maize,24200
fd-4616,2020-12-30,Kansanga,fish,14400
fd-4618,2022-03-02,Mukono,MAIZE,17600
fd-4619,2021-09-05,Bwaise,MAIZE,12400
fd-4620,2022-02-17,Bwaise,maize,12600
fd-4621,2020-11-23,Mukono,Cassava,2300
fd-4622,2022-05-31,Mukono,fish,5300
fd-4623,2022-02-06,,Beans,22900
fd-4624,2025-18-37,Mukono,beans,21800
fd-4625,2021-05-31,Mukono,Beans,20300
fd-4626,2022-01-10,Bwaise,eggs,7100
fd-4626,2022-03-01,Nakasero,beans,23400
fd-4627,2022-07-10,Nakasero,Maize,9100
fd-4629,2021-10-24,Bwaise,Maize,800
fd-4630,2020-04-23,Bwaise,Beans,20800
fd-4631,2020-08-17,Bwaise,banana leaves,3500
fd-4632,2021-01-24,,Maize,20300
fd-4633,2021-05-20,Bwaise,banana leaves,23400
fd-4633,2021-05-20,Bwaise,banana leaves,23400
fd-4634,2021-01-06,,Maize,20300
fd-4635,2020-03-16,Kansanga,banana leaves,12800
fd-4636,2021-12-31,Nakasero,beans,-3600
fd-4637,2022-06-09,Nakasero,MAIZE,11400
fd-4638,2020-01-22,Kansanga,Cassava,700
fd-4639,2021-04-25,,Beans,21800
fd-4640,2021-11-08,Bwaise,Cassava,-4500
fd-4641,2022-03-17,Mukono,Maize,17200
fd-4641,2021-09-12,Bwaise,Cassava,19700
fd-4643,2020-01-04,,Maize,2100
fd-4643,2020-01-04,,Maize,2100
fd-4644,2021-12-07,Kansanga,MAIZE,11700
fd-4645,2021-06-20,Kansanga,CASSAVA,16700
fd-4646,2021-04-20,Bwaise,Cassava,3700
fd-4647,2022-03-02,,Cassava,1400
fd-4648,2022-09-11,,Beans,18900
fd-4649,2020-06-01,Mukono,Beans,4400
fd-4650,2022-08-07,,CASSAVA,24400
fd-4651,2020-02-15,Mukono,CASSAVA,14400
fd-4652,2021-06-21,Kansanga,CASSAVA,18200
fd-4653,2022-01-14,Kansanga,beans,9700
fd-4654,2021-09-20,,Beans,10500
fd-4655,2021-08-15,,CASSAVA,6300
fd-4656,2021-09-18,Bwaise,maize,8800
fd-4657,2022-04-09,Kansanga,Maize,19100
fd-4658,2021-01-13,Bwaise,maize,3000
fd-4659,2020-02-10,Nakasero,Cassava,17300
fd-4660,2020-08-25,Bwaise,Beans,6300
fd-4661,2021-11-22,Nakasero,fish,8800
fd-4662,2020-06-10,Kansanga,banana leaves,19800
fd-4663,2020-08-24,,MAIZE,5000
fd-4664,2021-06-06,Kansanga,Beans,700
fd-4665,2022-01-08,Kansanga,Beans,21600
fd-4666,2021-12-10,Kansanga,CASSAVA,18900
fd-4667,2020-05-08,Nakasero,eggs,10900
fd-4668,2020-03-19,Mukono,Beans,1500
fd-4669,2020-06-10,Mukono,banana leaves,1600
fd-4670,2022-05-25,Nakasero,CASSAVA,14100
fd-4671,2021-08-13,Mukono,Cassava,15500
fd-4672,2020-11-28,Mukono,Cassava,9400
fd-4673,2020-10-06,Nakasero,Maize,23900
fd-4673,2020-10-06,Nakasero,Maize,23900
fd-4674,2022-03-09,,CASSAVA,6800
fd-4675,2022-07-31,Mukono,Maize,2800
fd-4676,2021-09-17,,Maize,5500
fd-4677,2021-01-13,Kansanga,Beans,10500
fd-4678,2020-04-01,Nakasero,CASSAVA,-4300
fd-4679,2020-04-04,Kansanga,beans,23000
fd-4680,2020-12-08,Nakasero,beans,5800
fd-4680,2020-12-08,Nakasero,beans,5800
fd-4681,2020-08-24,Nakasero,beans,20900
fd-4682,2021-08-06,Nakasero,maize,3200
fd-4683,2020-10-09,Kansanga,Cassava,20900
fd-4684,2021-12-02,Mukono,maize,8600
fd-4685,2020-02-22,Kansanga,banana leaves,12200
fd-4686,2020-09-22,Mukono,MAIZE,-4400
fd-4687,2021-02-12,Mukono,Cassava,20400
fd-4688,2021-06-25,Nakasero,beans,7600
fd-4689,2022-04-02,Mukono,MAIZE,20000
fd-4690,2021-12-14,Nakasero,fish,21600
fd-4691,2021-07-15,Bwaise,banana leaves,11200
fd-4692,2020-06-23,Mukono,banana leaves,21500
fd-4693,2021-08-19,,beans,10000
fd-4693,2022-04-15,,Beans,13500
fd-4695,2020-10-18,Bwaise,Cassava,600
fd-4696,2020-02-01,Mukono,CASSAVA,1900
fd-4697,2020-11-05,Nakasero,Cassava,16900
fd-4698,2021-10-01,Nakasero,fish,18200
fd-4699,2020-05-07,Bwaise,Cassava,22300
fd-4700,2021-03-02,Nakasero,beans,19300
fd-4701,2022-03-25,Bwaise,Maize,1300
fd-4702,2020-11-18,Bwaise,eggs,13600
fd-4703,2022-09-14,Bwaise,beans,8700
fd-4704,2020-05-31,Nakasero,Cassava,13300
fd-4705,2022-03-10,Bwaise,maize,10700
fd-4706,2020-09-16,Bwaise,eggs,14900
fd-4707,2020-01-31,Nakasero,MAIZE,24400
fd-4708,2021-11-07,,fish,23600
fd-4709,2021-04-26,Nakasero,maize,23400
fd-4710,2020-05-17,Mukono,maize,11500
fd-4711,2020-01-21,Bwaise,eggs,12600
fd-4711,2022-04-03,,CASSAVA,5200
fd-4713,2020-12-18,Nakasero,MAIZE,9900
fd-4714,2021-06-28,,eggs,16400
fd-4715,2022-02-10,Bwaise,banana leaves,23400
fd-4716,2021-07-18,Bwaise,fish,12900
fd-4717,2022-03-06,Kansanga,fish,17400
fd-4717,2022-03-06,Kansanga,fish,17400
fd-4718,2020-02-10,Nakasero,MAIZE,8100
fd-4719,2020-08-24,Mukono,fish,12500
fd-4720,2021-03-12,,banana leaves,3100
fd-4721,2021-04-23,Mukono,Beans,-3100
fd-4722,2023-16-47,Nakasero,maize,18500
fd-4723,2021-11-05,,banana leaves,13500
fd-4724,2021-03-02,Kansanga,MAIZE,8200
fd-4724,2021-08-15,Nakasero,Maize,8900
fd-4726,2020-06-24,Bwaise,Beans,11500
fd-4727,2021-12-25,Mukono,Beans,12000
fd-4728,2021-12-06,Nakasero,Maize,23500
fd-4729,2021-05-24,Nakasero,Beans,8000
fd-4730,2021-02-15,Nakasero,banana leaves,-1600
fd-4731,2020-08-31,Kansanga,MAIZE,9000
fd-4732,2021-05-29,Kansanga,maize,7000
fd-4733,2021-10-10,,Maize,3100
fd-4734,2022-04-15,,banana leaves,12000
fd-4735,2021-11-29,Nakasero,MAIZE,4400
fd-4735,2021-11-29,Nakasero,MAIZE,4400
fd-4736,2022-08-28,,Cassava,16800
fd-4737,2021-09-12,Bwaise,eggs,3900
fd-4738,2020-06-14,Bwaise,maize,24400
fd-4739,2020-09-22,Mukono,maize,17900
fd-4740,2021-03-03,Nakasero,fish,23900
fd-4741,2020-03-10,,MAIZE,23600
fd-4742,2020-05-17,,beans,2500
fd-4743,2021-10-18,Bwaise,MAIZE,9700
fd-4744,2022-05-24,Mukono,eggs,1100
fd-4745,2020-09-18,Bwaise,eggs,4700
fd-4746,2020-02-16,Mukono,beans,500
fd-4746,2020-02-16,Mukono,beans,500
fd-4747,2020-05-04,Bwaise,Beans,24900
fd-4748,2021-04-28,Bwaise,MAIZE,20000
fd-4749,2021-12-10,Kansanga,MAIZE,16500
fd-4750,2022-03-30,,fish,18600
fd-4751,2021-04-09,Kansanga,Cassava,14800
fd-4752,2021-05-06,Kansanga,Maize,7400
fd-4753,2020-08-16,,CASSAVA,5700
fd-4753,2020-08-16,,CASSAVA,5700
fd-4754,2020-10-08,Nakasero,Maize,10900
fd-4755,2022-04-07,Mukono,CASSAVA,7800
fd-4756,2020-02-01,Kansanga,banana leaves,10700
fd-4757,2022-03-25,Mukono,Beans,10900
fd-4758,2020-04-18,,Beans,13300
fd-4759,2022-04-27,Nakasero,banana leaves,8200
fd-4760,2020-11-19,Nakasero,maize,7900
fd-4761,2020-01-09,Bwaise,maize,21300
fd-4761,2020-01-09,Bwaise,maize,21300
fd-4762,2021-11-03,Nakasero,MAIZE,11800
fd-4763,2022-02-12,Bwaise,Beans,1600
fd-4764,2021-08-30,Kansanga,CASSAVA,16900
fd-4765,2022-08-07,Bwaise,MAIZE,3900
fd-4766,2022-03-09,Bwaise,maize,1200
fd-4767,2022-09-20,Mukono,Maize,10100
fd-4768,2021-05-18,,maize,9600
fd-4769,2020-11-14,,Cassava,3100
fd-4770,2022-09-09,Kansanga,MAIZE,10300
fd-4771,2020-09-21,,fish,3100
fd-4771,2021-04-19,Kansanga,maize,5600
fd-4773,2021-11-06,Nakasero,eggs,1400
fd-4774,2021-11-06,Kansanga,fish,20600
fd-4775,2022-04-10,Mukono,eggs,2300
fd-4776,2020-04-13,Kansanga,CASSAVA,24700
fd-4777,2021-02-17,,MAIZE,1200
fd-4778,2022-08-15,Bwaise,maize,14400
fd-4779,2020-03-26,Nakasero,Beans,12600
fd-4780,2021-01-11,,Maize,16000
fd-4780,2021-01-11,,Maize,16000
fd-4781,2022-02-16,Kansanga,beans,5500
fd-4782,2020-10-30,Mukono,Beans,5000
fd-4783,2020-07-29,Mukono,Maize,8900
fd-4784,2022-07-31,Mukono,MAIZE,-5000
fd-4785,2021-08-20,Bwaise,maize,12300
fd-4786,2020-11-12,Nakasero,MAIZE,14300
fd-4787,2020-09-07,Nakasero,eggs,22400
fd-4788,2022-05-02,Kansanga,Maize,10700
fd-4789,2020-11-14,Nakasero,MAIZE,23400
fd-4790,2020-11-18,Bwaise,CASSAVA,10800
fd-4791,2022-01-07,,Beans,3900
fd-4792,2021-11-03,Nakasero,maize,6700
fd-4793,2020-08-23,Nakasero,fish,7200
fd-4794,2022-06-15,Bwaise,fish,11500
fd-4794,2022-06-15,Bwaise,fish,11500
fd-4795,2022-06-12,Kansanga,fish,22900
fd-4796,2020-08-04,Nakasero,beans,10100
fd-4797,2021-12-19,Kansanga,CASSAVA,8700
fd-4798,2020-09-27,,eggs,-3300
fd-4799,2021-01-30,,fish,4900
fd-4800,2022-01-29,Kansanga,Beans,7300
fd-4801,2022-04-15,,Beans,10000
fd-4802,2020-05-23,Mukono,maize,8800
fd-4802,2020-05-23,Mukono,maize,8800
fd-4803,2022-04-09,Nakasero,eggs,1900
fd-4804,2021-09-21,Bwaise,MAIZE,24800
fd-4805,2021-02-10,Bwaise,Beans,3900
fd-4806,2021-02-07,Mukono,eggs,2400
fd-4807,2021-12-10,,beans,21200
fd-4808,2020-09-30,Bwaise,CASSAVA,12200
fd-4809,2022-03-16,Kansanga,banana leaves,19100
fd-4810,2020-11-09,,Beans,12100
fd-4811,2020-06-26,Kansanga,eggs,16600
fd-4812,2021-11-05,Bwaise,CASSAVA,17800
fd-4813,2020-10-13,Mukono,MAIZE,7300
fd-4814,2021-01-31,Mukono,CASSAVA,9300
fd-4815,2020-02-11,Nakasero,Cassava,12500
fd-4816,2021-05-31,Mukono,Maize,11900
fd-4816,2021-05-31,Mukono,Maize,11900
fd-4817,2020-05-14,,banana leaves,16100
fd-4818,2021-08-24,Nakasero,MAIZE,17700
fd-4819,2022-08-11,Kansanga,CASSAVA,9400
fd-4820,2020-09-28,Bwaise,eggs,15400
fd-4821,2021-06-16,Bwaise,banana leaves,24900
fd-4822,2020-05-02,Mukono,maize,500
fd-4823,2020-07-17,Nakasero,fish,19100
fd-4824,2022-05-01,Nakasero,eggs,2700
fd-4825,2022-09-19,Mukono,Beans,18800
fd-4826,2020-08-15,Mukono,banana leaves,2100
fd-4827,2021-04-05,Bwaise,Maize,20500
fd-4828,2022-08-21,Mukono,beans,2100
fd-4829,2021-04-09,Nakasero,banana leaves,23300
fd-4829,2021-04-09,Nakasero,banana leaves,23300
fd-4830,2020-01-19,Mukono,banana leaves,5400
fd-4831,2020-03-28,Bwaise,Maize,9600
fd-4832,2021-12-17,Nakasero,banana leaves,1700
fd-4833,2022-04-10,,banana leaves,15700
fd-4834,2022-03-19,,maize,6900
fd-4834,2022-03-19,,maize,6900
fd-4835,2020-02-28,Kansanga,maize,9700
fd-4836,2026-19-40,Nakasero,Maize,1200
fd-4836,2026-19-40,Nakasero,Maize,1200
fd-4837,2021-05-20,Nakasero,fish,16300
fd-4838,2020-01-06,,Beans,3600
fd-4839,2022-07-19,Kansanga,MAIZE,13300
fd-4840,2021-04-01,Bwaise,fish,11600
fd-4841,2021-12-07,Bwaise,maize,7900
fd-4842,2022-07-24,Mukono,beans,5200
fd-4843,2020-07-17,Nakasero,banana leaves,19300
fd-4844,2022-08-01,Kansanga,CASSAVA,1500
fd-4845,2022-06-17,Kansanga,banana leaves,23300
fd-4846,2021-04-02,Nakasero,banana leaves,3300
fd-4846,2021-04-02,Nakasero,banana leaves,3300
fd-4847,2021-04-13,Bwaise,Cassava,3500
fd-4848,2021-04-05,,banana leaves,7500
fd-4849,2020-10-12,,eggs,4000
fd-4850,2021-09-03,,MAIZE,8900
fd-4851,2020-01-15,Nakasero,CASSAVA,-4900
fd-4852,2020-03-10,,CASSAVA,19500
fd-4853,2021-08-26,Bwaise,maize,7700
fd-4854,2022-09-02,Bwaise,Beans,4300
fd-4855,2020-07-08,Mukono,MAIZE,600
fd-4855,2020-07-08,Mukono,MAIZE,600
fd-4856,2021-06-02,,Beans,4200
fd-4857,2020-12-14,Kansanga,Cassava,-2700
fd-4858,2026-19-40,Nakasero,CASSAVA,7400
fd-4859,2020-07-29,Mukono,eggs,9300
fd-4859,2020-07-29,Mukono,eggs,9300
fd-4860,2021-10-14,Kansanga,Beans,4500
fd-4861,2021-07-02,Nakasero,banana leaves,20200
fd-4862,2021-03-27,Mukono,CASSAVA,14400
fd-4862,2021-03-27,Mukono,CASSAVA,14400
fd-4863,2020-04-11,Nakasero,eggs,15000
fd-4863,2020-04-11,Nakasero,eggs,15000
fd-4864,2021-08-28,Mukono,CASSAVA,9700
fd-4865,2022-01-15,Kansanga,eggs,23500
fd-4866,2021-01-01,Kansanga,CASSAVA,700
fd-4867,2021-05-28,Kansanga,Cassava,5300
fd-4868,2020-03-09,Nakasero,MAIZE,12300
fd-4869,2022-01-13,,fish,6100
fd-4870,2020-06-25,Mukono,MAIZE,23800
fd-4871,2021-06-20,Bwaise,Maize,1200
fd-4871,2021-06-20,Bwaise,Maize,1200
fd-4872,2022-05-31,Bwaise,maize,9400
fd-4873,2021-03-05,Kansanga,CASSAVA,22300
fd-4874,2021-12-13,Kansanga,Cassava,-3800
fd-4875,2020-03-27,Mukono,Cassava,24700
fd-4876,2022-07-31,Kansanga,Cassava,16000
fd-4877,2021-05-07,Kansanga,maize,4600
fd-4877,2021-05-07,Kansanga,maize,4600
fd-4878,2022-05-20,Bwaise,banana leaves,11200
fd-4879,2021-01-07,Mukono,beans,18100
fd-4880,2021-05-28,Kansanga,MAIZE,10300
fd-4881,2020-14-50,,Beans,14000
fd-4882,2021-04-23,Bwaise,fish,22900
fd-4883,2020-05-23,Nakasero,Cassava,14600
fd-4884,2022-06-06,Mukono,beans,6800
fd-4885,2022-04-20,Bwaise,eggs,3000
fd-4886,2020-09-26,Mukono,Cassava,16900
fd-4887,2021-01-15,Bwaise,beans,19100
fd-4888,2021-02-25,,CASSAVA,11800
fd-4889,2020-03-15,Kansanga,banana leaves,7000
fd-4890,2021-11-03,Bwaise,Beans,13500
fd-4891,2022-06-16,Bwaise,eggs,18200
fd-4892,2022-02-01,,Cassava,2700
fd-4893,2022-08-25,Kansanga,maize,20100
fd-4894,2022-04-21,Kansanga,MAIZE,14400
fd-4895,2021-12-21,Bwaise,banana leaves,22900
fd-4896,2022-05-30,Nakasero,Maize,19800
fd-4897,2022-05-08,,maize,600
fd-4898,2021-05-21,Mukono,banana leaves,22700
fd-4899,2022-01-28,Bwaise,maize,22100
fd-4900,2022-03-05,Nakasero,Maize,21200
fd-4901,2020-06-24,Nakasero,beans,6400
fd-4902,2021-02-21,Bwaise,eggs,22700
fd-4903,2022-01-19,Bwaise,Cassava,8300
fd-4904,2020-08-28,Mukono,CASSAVA,20000
fd-4905,2020-10-07,Bwaise,maize,9700
fd-4906,2020-02-20,Kansanga,beans,24900
fd-4907,2020-07-07,,maize,21400
fd-4908,2020-01-26,Bwaise,beans,10400
fd-4909,2024-17-45,Mukono,CASSAVA,22400
fd-4910,2021-12-07,Bwaise,MAIZE,16500
fd-4911,2020-12-29,Nakasero,beans,2600
fd-4912,2020-08-18,Nakasero,Beans,3900
fd-4913,2021-02-02,Kansanga,Cassava,22800
fd-4914,2022-02-01,Bwaise,banana leaves,15600
fd-4915,2020-12-20,Mukono,Maize,8800
fd-4916,2020-02-21,Kansanga,MAIZE,24700
fd-4917,2021-05-31,Bwaise,beans,16000
fd-4918,2020-03-12,Bwaise,banana leaves,1900
fd-4919,2020-04-22,Bwaise,CASSAVA,8400
fd-4920,2021-11-14,Mukono,beans,3200
fd-4921,2020-07-10,Bwaise,maize,23600
fd-4922,2021-09-04,Mukono,maize,-3900
fd-4923,2020-08-08,Kansanga,beans,7300
fd-4924,2022-03-24,Kansanga,banana leaves,5300
fd-4925,2020-01-08,Mukono,CASSAVA,5900
fd-4926,2021-05-27,Bwaise,Beans,17100
fd-4926,2021-05-27,Bwaise,Beans,17100
fd-4927,2022-07-31,Kansanga,fish,16300
fd-4928,2021-07-07,Nakasero,eggs,-4900
fd-4929,2020-08-04,Bwaise,Beans,14300
fd-4930,2020-12-04,Nakasero,Cassava,14000
fd-4931,2022-09-14,Kansanga,maize,9400
fd-4932,2021-12-29,Nakasero,Cassava,22400
fd-4933,2022-04-22,Mukono,Beans,13900
fd-4934,2021-05-21,Bwaise,Beans,2700
fd-4935,2022-01-16,Kansanga,Cassava,13100
fd-4936,2021-08-16,Kansanga,Beans,900
fd-4936,2021-08-16,Kansanga,Beans,900
fd-4937,2022-07-29,Bwaise,eggs,10800
fd-4938,2020-10-05,,beans,3300
fd-4938,2020-10-05,,beans,3300
fd-4939,2020-05-10,Nakasero,Maize,11500
fd-4940,2022-05-09,Bwaise,CASSAVA,8000
fd-4941,2020-10-18,Bwaise,Cassava,2300
fd-4942,2020-03-20,Bwaise,CASSAVA,19800
fd-4943,2020-07-24,Nakasero,MAIZE,22400
fd-4944,2021-01-13,Mukono,Maize,22500
fd-4945,2022-07-08,Bwaise,fish,15600
fd-4946,2022-04-09,Nakasero,eggs,18300
fd-4947,2021-11-03,Nakasero,CASSAVA,23000
fd-4948,2021-06-01,Bwaise,beans,14600
fd-4949,2021-07-29,Bwaise,Cassava,600
fd-4950,2021-06-14,Kansanga,fish,22800
fd-4951,2022-15-48,Nakasero,banana leaves,21200
fd-4952,2021-01-21,Kansanga,banana leaves,5200
fd-4953,2021-04-03,Bwaise,CASSAVA,10400
fd-4954,2022-04-19,,MAIZE,2200
fd-4955,2022-03-10,Bwaise,beans,14600
fd-4956,2022-08-17,Nakasero,banana leaves,13100
fd-4957,2021-06-09,Kansanga,MAIZE,18400
fd-4958,2021-06-18,Kansanga,banana leaves,9400
fd-4959,2022-06-29,Mukono,eggs,21700
fd-4960,2022-09-07,Kansanga,banana leaves,14100
fd-4961,2020-02-18,,fish,21900
fd-4962,2020-01-29,Mukono,Cassava,6700
fd-4963,2020-05-18,Bwaise,CASSAVA,20200
fd-4964,2021-07-18,Mukono,Maize,5600
fd-4965,2020-08-08,Mukono,fish,6400
fd-4965,2020-08-08,Mukono,fish,6400
fd-4966,2020-04-11,Nakasero,MAIZE,6800
fd-4967,2021-12-03,Bwaise,Maize,600
fd-4968,2020-02-16,Bwaise,eggs,19900
fd-4969,2020-04-25,Bwaise,banana leaves,1000
fd-4970,2022-03-02,Kansanga,CASSAVA,13500
fd-4971,2025-18-37,Mukono,Maize,21400
fd-4972,2021-01-20,Nakasero,eggs,6200
fd-4973,2020-09-20,Bwaise,fish,16200
fd-4974,2022-01-06,Kansanga,beans,4200
fd-4975,2022-01-02,,CASSAVA,-3100
fd-4976,2022-05-14,Nakasero,maize,-4100
fd-4977,2022-05-31,,eggs,23800
fd-4978,2020-06-20,Mukono,Cassava,900
fd-4978,2020-06-20,Mukono,Cassava,900
fd-4979,2020-08-07,Bwaise,beans,18400
fd-4980,2020-07-10,Kansanga,Cassava,5300
fd-4981,2020-08-13,Mukono,Maize,18900
fd-4982,2022-07-16,Bwaise,MAIZE,16600
fd-4983,2021-02-14,Kansanga,fish,14600
fd-4984,2021-07-03,Kansanga,MAIZE,700
fd-4985,2021-02-10,Nakasero,MAIZE,8100
fd-4986,2021-08-10,Nakasero,Maize,11500
fd-4987,2021-11-20,Mukono,Beans,3000
fd-4988,2021-11-11,Nakasero,maize,10900
fd-4988,2021-11-11,Nakasero,maize,10900
fd-4989,2021-07-14,Nakasero,Cassava,15100
fd-4989,2021-07-14,Nakasero,Cassava,15100
fd-4990,2021-03-22,Kansanga,banana leaves,24500
fd-4990,2021-03-22,Kansanga,banana leaves,24500
fd-4991,2020-01-25,Kansanga,Cassava,10100
fd-4992,2020-11-25,Nakasero,maize,5800
fd-4993,2021-03-29,Bwaise,MAIZE,19000
fd-4993,2021-03-29,Bwaise,MAIZE,19000
fd-4994,2020-08-29,Bwaise,maize,3400
fd-4995,2020-01-29,Kansanga,eggs,18000
fd-4995,2020-01-29,Kansanga,eggs,18000
fd-4996,2021-01-07,Mukono,MAIZE,13600
fd-4997,2021-12-31,Nakasero,CASSAVA,24000
fd-4998,2021-07-07,Nakasero,CASSAVA,17200
fd-4999,2020-04-01,Bwaise,beans,15100
fd-5000,2020-10-31,,Maize,18200
fd-5001,2022-07-24,Mukono,Maize,9400
fd-5002,2022-03-25,Kansanga,CASSAVA,2800
fd-5003,2021-02-12,Mukono,Maize,19100
fd-5004,2020-12-05,Mukono,CASSAVA,15700
fd-5005,2021-11-12,Bwaise,fish,-2200
fd-5006,2021-05-31,Bwaise,CASSAVA,4900
fd-5007,2021-09-24,Nakasero,banana leaves,6400
fd-5008,2022-03-13,Bwaise,Beans,16800
fd-5009,2021-09-14,Bwaise,eggs,11600
fd-5010,2020-06-16,Nakasero,maize,20500
fd-5011,2020-07-19,,fish,13000
fd-5012,2021-04-10,Bwaise,banana leaves,10900
fd-5013,2020-05-14,Bwaise,banana leaves,24500
fd-5014,2022-03-18,Bwaise,CASSAVA,7800
fd-5015,2022-08-19,Kansanga,MAIZE,3900
fd-5016,2020-03-01,Mukono,beans,4800
fd-5017,2022-06-22,Nakasero,MAIZE,14100
fd-5018,2021-07-23,Kansanga,MAIZE,6800
fd-5019,2021-01-07,Nakasero,Maize,21800
fd-5020,2022-08-14,Bwaise,Maize,15800
fd-5021,2021-08-04,Nakasero,CASSAVA,5900
fd-5022,2022-01-05,Nakasero,MAIZE,10300
fd-5023,2020-03-17,Bwaise,banana leaves,13800
fd-5024,2022-07-12,Nakasero,Cassava,19700
fd-5025,2020-09-16,Kansanga,eggs,21800
fd-5026,2021-01-18,,Maize,500
fd-5026,2021-01-18,,Maize,500
fd-5027,2021-01-12,Mukono,fish,9600
fd-5028,2022-07-08,Bwaise,maize,15700
fd-5029,2022-01-27,Bwaise,Maize,-3000
fd-5030,2022-07-14,Bwaise,CASSAVA,22800
fd-5031,2020-07-29,Mukono,Maize,21200
fd-5032,2021-08-27,Kansanga,Maize,12800
fd-5033,2022-02-06,Kansanga,beans,5300
fd-5034,2021-05-17,,maize,700
fd-5035,2020-03-26,Nakasero,banana leaves,-4600
fd-5036,2020-07-14,Mukono,Cassava,-1300
fd-5037,2021-05-07,Bwaise,fish,20800
fd-5038,2021-06-07,Bwaise,MAIZE,6100
fd-5038,2021-06-07,Bwaise,MAIZE,6100
fd-5039,2022-02-04,,fish,12600
fd-5039,2022-02-04,,fish,12600
fd-5040,2021-01-24,,banana leaves,15300
fd-5041,2020-03-04,Mukono,beans,9300
fd-5042,2020-08-16,Kansanga,MAIZE,17900
fd-5043,2021-08-15,Nakasero,MAIZE,11000
fd-5044,2021-04-12,Nakasero,CASSAVA,7400
fd-5045,2021-09-15,,MAIZE,1400
fd-5046,2021-11-06,,fish,7300
fd-5047,2022-01-07,Mukono,maize,7600
fd-5048,2020-11-20,Mukono,beans,8000
fd-5049,2022-04-07,Kansanga,maize,17800
fd-5050,2021-10-09,Kansanga,Cassava,20700
fd-5051,2022-07-17,Kansanga,maize,11200
fd-5052,2020-03-31,,beans,5900
fd-5053,2020-10-19,Mukono,fish,-1800
fd-5054,2020-03-03,,Beans,20300
fd-5055,2020-12-10,Bwaise,beans,15900
fd-5056,2020-12-04,Mukono,CASSAVA,14100
fd-5057,2020-11-26,Kansanga,eggs,8700
fd-5058,2022-01-14,Bwaise,Beans,6000
fd-5059,2022-04-29,Nakasero,Cassava,19900
fd-5060,2022-04-04,Nakasero,MAIZE,16200
fd-5061,2020-10-07,,Cassava,5800
fd-5062,2021-11-25,,banana leaves,5100
fd-5062,2021-11-25,,banana leaves,5100
fd-5063,2020-10-02,Mukono,CASSAVA,-2800
fd-5064,2020-03-25,Bwaise,beans,18900
fd-5065,2022-05-07,,Beans,7100
fd-5066,2021-12-23,Bwaise,Beans,9800
fd-5067,2022-02-04,Bwaise,maize,17200
fd-5068,2020-07-28,Nakasero,Cassava,17700
fd-5069,2020-05-27,,MAIZE,11900
fd-5070,2020-08-11,,maize,23800
fd-5071,2022-06-24,Kansanga,maize,7100
fd-5072,2020-03-03,,Beans,3300
fd-5073,2022-04-03,Kansanga,maize,22600
fd-5073,2022-04-03,Kansanga,maize,22600
fd-5074,2020-08-15,Kansanga,fish,24400
fd-5075,2020-09-03,Kansanga,CASSAVA,24100
fd-5076,2021-04-19,Kansanga,eggs,11700
fd-5077,2020-12-22,Nakasero,Beans,2400
fd-5078,2021-09-20,Nakasero,beans,24700
fd-5079,2021-01-25,,eggs,12600
fd-5080,2022-01-19,Bwaise,eggs,6600
fd-5081,2021-11-26,Mukono,beans,17500
fd-5082,2020-14-50,Bwaise,Cassava,14600
fd-5083,2023-16-47,Nakasero,Maize,4500
fd-5084,2021-05-03,Kansanga,MAIZE,14200
fd-5085,2020-09-18,Bwaise,CASSAVA,19400
fd-5086,2020-02-24,Kansanga,banana leaves,16100
fd-5087,2020-06-10,Bwaise,Beans,7200
fd-5088,2021-07-13,Bwaise,fish,18800
fd-5089,2022-04-27,,beans,12200
fd-5090,2021-10-01,,Maize,23400
fd-5091,2021-11-03,Nakasero,beans,11000
fd-5092,2022-15-48,Mukono,Beans,5600
fd-5093,2021-01-19,Kansanga,fish,8800
fd-5093,2021-08-25,Kansanga,CASSAVA,11800
fd-5095,2021-01-19,Kansanga,maize,20600
fd-5096,2022-02-15,Nakasero,maize,16900
fd-5097,2021-11-13,Mukono,CASSAVA,23800
fd-5097,2021-11-13,Mukono,CASSAVA,23800
fd-5098,2021-12-18,Kansanga,maize,3900
fd-5099,2022-02-03,Kansanga,banana leaves,22900
fd-5100,2021-05-07,Nakasero,MAIZE,9900
fd-5101,2021-11-13,Bwaise,MAIZE,13500
fd-5102,2020-04-02,Nakasero,maize,13300
fd-5103,2022-01-30,Kansanga,Maize,12400
fd-5104,2021-03-07,Kansanga,fish,10300
fd-5105,2022-02-03,Bwaise,Cassava,21400
fd-5105,2022-02-03,Bwaise,Cassava,21400
fd-5106,2020-05-02,Kansanga,Maize,2800
fd-5107,2020-07-11,Bwaise,MAIZE,12600
fd-5108,2021-09-13,Kansanga,Maize,3100
fd-5109,2021-08-04,Kansanga,beans,23400
fd-5110,2021-06-22,Kansanga,banana leaves,17100
fd-5111,2020-03-28,,Cassava,2400
fd-5112,2021-12-26,Bwaise,Cassava,6500
fd-5113,2020-03-21,Kansanga,beans,600
fd-5114,2021-08-23,Mukono,Maize,7100
fd-5115,2022-04-25,,Cassava,22800
fd-5116,2020-12-20,Bwaise,Cassava,-1800
fd-5117,2020-12-22,Kansanga,CASSAVA,24600
fd-5118,2022-01-18,Nakasero,MAIZE,17500
fd-5119,2022-06-19,Mukono,maize,24800
fd-5120,2020-05-10,Nakasero,fish,15000
fd-5121,2022-02-05,Nakasero,MAIZE,8000
fd-5122,2021-07-24,,MAIZE,-4100
fd-5123,2021-03-15,,Beans,14000
fd-5124,2020-07-23,Mukono,Maize,5800
fd-5125,2021-09-09,Mukono,eggs,14300
fd-5126,2022-08-19,,beans,17100
fd-5126,2022-08-19,,beans,17100
fd-5127,2022-05-19,Nakasero,banana leaves,11500
fd-5127,2022-05-19,Nakasero,banana leaves,11500
fd-5128,2021-09-17,Mukono,MAIZE,20200
fd-5129,2021-05-17,Nakasero,eggs,23000
fd-5130,2020-06-08,Nakasero,Beans,23000
fd-5131,2022-04-30,Mukono,banana leaves,2000
fd-5132,2020-02-25,Nakasero,Cassava,18700
fd-5132,2020-02-25,Nakasero,Cassava,18700
fd-5133,2022-05-28,Kansanga,Beans,20900
fd-5134,2020-12-30,Bwaise,banana leaves,8200
fd-5135,2022-07-17,Mukono,Beans,19700
fd-5136,2020-04-01,Bwaise,Cassava,13800
fd-5137,2020-05-20,,MAIZE,23500
fd-5138,2021-08-04,Nakasero,beans,18900
fd-5139,2020-05-14,,beans,9100
fd-5140,2022-02-01,Nakasero,Beans,13900
fd-5141,2022-07-29,,fish,11700
fd-5141,2022-06-21,Mukono,banana leaves,23300
fd-5143,2021-03-30,,eggs,7300
fd-5144,2022-02-21,Nakasero,banana leaves,13000
fd-5145,2020-10-18,Mukono,MAIZE,1500
fd-5146,2021-11-18,Bwaise,Cassava,-2900
fd-5147,2020-05-19,Mukono,MAIZE,-1500
fd-5148,2021-07-17,,Maize,5600
fd-5148,2021-07-17,,Maize,5600
fd-5149,2021-02-09,Kansanga,Cassava,15000
fd-5149,2020-08-16,Nakasero,beans,12700
fd-5151,2020-04-13,,maize,22100
fd-5152,2022-06-01,Bwaise,banana leaves,16100
fd-5152,2022-06-01,Bwaise,banana leaves,16100
fd-5153,2020-07-25,,eggs,8700
fd-5153,2020-12-15,Nakasero,Cassava,21900
fd-5155,2021-11-07,Mukono,Beans,16900
fd-5156,2020-12-04,Bwaise,Maize,19800
fd-5157,2020-05-10,Nakasero,beans,17100
fd-5158,2021-06-12,Mukono,beans,-4700
fd-5159,2021-09-14,Kansanga,maize,-4800
fd-5160,2022-08-05,Mukono,CASSAVA,17000
fd-5161,2022-02-15,Bwaise,beans,9700
fd-5162,2022-04-19,,maize,9500
fd-5163,2022-08-27,,Cassava,17600
fd-5164,2020-12-24,Nakasero,MAIZE,18200
fd-5165,2021-01-02,Mukono,Maize,19600
fd-5166,2020-11-03,Mukono,banana leaves,22100
fd-5167,2021-08-01,Kansanga,banana leaves,19800
fd-5167,2021-08-01,Kansanga,banana leaves,19800
fd-5168,2020-05-22,Bwaise,fish,15100
fd-5169,2021-03-16,Mukono,Cassava,24300
fd-5170,2022-05-07,Mukono,eggs,10600
fd-5170,2022-05-07,Mukono,eggs,10600
fd-5171,2022-09-24,Kansanga,fish,15600
fd-5172,2020-01-22,,Maize,13800
fd-5173,2020-07-28,,CASSAVA,6400
fd-5174,2022-06-17,Mukono,CASSAVA,10600
fd-5175,2020-08-16,Mukono,Maize,17100
fd-5176,2021-02-19,Kansanga,CASSAVA,4900
fd-5177,2021-07-26,,banana leaves,1500
fd-5178,2022-09-20,Kansanga,Beans,9300
fd-5178,2022-09-20,Kansanga,Beans,9300
fd-5179,2020-07-09,Bwaise,maize,900
fd-5180,2021-08-31,Bwaise,beans,15900
fd-5181,2022-02-07,Kansanga,Maize,13700
fd-5182,2020-09-21,Nakasero,Maize,10600
fd-5183,2020-12-29,Kansanga,beans,10200
fd-5184,2020-05-29,Nakasero,MAIZE,21900
fd-5185,2021-12-25,Mukono,fish,3900
fd-5186,2022-01-23,Kansanga,CASSAVA,8100
fd-5187,2021-03-14,Nakasero,Cassava,1700
fd-5188,2022-06-05,,maize,18300
fd-5189,2022-05-30,,eggs,11100
fd-5190,2021-06-05,Kansanga,maize,20900
fd-5191,2020-07-26,Bwaise,eggs,19400
fd-5192,2021-01-03,Bwaise,beans,15300
fd-5192,2021-01-03,Bwaise,beans,15300
fd-5193,2022-06-13,Nakasero,CASSAVA,21400
fd-5194,2022-04-23,Bwaise,MAIZE,22600
fd-5195,2021-01-21,Mukono,fish,13200
fd-5196,2022-07-20,Kansanga,banana leaves,24600
fd-5197,2022-09-02,Bwaise,CASSAVA,-2200
fd-5198,2021-07-27,Kansanga,MAIZE,3600
fd-5199,2022-03-26,,MAIZE,19200
fd-5200,2022-09-13,Bwaise,eggs,23300
fd-5200,2022-09-13,Bwaise,eggs,23300
fd-5201,2021-02-05,Bwaise,Beans,19400
fd-5202,2021-01-04,Nakasero,Beans,2600
fd-5203,2022-07-08,,eggs,600
fd-5203,2022-07-08,,eggs,600
fd-5204,2020-01-29,Bwaise,MAIZE,14600
fd-5205,2021-09-19,Mukono,beans,19400
fd-5206,2021-03-29,Mukono,Cassava,17000
fd-5207,2020-07-18,Bwaise,Beans,14100
fd-5208,2020-11-17,Kansanga,beans,7300
fd-5209,2021-06-20,,MAIZE,19300
fd-5210,2021-06-17,,beans,22200
fd-5211,2020-09-06,Mukono,fish,1800
fd-5212,2022-07-02,Bwaise,fish,8200
fd-5213,2021-09-15,Mukono,fish,9800
fd-5214,2020-03-23,Mukono,Cassava,8300
fd-5215,2021-11-27,Mukono,eggs,2500
fd-5216,2020-08-28,Kansanga,Cassava,5200
fd-5217,2020-03-15,Nakasero,maize,11300
fd-5218,2021-01-22,Bwaise,MAIZE,12000
fd-5219,2021-06-07,Nakasero,fish,1600
fd-5220,2020-02-14,Mukono,MAIZE,700
fd-5221,2021-03-28,Nakasero,banana leaves,7000
fd-5222,2022-04-22,Kansanga,MAIZE,9500
fd-5222,2022-04-22,Kansanga,MAIZE,9500
fd-5223,2021-05-18,,fish,15900
fd-5224,2022-07-19,Mukono,Cassava,6300
fd-5225,2022-03-03,,banana leaves,9200
fd-5226,2020-14-50,Mukono,maize,6100
fd-5227,2021-11-08,Mukono,Beans,1400
fd-5228,2021-07-07,Nakasero,eggs,22000
fd-5229,2020-09-17,Kansanga,banana leaves,12100
fd-5230,2022-07-30,,MAIZE,19400
fd-5230,2021-06-03,,Maize,21900
fd-5232,2021-11-27,Nakasero,MAIZE,14900
fd-5233,2022-04-14,Bwaise,Cassava,5900
fd-5234,2020-02-28,Kansanga,eggs,4900
fd-5235,2022-06-27,,beans,8500
fd-5236,2020-02-16,Bwaise,CASSAVA,13500
fd-5237,2020-08-23,,beans,22700
fd-5238,2020-09-20,Bwaise,banana leaves,9200
fd-5239,2022-01-25,,maize,1300
fd-5240,2020-10-21,,Cassava,4600
fd-5241,2020-01-21,Nakasero,maize,9400
fd-5242,2020-04-18,Nakasero,banana leaves,-3800
fd-5243,2021-05-14,Bwaise,Maize,2200
fd-5244,2021-12-08,Bwaise,banana leaves,2800
fd-5245,2022-01-01,Mukono,maize,8800
fd-5246,2021-12-05,Nakasero,fish,22500
fd-5247,2022-03-10,Nakasero,banana leaves,12800
fd-5248,2021-01-22,Mukono,beans,15800
fd-5249,2021-07-10,Mukono,eggs,19900
fd-5250,2022-05-28,Bwaise,fish,19600
fd-5250,2020-09-09,Nakasero,Maize,4900
fd-5252,2022-09-24,Kansanga,Beans,14600
fd-5253,2020-02-22,Bwaise,Maize,13600
fd-5254,2020-09-24,,Maize,8400
fd-5255,2022-04-29,,eggs,7700
fd-5255,2022-04-29,,eggs,7700
fd-5256,2021-01-01,Bwaise,banana leaves,24700
fd-5257,2021-10-31,,Beans,20100
fd-5258,2020-10-24,Mukono,Maize,20700
fd-5259,2021-04-11,Nakasero,beans,7100
fd-5260,2020-02-07,Nakasero,banana leaves,1800
fd-5261,2021-09-09,Nakasero,Beans,13200
fd-5262,2021-04-06,Bwaise,banana leaves,1500
fd-5263,2020-12-17,Kansanga,eggs,13600
fd-5264,2022-08-02,Mukono,fish,1100
fd-5265,2022-09-16,Nakasero,Cassava,9600
fd-5266,2022-07-22,Bwaise,Maize,16900
fd-5267,2022-04-01,Mukono,Cassava,19300
fd-5268,2020-07-04,Bwaise,Cassava,2700
fd-5269,2021-03-26,,Cassava,4100
fd-5270,2021-12-11,Bwaise,fish,18600
fd-5271,2020-04-30,Bwaise,CASSAVA,20900
fd-5272,2021-10-26,Bwaise,beans,22500
fd-5273,2021-10-15,,beans,23200
fd-5274,2022-06-15,Nakasero,eggs,7900
fd-5274,2022-06-15,Nakasero,eggs,7900
fd-5275,2022-07-09,Kansanga,eggs,11000
fd-5276,2021-05-19,Mukono,Cassava,8800
fd-5277,2020-10-04,Nakasero,maize,-2000
fd-5278,2021-02-24,Mukono,MAIZE,4500
fd-5278,2021-02-24,Mukono,MAIZE,4500
fd-5279,2020-02-11,Kansanga,banana leaves,19600
fd-5280,2021-07-29,,Beans,10500
fd-5281,2020-09-21,,CASSAVA,24700
fd-5282,2022-03-27,,CASSAVA,13900
fd-5283,2020-10-09,Kansanga,Beans,15600
fd-5284,2022-09-17,Bwaise,CASSAVA,2400
fd-5285,2022-02-01,Bwaise,Beans,19800
fd-5285,2022-02-01,Bwaise,Beans,19800
fd-5286,2021-04-15,Mukono,fish,23900
fd-5287,2020-10-23,Bwaise,maize,5600
fd-5288,2020-10-27,Mukono,eggs,13900
fd-5289,2020-05-31,Kansanga,maize,5600
fd-5290,2021-12-06,Kansanga,Maize,7400
fd-5291,2022-03-26,Nakasero,MAIZE,15500
fd-5292,2021-12-05,Nakasero,eggs,21100
fd-5293,2021-02-11,Bwaise,MAIZE,14800
fd-5293,2021-02-11,Bwaise,MAIZE,14800
fd-5294,2022-08-31,Mukono,Cassava,8100
fd-5295,2021-03-07,Nakasero,CASSAVA,14200
fd-5295,2021-03-07,Nakasero,CASSAVA,14200
fd-5296,2022-07-01,,MAIZE,1900
fd-5297,2025-18-37,Mukono,Beans,23500
fd-5298,2022-07-21,Mukono,eggs,23400
fd-5299,2022-06-04,Bwaise,MAIZE,22500
fd-5299,2022-06-04,Bwaise,MAIZE,22500
fd-5300,2021-03-25,Kansanga,Cassava,9800
fd-5301,2020-07-02,Nakasero,MAIZE,21800
fd-5302,2020-10-11,Bwaise,Beans,5900
fd-5303,2020-03-16,Kansanga,fish,12400
fd-5304,2021-06-15,Mukono,Beans,6600
fd-5305,2022-05-27,,fish,12100
fd-5306,2020-11-18,Mukono,maize,24500
fd-5307,2021-01-07,Bwaise,banana leaves,1600
fd-5308,2020-09-30,Nakasero,Maize,6700
fd-5309,2022-05-21,,banana leaves,6100
fd-5310,2020-06-03,Kansanga,eggs,1300
fd-5310,2020-06-03,Kansanga,eggs,1300
fd-5311,2020-12-20,Mukono,Beans,19700
fd-5312,2020-03-18,,eggs,17500
fd-5313,2020-06-25,Kansanga,eggs,8700
fd-5314,2021-11-16,Mukono,banana leaves,14300
fd-5315,2021-03-02,Mukono,Cassava,12800
fd-5316,2022-07-26,Kansanga,Beans,5100
fd-5317,2022-06-18,Kansanga,maize,17200
fd-5318,2021-06-24,Mukono,MAIZE,15000
fd-5318,2021-06-24,Mukono,MAIZE,15000
fd-5319,2022-03-03,,banana leaves,22000
fd-5320,2020-11-05,,Maize,13600
fd-5321,2020-09-12,Mukono,maize,1000
fd-5322,2022-06-12,Mukono,Beans,17100
fd-5322,2022-06-12,Mukono,Beans,17100
fd-5323,2021-13-49,Nakasero,maize,1500
fd-5324,2022-07-03,Mukono,Beans,23700
fd-5325,2022-04-23,Kansanga,banana leaves,21200
fd-5326,2020-03-11,Mukono,Cassava,19100
fd-5327,2021-10-13,Mukono,MAIZE,10000
fd-5328,2022-03-05,Nakasero,MAIZE,5300
fd-5329,2021-06-20,Bwaise,Cassava,2100
fd-5330,2022-04-23,,beans,23100
fd-5331,2021-02-02,Mukono,banana leaves,8500
fd-5332,2021-03-19,Nakasero,Cassava,12000
fd-5333,2021-03-05,Kansanga,Beans,17200
fd-5334,2021-08-11,,Beans,10400
fd-5335,2021-02-09,Nakasero,Maize,12000
fd-5335,2021-02-09,Nakasero,Maize,12000
fd-5336,2021-12-24,,Beans,4700
fd-5337,2021-13-49,Nakasero,fish,13100
fd-5338,2022-07-03,Bwaise,banana leaves,12300
fd-5339,2021-05-31,Mukono,Beans,7000
fd-5340,2021-06-14,Bwaise,Beans,9600
fd-5341,2021-06-27,Nakasero,banana leaves,17200
fd-5342,2021-01-27,Nakasero,Cassava,6300
fd-5343,2020-05-25,Kansanga,Cassava,5000
fd-5344,2020-06-27,Kansanga,Beans,8800
fd-5345,2021-12-21,Nakasero,Beans,15900
fd-5346,2020-02-03,Bwaise,MAIZE,1000
fd-5347,2022-09-23,Mukono,Cassava,10200
fd-5348,2021-01-30,,beans,7800
fd-5349,2022-06-20,Nakasero,eggs,1500
fd-5350,2021-12-18,Mukono,fish,22200
fd-5351,2021-10-14,Mukono,Cassava,16400
fd-5352,2021-10-11,Bwaise,maize,3600
fd-5353,2021-07-18,Bwaise,fish,24800
fd-5354,2022-03-22,Mukono,fish,23800
fd-5355,2020-08-15,Bwaise,beans,11100
fd-5356,2020-05-17,Nakasero,MAIZE,16600
fd-5357,2020-09-15,Nakasero,CASSAVA,2000
fd-5358,2021-06-22,Nakasero,MAIZE,9700
fd-5359,2021-12-29,Kansanga,eggs,19500
fd-5360,2021-07-09,,beans,1000
fd-5361,2020-12-05,,fish,22200
fd-5362,2021-05-01,Mukono,Cassava,24100
fd-5363,2020-12-14,Bwaise,MAIZE,2200
fd-5364,2021-02-21,Mukono,Cassava,23500
fd-5365,2022-02-03,Kansanga,CASSAVA,2700
fd-5366,2021-03-20,Bwaise,Cassava,3000
fd-5367,2022-01-05,Nakasero,Beans,19600
fd-5368,2021-07-27,Nakasero,CASSAVA,21200
fd-5369,2020-10-14,Kansanga,eggs,19200
fd-5370,2022-07-26,,Cassava,12000
fd-5371,2022-06-17,Kansanga,CASSAVA,23600
fd-5372,2022-06-04,Bwaise,maize,-2100
fd-5373,2022-01-30,Nakasero,MAIZE,13800
fd-5374,2020-11-23,Mukono,Beans,19700
fd-5375,2022-02-11,Mukono,banana leaves,15000
fd-5376,2022-04-03,Mukono,fish,-2100
fd-5377,2021-05-10,Bwaise,beans,6200
fd-5378,2022-06-16,,Cassava,23500
fd-5379,2020-07-22,Mukono,Beans,4500
fd-5380,2020-07-03,Bwaise,beans,8200
fd-5381,2021-11-22,Kansanga,CASSAVA,7400
fd-5382,2021-02-01,Nakasero,fish,11000
fd-5382,2021-02-01,Nakasero,fish,11000
fd-5383,2025-18-37,,CASSAVA,8900
fd-5383,2025-18-37,,CASSAVA,8900
fd-5384,2022-07-05,Bwaise,fish,-1800
fd-5385,2021-09-02,Mukono,CASSAVA,13400
fd-5386,2022-02-20,Kansanga,beans,3400
fd-5387,2022-02-25,Bwaise,Beans,16800
fd-5388,2020-02-21,Bwaise,MAIZE,6900
fd-5389,2021-01-15,Bwaise,Beans,15000
fd-5390,2020-11-23,Mukono,CASSAVA,3500
fd-5391,2021-12-06,Bwaise,banana leaves,15600
fd-5392,2022-02-06,Mukono,MAIZE,3300
fd-5393,2020-07-28,Kansanga,eggs,19200
fd-5394,2020-12-07,Kansanga,beans,19500
fd-5395,2021-10-06,,Beans,13600
fd-5395,2020-07-24,Kansanga,MAIZE,4300
fd-5397,2021-02-02,Nakasero,maize,15600
fd-5398,2022-05-17,Mukono,beans,16900
fd-5399,2022-02-22,Bwaise,CASSAVA,22400
fd-5400,2020-06-12,Kansanga,MAIZE,20000
fd-5401,2021-04-16,Kansanga,maize,10200
fd-5402,2021-04-30,Mukono,MAIZE,20300
fd-5403,2020-11-29,Nakasero,fish,16100
fd-5403,2020-11-29,Nakasero,fish,16100
fd-5404,2020-08-10,Mukono,eggs,13300
fd-5405,2021-03-06,Mukono,MAIZE,14700
fd-5406,2021-01-03,Kansanga,CASSAVA,4900
fd-5407,2020-06-25,Nakasero,Maize,12000
fd-5408,2021-11-13,Nakasero,Beans,5600
fd-5409,2020-05-12,,Beans,22300
fd-5409,2020-05-12,,Beans,22300
fd-5410,2020-01-06,Bwaise,MAIZE,23800
fd-5411,2020-12-31,Bwaise,fish,17700
fd-5412,2020-07-17,Nakasero,banana leaves,10300
fd-5413,2020-11-13,Kansanga,beans,22600
fd-5414,2022-07-07,,eggs,800
fd-5415,2020-12-27,Mukono,fish,18100
fd-5416,2022-08-16,Nakasero,maize,11500
fd-5417,2020-01-11,Mukono,maize,21500
fd-5418,2021-08-31,Kansanga,beans,14700
fd-5419,2022-03-01,,Cassava,13000
fd-5420,2020-09-05,Bwaise,eggs,15000
fd-5421,2020-08-22,Bwaise,CASSAVA,5300
fd-5422,2022-07-30,Bwaise,fish,2900
fd-5423,2020-07-30,,CASSAVA,10700
fd-5423,2020-07-30,,CASSAVA,10700
fd-5424,2020-10-23,Mukono,Beans,600
fd-5425,2021-10-01,Kansanga,banana leaves,20000
fd-5426,2021-04-06,Bwaise,Cassava,19200
fd-5427,2020-04-27,,fish,10200
fd-5428,2021-01-08,Bwaise,banana leaves,17800
fd-5429,2021-06-02,,Beans,12300
fd-5430,2021-09-18,,beans,9100
fd-5431,2020-03-07,Kansanga,eggs,10900
fd-5432,2021-05-09,Nakasero,eggs,5600
fd-5433,2021-04-11,Kansanga,Beans,2800
fd-5434,2021-07-15,,fish,12700
fd-5435,2022-09-23,Bwaise,MAIZE,19900
fd-5435,2022-09-23,Bwaise,MAIZE,19900
fd-5436,2020-11-27,,maize,11900
fd-5437,2021-07-17,Nakasero,beans,-2100
fd-5438,2022-08-05,Bwaise,beans,22000
fd-5439,2020-07-11,,eggs,2300
fd-5440,2020-07-26,Nakasero,eggs,12500
fd-5441,2022-04-20,,fish,-3400
fd-5442,2021-12-21,Mukono,banana leaves,500
fd-5443,2020-11-29,Kansanga,fish,18500
fd-5444,2020-07-13,Kansanga,Cassava,19700
fd-5445,2022-04-12,,eggs,13100
fd-5446,2021-05-25,,Beans,800
fd-5447,2020-10-26,Nakasero,Beans,15000
fd-5448,2021-09-16,Mukono,Maize,-3200
fd-5449,2020-05-31,Kansanga,Beans,17400
fd-5450,2020-12-06,,beans,24600
fd-5451,2021-03-28,Nakasero,eggs,24200
fd-5452,2021-10-14,Nakasero,fish,19800
fd-5453,2020-02-05,,fish,16700
fd-5454,2021-07-17,Mukono,Beans,13300
fd-5455,2021-06-18,Bwaise,banana leaves,1500
fd-5456,2020-12-23,Mukono,eggs,13800
fd-5457,2020-05-11,,Maize,18400
fd-5458,2021-13-49,Kansanga,fish,7800
fd-5459,2020-06-08,Mukono,beans,24200
fd-5460,2020-04-15,Kansanga,eggs,-1400
fd-5461,2022-09-07,,Beans,1500
fd-5462,2020-07-28,Kansanga,fish,14300
fd-5463,2020-12-10,Kansanga,maize,16000
fd-5464,2020-12-30,Kansanga,eggs,11200
fd-5465,2022-02-01,Kansanga,CASSAVA,4700
fd-5465,2020-12-02,,banana leaves,18400
fd-5465,2020-12-02,,banana leaves,18400
fd-5467,2022-04-05,Nakasero,fish,7400
fd-5468,2022-03-14,Kansanga,MAIZE,-5000
fd-5469,2022-15-48,Mukono,Beans,15700
fd-5470,2020-09-07,Mukono,Cassava,17600
fd-5471,2020-04-27,Mukono,Beans,21100
fd-5472,2020-10-18,Mukono,beans,21900
fd-5473,2020-11-15,Nakasero,fish,21400
fd-5474,2020-01-24,Kansanga,banana leaves,1700
fd-5475,2020-11-11,,eggs,21700
fd-5476,2022-04-24,,maize,7800
fd-5477,2021-02-17,Nakasero,CASSAVA,5800
fd-5478,2022-01-31,Mukono,CASSAVA,-2100
fd-5479,2022-03-02,Nakasero,MAIZE,21600
fd-5480,2021-12-28,Kansanga,Cassava,22400
fd-5481,2020-09-23,Nakasero,eggs,23700
fd-5482,2022-07-12,,fish,14100
fd-5483,2020-11-04,Mukono,banana leaves,24700
fd-5484,2021-04-03,Bwaise,Maize,900
fd-5485,2021-02-11,Kansanga,fish,3800
fd-5485,2021-07-12,Nakasero,Cassava,22700
fd-5487,2021-01-25,Nakasero,Beans,13800
fd-5488,2020-04-24,Bwaise,Beans,4000
fd-5489,2021-02-08,Bwaise,MAIZE,19600
fd-5490,2021-08-21,Nakasero,CASSAVA,1700
fd-5491,2021-09-23,Kansanga,Maize,8000
fd-5492,2021-05-22,Mukono,Cassava,-3900
fd-5493,2020-09-28,Nakasero,CASSAVA,14100
fd-5494,2020-04-17,Nakasero,MAIZE,9800
fd-5495,2021-10-10,Bwaise,banana leaves,14000
fd-5496,2020-09-20,Mukono,banana leaves,4200
fd-5497,2021-07-25,Mukono,beans,16300
fd-5498,2022-04-10,,eggs,19900
fd-5499,2022-07-09,Bwaise,CASSAVA,500
fd-5500,2020-05-03,Nakasero,Cassava,9300
fd-5500,2020-05-03,Nakasero,Cassava,9300
fd-5501,2020-07-13,Nakasero,eggs,11100
fd-5502,2020-05-26,Kansanga,MAIZE,7300
fd-5503,2021-01-03,Nakasero,Maize,19300
fd-5504,2022-09-17,Nakasero,MAIZE,11600
fd-5504,2022-09-17,Nakasero,MAIZE,11600
fd-5505,2021-10-15,Mukono,fish,21700
fd-5506,2021-03-25,Bwaise,CASSAVA,13300
fd-5507,2020-07-07,,eggs,3900
fd-5508,2020-06-11,Kansanga,eggs,13900
fd-5509,2021-03-25,Nakasero,Cassava,11500
fd-5510,2021-08-17,Nakasero,Cassava,15100
fd-5511,2021-12-03,Bwaise,banana leaves,20300
fd-5512,2021-05-15,Nakasero,CASSAVA,24300
fd-5513,2021-12-27,,maize,11300
fd-5514,2021-10-23,,eggs,1500
fd-5515,2021-12-29,Bwaise,Maize,20000
fd-5515,2021-12-29,Bwaise,Maize,20000
fd-5516,2020-07-31,,fish,7000
fd-5517,2022-08-21,Mukono,fish,-3400
fd-5518,2021-13-49,Kansanga,MAIZE,4400
fd-5519,2021-12-10,,Beans,2800
fd-5520,2022-07-04,Bwaise,banana leaves,3500
fd-5521,2022-05-30,Nakasero,banana leaves,1200
fd-5522,2023-16-47,Bwaise,eggs,12000
fd-5522,2023-16-47,Bwaise,eggs,12000
fd-5523,2021-02-24,Bwaise,MAIZE,16700
fd-5524,2022-08-03,Nakasero,Maize,18500
fd-5525,2021-03-12,Mukono,eggs,14100
fd-5526,2020-03-20,Nakasero,CASSAVA,19500
fd-5527,2021-12-27,,fish,18900
fd-5528,2022-06-07,Kansanga,fish,12700
fd-5528,2022-06-07,Kansanga,fish,12700
fd-5529,2020-04-05,Kansanga,fish,22500
fd-5530,2022-09-03,Bwaise,CASSAVA,2200
fd-5531,2020-10-14,Bwaise,banana leaves,-2500
fd-5531,2020-10-14,Bwaise,banana leaves,-2500
fd-5532,2022-07-24,Mukono,Beans,24700
fd-5533,2021-05-08,Mukono,MAIZE,9800
fd-5534,2021-10-30,Kansanga,banana leaves,18000
fd-5535,2020-06-21,Kansanga,eggs,11300
fd-5536,2020-07-31,Bwaise,MAIZE,22400
fd-5537,2020-02-08,Mukono,beans,22600
fd-5538,2020-10-29,Kansanga,Beans,21500
fd-5539,2021-01-04,,beans,2200
fd-5539,2021-01-04,,beans,2200
fd-5540,2021-08-10,Bwaise,beans,7600
fd-5541,2020-09-04,Kansanga,Beans,21400
fd-5542,2022-07-29,Nakasero,fish,16600
fd-5542,2022-02-04,Kansanga,maize,2200
fd-5544,2020-04-07,Mukono,eggs,19700
fd-5544,2020-08-30,Mukono,Beans,19500
fd-5545,2020-11-15,Kansanga,maize,20700
fd-5547,2020-11-30,Bwaise,maize,14700
fd-5548,2020-02-25,,eggs,13200
fd-5549,2022-05-07,Bwaise,eggs,3500
fd-5550,2020-07-13,Mukono,maize,3300
fd-5551,2020-10-29,Nakasero,CASSAVA,8600
fd-5551,2020-10-29,Nakasero,CASSAVA,8600
fd-5552,2021-10-14,,Beans,-4700
fd-5553,2026-19-40,Nakasero,Cassava,8100
fd-5554,2020-08-19,Nakasero,banana leaves,15900
fd-5555,2020-04-22,Bwaise,maize,6500
fd-5556,2021-01-20,Kansanga,Maize,14000
fd-5557,2021-08-18,Bwaise,eggs,15100
fd-5558,2021-08-16,Mukono,Beans,16800
fd-5559,2022-06-03,,banana leaves,16600
fd-5560,2021-02-07,Mukono,Beans,17600
fd-5561,2021-09-01,Mukono,Cassava,18600
fd-5562,2020-11-20,Mukono,Maize,5800
fd-5563,2022-04-05,,beans,10500
fd-5564,2021-11-19,Bwaise,CASSAVA,24700
fd-5565,2020-04-04,,maize,13600
fd-5566,2021-11-01,Mukono,fish,24700
fd-5567,2020-14-50,Mukono,CASSAVA,3400
fd-5568,2022-06-16,Mukono,Maize,4600
fd-5569,2021-11-11,,Maize,1400
fd-5570,2021-01-24,Nakasero,Cassava,1500
fd-5570,2021-01-24,Nakasero,Cassava,1500
fd-5571,2021-10-27,Nakasero,beans,13500
fd-5572,2021-07-20,Bwaise,beans,14300
fd-5573,2020-06-25,Nakasero,Maize,8800
fd-5574,2021-11-05,Kansanga,Cassava,17800
fd-5575,2021-10-21,Kansanga,beans,2900
fd-5576,2021-02-13,Mukono,eggs,20000
fd-5577,2021-09-20,Bwaise,eggs,23000
fd-5578,2022-02-10,Kansanga,beans,11100
fd-5579,2021-03-19,Nakasero,banana leaves,800
fd-5580,2020-10-21,Mukono,Maize,7400
fd-5581,2022-08-11,Bwaise,beans,24800
fd-5582,2021-12-01,Mukono,CASSAVA,22900
fd-5582,2021-12-01,Mukono,CASSAVA,22900
fd-5583,2022-05-05,Nakasero,CASSAVA,2200
fd-5584,2020-01-15,Nakasero,Maize,11000
fd-5585,2021-05-15,Nakasero,CASSAVA,9200
fd-5586,2021-10-30,,CASSAVA,20200
fd-5587,2022-03-01,Nakasero,MAIZE,12300
fd-5588,2021-12-20,Kansanga,Beans,-5000
fd-5589,2025-18-37,Mukono,fish,13500
fd-5590,2020-01-19,,Beans,1100
fd-5591,2020-02-03,,Beans,19100
fd-5592,2022-01-17,Bwaise,Cassava,2100
fd-5593,2021-09-12,Bwaise,beans,21300
fd-5594,2020-02-06,Kansanga,MAIZE,17300
fd-5595,2024-17-45,Mukono,Cassava,7000
fd-5596,2022-04-21,Mukono,CASSAVA,11300
fd-5597,2022-04-25,Bwaise,eggs,3100
fd-5598,2020-12-20,Mukono,eggs,11700
fd-5599,2020-06-28,Kansanga,Maize,9000
fd-5600,2021-10-30,Kansanga,eggs,10800
fd-5601,2020-09-17,Bwaise,Maize,10600
fd-5601,2020-02-05,Kansanga,banana leaves,16200
fd-5603,2020-03-08,,banana leaves,11700
fd-5603,2020-03-08,,banana leaves,11700
fd-5604,2021-08-03,Bwaise,Beans,21500
fd-5604,2021-01-07,Nakasero,fish,20400
fd-5606,2020-10-29,Bwaise,CASSAVA,19600
fd-5607,2021-10-03,Mukono,Cassava,2800
fd-5608,2020-04-16,Mukono,Maize,7200
fd-5608,2020-04-16,Mukono,Maize,7200
fd-5609,2021-01-16,Mukono,MAIZE,13700
fd-5610,2022-03-05,Nakasero,Maize,5000
fd-5611,2020-06-23,Mukono,fish,8600
fd-5612,2022-04-04,Kansanga,maize,24000
fd-5613,2020-04-17,Bwaise,CASSAVA,-2900
fd-5614,2021-06-15,Bwaise,CASSAVA,4500
fd-5615,2022-08-27,,MAIZE,21700
fd-5615,2022-08-27,,MAIZE,21700
fd-5615,2021-09-02,Bwaise,CASSAVA,3900
fd-5617,2021-07-10,Nakasero,beans,18300
fd-5618,2020-01-04,Bwaise,CASSAVA,21700
fd-5619,2020-05-06,Mukono,eggs,15000
fd-5619,2020-05-06,Mukono,eggs,15000
fd-5620,2020-06-22,Nakasero,Beans,1500
fd-5621,2020-01-16,Nakasero,eggs,11000
fd-5622,2020-07-28,Nakasero,fish,22300
fd-5623,2022-04-10,Bwaise,banana leaves,8100
fd-5624,2020-05-19,,beans,19800
fd-5625,2021-06-11,Kansanga,Beans,2700
fd-5626,2020-11-24,Bwaise,eggs,15100
fd-5627,2022-07-02,Kansanga,maize,22200
fd-5628,2020-04-02,Mukono,banana leaves,2700
fd-5629,2022-09-13,,Beans,7700
fd-5629,2022-09-13,,Beans,7700
fd-5630,2020-04-26,Bwaise,beans,8000
fd-5631,2020-01-09,Bwaise,CASSAVA,21800
fd-5632,2021-08-17,Bwaise,maize,9800
fd-5633,2021-05-03,Bwaise,Maize,9300
fd-5634,2021-03-17,,beans,8400
fd-5635,2020-03-03,Kansanga,Beans,19300
fd-5636,2020-08-12,Kansanga,CASSAVA,4400
fd-5637,2022-07-17,Mukono,banana leaves,18400
fd-5638,2021-13-49,Nakasero,Beans,-2800
fd-5639,2022-09-17,Kansanga,fish,24900
fd-5640,2021-12-21,Kansanga,fish,24300
fd-5641,2022-09-20,Nakasero,beans,21300
fd-5642,2021-01-13,Nakasero,Cassava,9600
fd-5642,2021-01-13,Nakasero,Cassava,9600
fd-5643,2022-01-16,Kansanga,CASSAVA,20200
fd-5644,2020-01-25,Mukono,eggs,21000
fd-5645,2021-10-06,,maize,16100
fd-5645,2021-10-06,,maize,16100
fd-5646,2022-03-15,Nakasero,Cassava,17500
fd-5647,2022-15-48,Mukono,maize,14000
fd-5648,2021-01-29,,eggs,18000
fd-5649,2020-01-20,Nakasero,fish,5100
fd-5650,2021-03-30,Kansanga,maize,6800
fd-5651,2022-01-26,Mukono,Maize,4100
fd-5652,2021-01-28,Nakasero,MAIZE,12700
fd-5652,2021-01-28,Nakasero,MAIZE,12700
fd-5653,2020-12-03,,maize,4000
fd-5654,2022-08-09,Mukono,CASSAVA,21200
fd-5655,2021-05-10,Kansanga,eggs,3800
fd-5656,2022-03-06,Bwaise,eggs,15500
fd-5657,2022-09-13,Kansanga,Maize,8800
fd-5658,2020-10-16,Nakasero,fish,6300
fd-5659,2021-07-09,Bwaise,MAIZE,2700
fd-5660,2022-06-03,Kansanga,MAIZE,24900
fd-5661,2021-12-30,,MAIZE,15400
fd-5662,2022-01-04,Nakasero,beans,19300
fd-5663,2025-18-37,Nakasero,Cassava,18300
fd-5664,2022-03-25,,MAIZE,9900
fd-5665,2021-07-27,Mukono,CASSAVA,16100
fd-5666,2021-03-04,Nakasero,banana leaves,7200
fd-5667,2022-05-27,Bwaise,Beans,3700
fd-5668,2022-05-17,,banana leaves,14900
fd-5669,2022-08-31,Kansanga,maize,3100
fd-5670,2020-06-16,Kansanga,beans,19400
fd-5671,2021-03-21,,CASSAVA,1000
fd-5672,2021-04-03,Nakasero,banana leaves,21000
fd-5673,2020-08-05,,Cassava,22100
fd-5674,2022-09-16,Kansanga,Maize,12100
fd-5675,2022-08-05,Mukono,MAIZE,1000
fd-5676,2020-09-19,,beans,-1600
fd-5677,2020-11-24,Kansanga,Beans,13200
fd-5678,2022-07-17,Nakasero,fish,11500
fd-5679,2021-02-03,Kansanga,eggs,11500
fd-5680,2022-15-48,Mukono,banana leaves,7500
fd-5681,2022-08-08,Kansanga,MAIZE,23600
fd-5682,2020-11-30,,fish,24000
fd-5683,2022-06-03,Bwaise,Cassava,1200
fd-5684,2021-07-07,Mukono,MAIZE,14700
fd-5685,2021-10-18,,beans,12300
fd-5685,2021-10-18,,beans,12300
fd-5686,2021-02-11,Mukono,Cassava,16100
fd-5687,2020-09-19,Bwaise,beans,14200
fd-5688,2020-04-24,Kansanga,eggs,14500
fd-5689,2021-04-27,Bwaise,Beans,11700
fd-5689,2021-04-27,Bwaise,Beans,11700
fd-5690,2021-03-13,,CASSAVA,16200
fd-5691,2021-11-16,Mukono,maize,6900
fd-5692,2022-01-24,,maize,16200
fd-5693,2021-08-10,Bwaise,beans,3700
fd-5694,2021-08-14,Nakasero,banana leaves,4300
fd-5695,2021-03-06,Nakasero,maize,4000
fd-5696,2022-07-16,Mukono,beans,12200
fd-5697,2020-05-28,Mukono,eggs,18900
fd-5698,2021-01-11,,Cassava,22700
fd-5699,2021-08-10,Nakasero,eggs,7300
fd-5700,2022-02-02,Nakasero,MAIZE,10300
fd-5701,2020-11-09,,Beans,8400
fd-5701,2020-11-09,,Beans,8400
fd-5702,2021-04-04,Kansanga,MAIZE,3000
fd-5703,2021-02-14,Bwaise,Beans,-1600
fd-5704,2021-09-24,,MAIZE,21900
fd-5705,2020-09-08,Kansanga,MAIZE,18700
fd-5706,2022-06-25,Bwaise,fish,17700
fd-5707,2022-03-31,Bwaise,fish,14900
fd-5708,2022-03-18,,Cassava,3200
fd-5708,2022-03-18,,Cassava,3200
fd-5708,2022-06-11,Bwaise,banana leaves,20800
fd-5710,2022-02-06,Nakasero,Maize,16400
fd-5711,2020-01-19,Nakasero,maize,23500
fd-5712,2020-03-11,Bwaise,banana leaves,9600
fd-5713,2022-08-06,Bwaise,Cassava,17800
fd-5714,2022-03-30,Nakasero,Beans,-2700
fd-5715,2020-03-22,Mukono,Maize,17200
fd-5716,2022-09-04,Mukono,eggs,23200
fd-5716,2022-09-04,Mukono,eggs,23200
fd-5717,2021-11-11,Kansanga,beans,3500
fd-5718,2020-01-29,Kansanga,eggs,-1200
fd-5719,2022-05-20,Kansanga,eggs,8200
fd-5720,2020-02-15,Mukono,maize,9900
fd-5721,2022-03-29,,banana leaves,5700
fd-5722,2020-01-01,Kansanga,Maize,12900
fd-5723,2022-08-06,Kansanga,maize,21800
fd-5724,2020-09-12,Nakasero,fish,9500
fd-5725,2021-12-29,Mukono,maize,11600
fd-5725,2021-12-29,Mukono,maize,11600
fd-5726,2022-08-02,Mukono,Maize,11200
fd-5727,2022-04-12,Kansanga,maize,5400
fd-5728,2022-06-29,Nakasero,CASSAVA,20300
fd-5729,2022-07-23,,Beans,10800
fd-5729,2020-07-02,Nakasero,Cassava,2300
fd-5731,2021-12-09,,Cassava,24300
fd-5732,2020-04-18,,MAIZE,16800
fd-5733,2022-04-27,Mukono,Cassava,18700
fd-5733,2022-04-27,Mukono,Cassava,18700
fd-5734,2022-03-15,Nakasero,Beans,1800
fd-5735,2021-01-25,Nakasero,maize,24500
fd-5736,2020-10-12,Bwaise,banana leaves,9000
fd-5737,2021-10-06,Mukono,fish,23400
fd-5738,2020-05-06,Bwaise,CASSAVA,22000
fd-5739,2021-06-06,Nakasero,banana leaves,15000
fd-5739,2021-06-06,Nakasero,banana leaves,15000
fd-5740,2022-01-13,,fish,5400
fd-5741,2021-01-26,,Maize,800
fd-5741,2021-01-26,,Maize,800
fd-5742,2020-08-13,Kansanga,Beans,5500
fd-5743,2022-03-16,Kansanga,Cassava,3900
fd-5744,2021-04-15,Mukono,Beans,-1800
fd-5744,2022-06-10,Kansanga,Beans,4100
fd-5746,2023-16-47,Kansanga,fish,17100
fd-5747,2020-04-15,,Cassava,16300
fd-5748,2021-12-05,Mukono,banana leaves,6200
fd-5749,2020-04-30,Nakasero,eggs,-2400
fd-5750,2021-04-08,Bwaise,Beans,18000
fd-5751,2022-07-22,Nakasero,maize,22700
fd-5752,2020-12-19,,banana leaves,9800
fd-5753,2021-08-28,,fish,-4300
fd-5754,2022-03-27,Bwaise,maize,14000
fd-5754,2020-02-09,Bwaise,Beans,22000
fd-5754,2020-02-09,Bwaise,Beans,22000
fd-5756,2021-10-26,Bwaise,maize,13500
fd-5757,2021-01-15,Nakasero,banana leaves,20900
fd-5758,2021-01-22,Mukono,Cassava,5400
fd-5759,2020-12-21,,Cassava,24900
fd-5760,2022-03-10,Nakasero,eggs,12800
fd-5761,2020-03-03,,MAIZE,9500
fd-5762,2022-07-24,Mukono,Cassava,1100
fd-5763,2022-04-19,Bwaise,fish,3600
fd-5764,2022-06-29,Nakasero,Maize,2100
fd-5765,2020-10-26,,beans,8300
fd-5766,2020-08-24,Mukono,maize,2500
fd-5767,2022-01-01,Kansanga,maize,20400
fd-5768,2020-02-09,Kansanga,beans,22800
fd-5769,2020-10-18,Nakasero,CASSAVA,2100
fd-5770,2022-04-21,Bwaise,maize,900
fd-5771,2020-06-12,Kansanga,Cassava,4200
fd-5771,2020-02-18,Nakasero,maize,4300
fd-5773,2022-07-26,Kansanga,Beans,7300
fd-5774,2022-15-48,Bwaise,CASSAVA,13000
fd-5775,2020-01-03,Kansanga,MAIZE,7800
fd-5776,2021-07-03,Nakasero,Maize,12600
fd-5777,2020-09-15,Kansanga,Maize,14800
fd-5778,2022-03-04,Nakasero,maize,4500
fd-5779,2020-05-03,,beans,1300
fd-5780,2020-05-10,Mukono,maize,21200
fd-5781,2021-01-17,Mukono,Beans,20200
fd-5782,2020-06-06,Kansanga,Cassava,5200
fd-5783,2022-07-28,,beans,17200
fd-5784,2022-08-16,Bwaise,Beans,7100
fd-5785,2021-02-26,Bwaise,Cassava,14800
fd-5786,2020-05-06,Bwaise,CASSAVA,10200
fd-5787,2022-04-13,Mukono,banana leaves,14500
fd-5788,2020-10-31,Bwaise,Cassava,23200
fd-5789,2022-09-18,Nakasero,banana leaves,9600
fd-5790,2021-01-11,Mukono,fish,4000
fd-5791,2021-10-30,Mukono,fish,18500
fd-5792,2020-09-02,Mukono,MAIZE,9700
fd-5793,2020-08-15,,fish,8300
fd-5794,2021-13-49,Nakasero,maize,23800
fd-5795,2020-01-25,Nakasero,eggs,18400
fd-5796,2020-11-06,Kansanga,maize,21800
fd-5797,2020-11-18,Kansanga,fish,14400
fd-5798,2022-09-21,Kansanga,eggs,18600
fd-5799,2020-07-13,Mukono,banana leaves,3500
fd-5800,2020-10-28,Kansanga,CASSAVA,23000
fd-5801,2021-02-09,Bwaise,Maize,-3000
fd-5802,2022-07-11,Kansanga,eggs,17700
fd-5803,2021-10-27,Mukono,Cassava,19300
fd-5803,2022-07-09,Kansanga,fish,17600
fd-5803,2022-07-09,Kansanga,fish,17600
fd-5805,2020-02-18,Nakasero,MAIZE,18300
fd-5806,2020-01-24,Kansanga,fish,22700
fd-5807,2020-04-13,,banana leaves,20300
fd-5808,2020-03-04,,eggs,24200
fd-5808,2020-03-04,,eggs,24200
fd-5809,2022-06-25,Nakasero,beans,15400
fd-5810,2022-08-26,Nakasero,fish,8800
fd-5811,2022-07-28,Kansanga,MAIZE,6400
fd-5812,2021-12-05,Mukono,Cassava,25000
fd-5813,2021-10-17,,banana leaves,22900
fd-5814,2022-01-12,,maize,7400
fd-5815,2022-03-05,Nakasero,eggs,4600
fd-5816,2021-05-23,Mukono,beans,3100
fd-5817,2022-08-31,Mukono,eggs,14900
fd-5818,2022-09-23,Mukono,CASSAVA,13200
fd-5819,2020-10-09,Nakasero,eggs,4100
fd-5820,2022-01-09,Mukono,Beans,20700
fd-5821,2020-11-12,Mukono,CASSAVA,23900
fd-5822,2020-14-50,Nakasero,CASSAVA,13800
fd-5823,2021-12-15,Kansanga,fish,14500
fd-5824,2021-11-10,Nakasero,MAIZE,18900
fd-5825,2020-07-01,,banana leaves,15600
fd-5826,2021-09-22,Nakasero,maize,1200
fd-5827,2020-08-21,,MAIZE,8100
fd-5828,2020-08-30,,MAIZE,18000
fd-5829,2020-06-07,Nakasero,beans,16900
fd-5830,2021-03-17,Mukono,maize,13600
fd-5831,2021-07-26,Nakasero,eggs,3000
fd-5832,2021-02-24,Bwaise,CASSAVA,12400
fd-5832,2021-02-24,Bwaise,CASSAVA,12400
fd-5833,2020-03-20,Bwaise,Cassava,9800
fd-5834,2022-03-29,Kansanga,Maize,1600
fd-5835,2024-17-45,Mukono,Cassava,22300
fd-5836,2020-11-14,Bwaise,maize,16000
fd-5837,2020-05-13,Kansanga,beans,21800
fd-5838,2025-18-37,Nakasero,MAIZE,4700
fd-5839,2022-08-14,Kansanga,eggs,6900
fd-5840,2022-04-20,Kansanga,banana leaves,2000
fd-5841,2021-11-14,Kansanga,Maize,16700
fd-5842,2021-10-16,Bwaise,Beans,-5000
fd-5843,2021-03-06,Nakasero,eggs,19300
fd-5844,2020-05-23,Kansanga,Beans,10900
fd-5845,2021-11-19,Nakasero,Maize,13900
fd-5845,2021-11-19,Nakasero,Maize,13900
fd-5846,2022-06-17,Nakasero,eggs,18500
fd-5847,2021-10-16,,CASSAVA,18900
fd-5848,2020-03-12,Nakasero,Beans,17800
fd-5849,2020-08-21,Mukono,Maize,9400
fd-5850,2021-10-04,Bwaise,banana leaves,15500
fd-5851,2020-08-20,Bwaise,MAIZE,10600
fd-5852,2022-07-29,Kansanga,beans,2200
fd-5853,2021-04-10,Bwaise,beans,13300
fd-5854,2022-03-16,,eggs,10100
fd-5855,2021-10-04,Mukono,maize,-2700
fd-5856,2021-09-20,,MAIZE,8600
fd-5856,2021-09-20,,MAIZE,8600
fd-5857,2020-05-11,,MAIZE,17000
fd-5858,2020-02-21,Bwaise,beans,2800
fd-5858,2020-02-21,Bwaise,beans,2800
fd-5859,2021-08-09,,Maize,17800
fd-5860,2020-12-25,Kansanga,Beans,21800
fd-5861,2022-07-30,Nakasero,beans,15800
fd-5862,2026-19-40,Bwaise,Maize,8300
fd-5863,2020-11-26,Kansanga,fish,21900
fd-5864,2022-01-30,Kansanga,eggs,24300
fd-5865,2021-10-14,Mukono,Maize,10600
fd-5866,2020-03-21,Nakasero,beans,16700
fd-5867,2021-04-20,Kansanga,maize,12600
fd-5868,2022-08-27,Mukono,Cassava,13100
fd-5869,2022-08-12,Nakasero,eggs,11400
fd-5869,2021-09-12,,maize,16500
fd-5869,2021-09-12,,maize,16500
fd-5871,2022-01-30,Bwaise,CASSAVA,17400
fd-5872,2022-09-20,Bwaise,banana leaves,14700
fd-5873,2020-04-21,,beans,9200
fd-5874,2021-11-20,Bwaise,fish,15300
fd-5875,2020-06-18,Kansanga,MAIZE,1000
fd-5876,2020-11-19,,banana leaves,16200
fd-5877,2022-05-01,Kansanga,Maize,11300
fd-5878,2022-09-26,Kansanga,banana leaves,7900
fd-5878,2022-09-26,Kansanga,banana leaves,7900
fd-5879,2022-04-16,Kansanga,Beans,2500
fd-5880,2021-04-20,Kansanga,Beans,5100
fd-5881,2020-14-50,Bwaise,CASSAVA,10500
fd-5882,2022-04-16,,CASSAVA,600
fd-5883,2020-08-20,,maize,14300
fd-5884,2021-13-49,Kansanga,Cassava,7300
fd-5885,2022-07-17,Bwaise,CASSAVA,13100
fd-5886,2021-11-23,,CASSAVA,3400
fd-5887,2020-09-23,Bwaise,fish,22000
fd-5887,2020-09-23,Bwaise,fish,22000
fd-5888,2022-01-20,Mukono,beans,10300
fd-5889,2022-03-29,Mukono,banana leaves,12800
fd-5890,2022-09-21,Kansanga,MAIZE,22400
fd-5891,2022-08-28,Bwaise,CASSAVA,22200
fd-5891,2022-08-28,Bwaise,CASSAVA,22200
fd-5892,2020-08-22,Kansanga,fish,21700
fd-5893,2021-07-08,Bwaise,Beans,4300
fd-5894,2021-06-28,Kansanga,CASSAVA,1100
fd-5895,2022-04-28,Nakasero,Cassava,3000
fd-5896,2021-12-03,Kansanga,maize,24000
fd-5897,2020-01-02,Mukono,maize,13300
fd-5898,2020-11-07,Kansanga,Beans,21500
fd-5899,2022-02-02,Kansanga,eggs,19700
fd-5900,2022-02-21,Mukono,Beans,-2900
fd-5901,2022-01-13,Bwaise,eggs,20500
fd-5902,2021-12-20,Bwaise,Maize,16400
fd-5903,2022-05-07,Kansanga,Beans,15600
fd-5904,2021-13-49,Nakasero,MAIZE,500
fd-5905,2022-07-01,Kansanga,MAIZE,2500
fd-5906,2020-12-26,Mukono,CASSAVA,2100
fd-5907,2020-08-13,Kansanga,CASSAVA,19300
fd-5907,2020-08-13,Kansanga,CASSAVA,19300
fd-5908,2022-05-10,,CASSAVA,14600
fd-5909,2020-10-18,Kansanga,CASSAVA,-1200
fd-5910,2020-10-04,,Cassava,5300
fd-5911,2020-01-19,,CASSAVA,10600
fd-5912,2021-06-04,,MAIZE,7600
fd-5913,2022-01-28,Kansanga,fish,6200
fd-5914,2022-08-19,Bwaise,maize,1600
fd-5915,2020-09-20,Kansanga,Beans,12100
fd-5915,2020-09-20,Kansanga,Beans,12100
fd-5916,2022-02-18,Bwaise,Cassava,5400
fd-5917,2021-01-26,Kansanga,fish,9500
fd-5917,2021-01-26,Kansanga,fish,9500
fd-5918,2022-08-28,Nakasero,Cassava,20400
fd-5919,2020-05-01,Bwaise,CASSAVA,11100
fd-5919,2020-05-01,Bwaise,CASSAVA,11100
fd-5920,2021-11-10,Bwaise,Maize,19100
fd-5921,2020-03-28,Bwaise,Maize,20500
fd-5921,2020-03-28,Bwaise,Maize,20500
fd-5922,2021-12-27,Bwaise,Cassava,1200
fd-5922,2021-12-27,Bwaise,Cassava,1200
fd-5923,2020-11-07,Kansanga,beans,9000
fd-5923,2020-11-07,Kansanga,beans,9000
fd-5924,2020-03-07,Nakasero,Maize,7700
fd-5925,2021-08-01,Mukono,Maize,22900
fd-5926,2020-02-25,Mukono,banana leaves,14400
fd-5927,2022-08-02,,Maize,10000
fd-5928,2021-03-12,Kansanga,Maize,15700
fd-5929,2022-09-20,Mukono,Cassava,15800
fd-5929,2022-09-20,Mukono,Cassava,15800
fd-5930,2021-06-15,Nakasero,fish,22700
fd-5930,2021-06-15,Nakasero,fish,22700
fd-5931,2021-12-29,,Beans,6200
fd-5931,2020-07-21,Mukono,Beans,17500
fd-5933,2021-07-25,,Cassava,5400
fd-5934,2021-04-24,Kansanga,beans,3700
fd-5935,2022-06-03,,eggs,12300
fd-5936,2020-05-19,Kansanga,eggs,20900
fd-5937,2022-02-08,Kansanga,CASSAVA,11200
fd-5938,2021-06-02,Bwaise,eggs,24800
fd-5939,2020-10-11,Nakasero,fish,3400
fd-5940,2020-11-16,Nakasero,CASSAVA,9500
fd-5941,2022-09-24,Mukono,eggs,12300
fd-5942,2022-07-16,Bwaise,CASSAVA,17000
fd-5943,2021-04-18,Nakasero,MAIZE,5400
fd-5944,2020-08-28,Nakasero,MAIZE,7200
fd-5945,2021-08-12,Kansanga,Beans,5900
fd-5946,2021-01-17,Mukono,maize,8900
fd-5947,2021-06-19,Mukono,beans,6000
fd-5948,2021-11-26,,MAIZE,6600
fd-5949,2020-07-03,,eggs,15300
fd-5949,2020-07-03,,eggs,15300
fd-5950,2021-10-07,Nakasero,fish,24200
fd-5950,2020-12-26,,MAIZE,4900
fd-5952,2021-11-11,Mukono,Cassava,12700
fd-5953,2022-05-20,Bwaise,CASSAVA,7500
fd-5954,2022-06-14,Nakasero,CASSAVA,11500
fd-5955,2021-12-14,Kansanga,eggs,3400
fd-5956,2021-07-04,Kansanga,maize,23100
fd-5957,2021-07-06,,fish,2900
fd-5958,2022-03-06,Bwaise,banana leaves,11300
fd-5959,2022-02-16,Kansanga,Cassava,9900
fd-5960,2021-01-27,Bwaise,MAIZE,18200
fd-5961,2022-03-01,Kansanga,beans,4800
fd-5962,2020-08-02,,maize,18800
fd-5963,2022-01-16,Kansanga,banana leaves,21800
fd-5964,2020-02-07,Kansanga,fish,24100
fd-5965,2022-09-24,,fish,12800
fd-5965,2022-09-24,,fish,12800
fd-5966,2021-01-17,Kansanga,Maize,8500
fd-5967,2023-16-47,,Beans,21800
fd-5968,2020-02-05,,Cassava,2900
fd-5969,2021-07-13,,banana leaves,500
fd-5970,2022-02-16,,Cassava,17700
fd-5970,2022-02-16,,Cassava,17700
fd-5971,2020-14-50,Nakasero,banana leaves,7100
fd-5972,2021-02-27,,maize,11400
fd-5973,2022-03-11,Nakasero,eggs,16400
fd-5974,2021-03-17,Kansanga,CASSAVA,7400
fd-5975,2022-08-23,Mukono,banana leaves,17000
fd-5975,2022-08-23,Mukono,banana leaves,17000
fd-5976,2020-10-31,Bwaise,maize,15800
fd-5977,2021-01-19,,beans,18600
fd-5978,2022-04-10,,CASSAVA,5900
fd-5979,2020-08-21,Mukono,Maize,13100
fd-5980,2020-01-08,Bwaise,maize,7400
fd-5981,2021-04-03,Mukono,beans,8500
fd-5982,2021-07-11,,Maize,17900
fd-5983,2021-13-49,Mukono,beans,11700
fd-5984,2020-04-01,,banana leaves,19300
fd-5985,2022-09-23,Mukono,CASSAVA,6400
fd-5986,2021-10-14,Bwaise,MAIZE,21800
fd-5986,2021-10-14,Bwaise,MAIZE,21800
fd-5987,2020-02-02,Bwaise,maize,21800
fd-5988,2021-09-03,Nakasero,maize,9500
fd-5989,2020-08-29,Kansanga,maize,16700
fd-5990,2022-01-30,Nakasero,Beans,-2100
fd-5991,2022-05-12,Bwaise,Beans,7200
fd-5992,2020-07-10,Kansanga,MAIZE,2700
fd-5992,2020-07-10,Kansanga,MAIZE,2700
fd-5993,2021-01-21,Mukono,CASSAVA,12400
fd-5994,2020-04-12,Bwaise,eggs,1400
fd-5995,2022-06-04,,MAIZE,500
fd-5996,2020-12-12,,Cassava,8300
fd-5997,2020-08-18,,Beans,7000
fd-5998,2021-05-31,Mukono,maize,-2800
fd-5999,2021-05-14,Nakasero,maize,10600
fd-6000,2021-02-04,Nakasero,maize,1000
fd-6001,2021-01-14,Nakasero,fish,24200
fd-6002,2020-10-21,Bwaise,maize,3900
fd-6003,2021-13-49,Bwaise,maize,11900
fd-6004,2020-01-08,Kansanga,maize,4100
fd-6005,2022-09-19,Nakasero,Maize,24800
fd-6006,2021-04-17,Kansanga,Beans,9600
fd-6007,2021-11-08,Bwaise,fish,9700
fd-6008,2020-12-20,Kansanga,fish,21300
fd-6009,2022-09-06,Bwaise,maize,600
fd-6010,2021-05-12,Mukono,maize,13000
fd-6011,2021-01-20,Nakasero,Maize,5100
fd-6012,2020-04-27,,CASSAVA,11500
fd-6013,2021-01-12,Nakasero,maize,2100
fd-6013,2021-01-12,Nakasero,maize,2100
fd-6014,2021-03-12,,Beans,6900
fd-6015,2020-05-18,Kansanga,MAIZE,7100
fd-6016,2021-09-16,Mukono,banana leaves,5700
fd-6017,2020-09-27,Kansanga,beans,5400
fd-6018,2020-04-25,Kansanga,maize,900
fd-6019,2022-07-18,Bwaise,Maize,24800
fd-6020,2021-07-13,Mukono,banana leaves,2700
fd-6021,2021-02-01,Bwaise,CASSAVA,12000
fd-6022,2020-04-26,Kansanga,eggs,7400
fd-6023,2021-10-07,Mukono,maize,18200
fd-6024,2022-09-26,Nakasero,Cassava,4900
fd-6025,2020-10-18,Kansanga,beans,16200
fd-6026,2021-01-26,Bwaise,Beans,18600
fd-6027,2020-03-20,Nakasero,eggs,19200
fd-6028,2020-01-16,,banana leaves,17300
fd-6028,2021-10-05,Nakasero,Maize,17800
fd-6030,2020-05-24,Mukono,eggs,22500
fd-6031,2022-05-02,,Maize,4500
fd-6032,2020-02-06,Nakasero,MAIZE,7200
fd-6033,2022-05-20,Nakasero,eggs,-3300
fd-6034,2021-07-08,Bwaise,maize,17700
fd-6035,2021-05-01,Kansanga,Cassava,23300
fd-6036,2020-05-05,Mukono,Beans,-3000
fd-6037,2020-12-28,Kansanga,beans,10500
fd-6038,2023-16-47,,Maize,8600
fd-6039,2021-07-19,Nakasero,eggs,23100
fd-6040,2021-02-27,Kansanga,Cassava,20100
fd-6041,2020-07-03,Kansanga,eggs,16000
fd-6042,2021-05-15,Mukono,eggs,21200
fd-6043,2020-11-30,Kansanga,Cassava,22800
fd-6044,2020-03-05,Bwaise,beans,15100
fd-6045,2022-08-30,,fish,23200
fd-6046,2020-02-04,Nakasero,Maize,15900
fd-6047,2022-06-05,Bwaise,Cassava,14900
fd-6048,2021-06-30,Mukono,Maize,2900
fd-6049,2020-07-11,Nakasero,CASSAVA,14800
fd-6050,2020-04-21,Nakasero,CASSAVA,6000
fd-6050,2020-04-21,Nakasero,CASSAVA,6000
fd-6051,2021-05-08,Bwaise,Beans,9600
fd-6052,2022-08-14,Kansanga,beans,6800
fd-6052,2022-08-14,Kansanga,beans,6800
fd-6053,2021-06-30,Nakasero,banana leaves,13600
fd-6054,2024-17-45,,banana leaves,18400
fd-6055,2021-01-09,Kansanga,fish,3900
fd-6056,2024-17-45,Mukono,beans,17100
fd-6057,2020-05-12,Nakasero,beans,23900
fd-6058,2020-03-08,Kansanga,eggs,12800
fd-6058,2020-03-08,Kansanga,eggs,12800
fd-6059,2020-08-10,Kansanga,eggs,18900
fd-6060,2021-04-07,Bwaise,MAIZE,7100
fd-6061,2020-01-07,Bwaise,maize,21500
fd-6062,2020-04-24,Mukono,Cassava,14000
fd-6063,2021-07-28,Kansanga,fish,7100
fd-6064,2020-05-14,Bwaise,CASSAVA,18700
fd-6065,2020-07-31,,MAIZE,17000
fd-6066,2020-07-23,Kansanga,CASSAVA,2100
fd-6067,2022-07-24,Kansanga,fish,900
fd-6068,2020-01-15,Kansanga,MAIZE,23100
fd-6069,2020-12-12,Mukono,eggs,14100
fd-6070,2021-11-16,Bwaise,CASSAVA,7700
fd-6071,2021-08-03,Bwaise,maize,5500
fd-6072,2021-10-23,,Maize,19200
fd-6073,2022-03-03,Kansanga,banana leaves,5300
fd-6074,2021-03-25,Bwaise,beans,14000
fd-6075,2022-03-29,Bwaise,eggs,23200
fd-6076,2021-08-12,Nakasero,Cassava,3200
fd-6077,2021-07-28,Mukono,beans,3900
fd-6078,2021-07-29,Bwaise,Cassava,18400
fd-6079,2020-08-07,Kansanga,fish,18700
fd-6080,2022-04-02,Bwaise,CASSAVA,13800
fd-6080,2022-04-02,Bwaise,CASSAVA,13800
fd-6081,2021-09-17,Nakasero,Maize,13800
fd-6082,2021-01-03,Kansanga,beans,14000
fd-6083,2022-06-28,Kansanga,Cassava,8400
fd-6084,2021-01-15,Kansanga,Maize,17100
fd-6085,2021-05-08,Kansanga,fish,5000
fd-6086,2020-08-27,Kansanga,Maize,22800
fd-6087,2021-03-26,Nakasero,beans,19000
fd-6088,2021-01-21,Mukono,beans,9200
fd-6089,2021-02-03,Kansanga,maize,16200
fd-6090,2022-09-09,,fish,2800
fd-6091,2022-09-12,Bwaise,CASSAVA,7300
fd-6092,2026-19-40,,maize,16500
fd-6093,2022-07-02,,maize,12700
fd-6094,2023-16-47,Mukono,banana leaves,15600
fd-6094,2022-01-12,,eggs,7200
fd-6096,2020-02-03,Bwaise,CASSAVA,19700
fd-6097,2022-06-27,Kansanga,Beans,12400
fd-6098,2021-10-11,Bwaise,fish,800
fd-6099,2022-02-11,Mukono,Beans,11500
fd-6100,2021-10-02,Nakasero,Maize,13700
fd-6100,2021-10-02,Nakasero,Maize,13700
fd-6101,2021-01-23,Mukono,Cassava,22500
fd-6102,2020-03-22,Kansanga,Cassava,23200
fd-6103,2021-09-07,Kansanga,banana leaves,3200
fd-6104,2022-06-18,Kansanga,banana leaves,11200
fd-6105,2021-02-06,Mukono,Cassava,9200
fd-6106,2021-13-49,Bwaise,fish,21100
fd-6107,2021-08-25,Kansanga,Cassava,18400
fd-6108,2021-12-02,Mukono,fish,10900
fd-6109,2021-10-16,Mukono,eggs,7800
fd-6110,2020-04-17,Bwaise,Cassava,18900
fd-6111,2022-06-05,Bwaise,MAIZE,20400
fd-6112,2020-10-25,Nakasero,eggs,2700
fd-6113,2022-05-20,Nakasero,Beans,20300
fd-6114,2020-07-08,Nakasero,Cassava,18700
fd-6115,2021-10-18,Bwaise,Cassava,17700
fd-6116,2021-11-28,Nakasero,Maize,2200
fd-6117,2021-05-09,Kansanga,CASSAVA,19500
fd-6118,2022-01-06,Bwaise,beans,13000
fd-6119,2021-04-27,Nakasero,Beans,19500
fd-6120,2021-09-11,Nakasero,Beans,1200
fd-6121,2021-12-05,Nakasero,beans,24600
fd-6122,2021-02-17,,beans,8200
fd-6123,2021-07-13,,Cassava,20300
fd-6124,2021-06-15,Kansanga,fish,19000
fd-6125,2021-07-06,Bwaise,Beans,24900
fd-6126,2021-12-04,Nakasero,beans,9600
fd-6127,2020-11-03,Nakasero,Beans,16200
fd-6128,2020-09-15,Kansanga,MAIZE,9500
fd-6129,2022-06-12,,eggs,8700
fd-6129,2020-06-21,,maize,14000
fd-6131,2021-11-23,Mukono,fish,12600
fd-6132,2025-18-37,Kansanga,Beans,-4300
fd-6133,2022-04-01,,MAIZE,13400
fd-6134,2021-05-04,Nakasero,Cassava,3500
fd-6135,2021-06-15,Kansanga,MAIZE,24400
fd-6136,2020-03-12,Kansanga,eggs,18900
fd-6137,2020-01-11,Bwaise,MAIZE,13900
fd-6138,2021-03-07,Nakasero,maize,13600
fd-6139,2021-05-13,Kansanga,maize,7800
fd-6140,2020-09-11,Nakasero,banana leaves,9900
fd-6141,2020-06-23,Mukono,fish,2900
fd-6142,2022-07-07,Nakasero,fish,700
fd-6143,2022-04-22,Mukono,Beans,13100
fd-6144,2021-06-21,Kansanga,banana leaves,1700
fd-6144,2021-06-21,Kansanga,banana leaves,1700
fd-6145,2020-08-11,Bwaise,Maize,10800
fd-6146,2022-07-02,Mukono,Beans,11200
fd-6147,2021-04-18,Kansanga,fish,3500
fd-6148,2022-07-28,,eggs,7900
fd-6149,2021-09-22,Nakasero,MAIZE,-2800
fd-6150,2022-09-13,Kansanga,Maize,24000
fd-6151,2022-05-01,Nakasero,maize,9700
fd-6151,2022-05-01,Nakasero,maize,9700
fd-6152,2020-03-05,Kansanga,eggs,21400
fd-6153,2021-10-11,Kansanga,Beans,12300
fd-6154,2021-11-05,Mukono,eggs,18200
fd-6155,2020-06-26,Kansanga,beans,2100
fd-6156,2021-06-09,,MAIZE,17200
fd-6157,2020-08-03,Nakasero,eggs,21400
fd-6158,2022-09-14,Kansanga,MAIZE,17900
fd-6159,2020-01-03,Kansanga,fish,8600
fd-6160,2021-12-29,Kansanga,Beans,8500
fd-6161,2021-11-19,Nakasero,banana leaves,24500
fd-6162,2022-06-24,Bwaise,beans,11800
fd-6163,2021-12-30,Nakasero,Maize,13600
fd-6164,2020-04-21,Mukono,banana leaves,24100
fd-6165,2021-03-26,Bwaise,Beans,500
fd-6166,2020-11-12,Bwaise,banana leaves,9300
fd-6167,2021-12-05,Nakasero,beans,2500
fd-6168,2022-02-11,Bwaise,Maize,2000
fd-6169,2022-06-20,Nakasero,eggs,1700
fd-6170,2021-10-09,Bwaise,MAIZE,5700
fd-6171,2021-11-28,Nakasero,Beans,24200
fd-6172,2020-11-04,,CASSAVA,11800
fd-6173,2022-05-04,Bwaise,banana leaves,19500
fd-6174,2025-18-37,Nakasero,Maize,17000
fd-6175,2021-06-27,Bwaise,fish,900
fd-6176,2022-01-13,,eggs,17400
fd-6177,2021-09-08,,Cassava,21100
fd-6178,2020-10-26,Kansanga,maize,10000
fd-6179,2021-11-26,Kansanga,CASSAVA,-4200
fd-6180,2022-04-06,,CASSAVA,15300
fd-6181,2022-06-10,Mukono,MAIZE,-3700
fd-6182,2020-09-15,Kansanga,banana leaves,15600
fd-6183,2023-16-47,Nakasero,fish,16700
fd-6184,2021-10-06,Nakasero,beans,-3100
fd-6185,2022-07-19,,banana leaves,500
fd-6186,2022-02-14,Kansanga,CASSAVA,20500
fd-6187,2021-09-25,Nakasero,MAIZE,3200
fd-6188,2021-11-09,Kansanga,beans,1400
fd-6189,2021-03-29,Nakasero,Cassava,23400
fd-6190,2021-12-02,Bwaise,maize,2900
fd-6191,2020-08-14,Bwaise,Maize,19100
fd-6192,2020-10-29,Mukono,Cassava,23800
fd-6193,2021-01-21,Mukono,beans,22200
fd-6194,2020-05-13,Nakasero,Cassava,8700
fd-6195,2020-02-19,Kansanga,maize,21500
fd-6196,2022-06-25,,MAIZE,4500
fd-6197,2022-04-05,,maize,8900
fd-6198,2022-01-07,Mukono,Maize,15400
fd-6198,2022-01-07,Mukono,Maize,15400
fd-6199,2021-04-21,Kansanga,Beans,12600
fd-6200,2022-06-26,Bwaise,eggs,15600
fd-6201,2022-01-15,Nakasero,CASSAVA,3200
fd-6202,2021-09-24,,banana leaves,7600
fd-6203,2021-07-06,Kansanga,Beans,1900
fd-6204,2020-07-17,Nakasero,eggs,-2500
fd-6205,2022-05-19,Mukono,maize,-3400
fd-6206,2021-04-02,Nakasero,eggs,20600
fd-6207,2022-08-29,Kansanga,eggs,11600
fd-6208,2022-04-19,Bwaise,maize,11900
fd-6209,2020-06-28,Kansanga,eggs,1400
fd-6210,2022-02-05,Nakasero,fish,21300
fd-6210,2021-06-11,Kansanga,Maize,12500
fd-6212,2020-08-25,Mukono,Cassava,22800
fd-6213,2020-04-04,Mukono,MAIZE,23500
fd-6214,2022-07-10,Mukono,CASSAVA,14500
fd-6215,2020-12-07,Bwaise,Cassava,21900
fd-6216,2020-01-07,Kansanga,fish,21600
fd-6217,2020-11-10,Mukono,beans,8200
fd-6218,2021-07-16,,Beans,15700
fd-6219,2021-04-15,Kansanga,Cassava,19100
fd-6220,2022-02-10,Bwaise,banana leaves,13200
fd-6221,2020-06-13,Bwaise,CASSAVA,1400
fd-6222,2024-17-45,Nakasero,maize,21600
fd-6223,2020-04-09,,banana leaves,24300
fd-6224,2020-02-29,Nakasero,CASSAVA,5400
fd-6225,2020-04-03,Nakasero,banana leaves,11700
fd-6226,2022-04-03,,beans,4600
fd-6227,2021-11-30,Mukono,Cassava,24500
fd-6228,2022-01-16,Kansanga,Cassava,6800
fd-6228,2022-01-16,Kansanga,Cassava,6800
fd-6229,2020-12-25,Mukono,fish,7000
fd-6230,2020-11-25,Kansanga,fish,17600
fd-6231,2022-09-16,Bwaise,beans,10100
fd-6232,2021-04-19,Kansanga,MAIZE,18000
fd-6233,2023-16-47,Nakasero,CASSAVA,20200
fd-6234,2022-01-16,Nakasero,fish,20200
fd-6235,2020-12-09,Mukono,Cassava,18800
fd-6236,2020-09-28,,MAIZE,14800
fd-6237,2022-08-04,Bwaise,Beans,4700
fd-6238,2021-04-21,Kansanga,Cassava,700
fd-6239,2022-06-06,Nakasero,beans,15800
fd-6240,2020-05-12,Nakasero,Cassava,13600
fd-6241,2021-02-26,,MAIZE,12600
fd-6241,2021-02-26,,MAIZE,12600
fd-6242,2021-11-03,Bwaise,fish,9000
fd-6243,2020-11-30,Mukono,maize,14900
fd-6244,2020-02-14,Kansanga,Cassava,18000
fd-6245,2021-11-13,Bwaise,Maize,14700
fd-6245,2021-11-13,Bwaise,Maize,14700
fd-6246,2020-12-24,,beans,21300
fd-6247,2021-01-06,Bwaise,beans,18200
fd-6248,2021-13-49,Nakasero,eggs,16400
fd-6249,2020-04-19,Nakasero,Maize,19400
fd-6250,2021-11-20,Kansanga,eggs,22100
fd-6251,2021-08-13,,eggs,10700
fd-6252,2021-12-28,Mukono,Maize,16000
fd-6252,2021-12-28,Mukono,Maize,16000
fd-6253,2021-12-15,Mukono,Beans,16900
fd-6254,2020-01-05,,Maize,9700
fd-6255,2020-01-15,,maize,1400
fd-6256,2021-09-01,Bwaise,MAIZE,1900
fd-6257,2021-09-24,Kansanga,Beans,10100
fd-6257,2021-09-24,Kansanga,Beans,10100
fd-6258,2021-03-06,Nakasero,Beans,14100
fd-6259,2021-06-21,Mukono,MAIZE,13100
fd-6260,2020-01-14,,maize,18300
fd-6260,2020-01-14,,maize,18300
fd-6261,2022-02-25,,fish,-2200
fd-6261,2021-04-12,,MAIZE,13500
fd-6263,2022-03-15,Bwaise,maize,6700
fd-6263,2022-03-15,Bwaise,maize,6700
fd-6264,2021-07-09,Mukono,Cassava,6000
fd-6265,2021-04-23,Kansanga,Cassava,12500
fd-6266,2020-03-10,,fish,500
fd-6267,2022-01-21,Bwaise,banana leaves,23200
fd-6268,2021-11-09,,Cassava,18100
fd-6269,2021-12-21,Kansanga,eggs,21300
fd-6270,2021-09-22,Nakasero,Beans,2200
fd-6271,2022-08-20,Bwaise,Beans,17600
fd-6272,2022-07-02,,eggs,21900
fd-6273,2022-06-27,Kansanga,Maize,1300
fd-6274,2021-01-09,Bwaise,maize,5400
fd-6275,2021-09-07,Mukono,banana leaves,14500
fd-6276,2021-10-29,Mukono,MAIZE,17100
fd-6277,2020-12-02,Nakasero,fish,2800
fd-6278,2021-10-03,Bwaise,fish,17400
fd-6279,2020-09-20,Mukono,maize,6200
fd-6280,2022-09-20,Kansanga,Beans,1200
fd-6281,2020-01-22,Mukono,fish,1200
fd-6282,2022-07-14,Kansanga,beans,22000
fd-6283,2020-05-30,,MAIZE,23300
fd-6284,2020-01-26,,beans,20100
fd-6284,2021-10-30,,Maize,7400
fd-6286,2020-10-27,,beans,22700
fd-6286,2020-10-27,,beans,22700
fd-6287,2020-04-28,,maize,21800
fd-6288,2022-03-10,Kansanga,maize,12200
fd-6289,2020-06-12,Nakasero,fish,9900
fd-6290,2020-02-25,,eggs,4800
fd-6291,2020-04-06,Mukono,maize,14100
fd-6292,2022-02-27,Mukono,fish,-4000
fd-6293,2020-06-09,Bwaise,maize,18900
fd-6294,2022-03-06,Kansanga,fish,6600
fd-6295,2022-09-07,Kansanga,Beans,11800
fd-6296,2022-08-21,Kansanga,fish,24200
fd-6297,2022-09-17,,CASSAVA,22000
fd-6298,2020-04-24,Bwaise,maize,6200
fd-6299,2020-12-14,Bwaise,eggs,20800
fd-6300,2021-10-03,,beans,600
fd-6301,2021-01-15,Mukono,Beans,13100
fd-6302,2021-09-09,Nakasero,Maize,17600
fd-6303,2021-07-01,Kansanga,Beans,11900
fd-6304,2021-06-21,Mukono,eggs,21700
fd-6305,2021-04-16,Kansanga,Maize,600
fd-6306,2021-12-14,Kansanga,beans,6800
fd-6307,2022-09-22,Mukono,banana leaves,20200
fd-6308,2021-12-01,Kansanga,banana leaves,15900
fd-6309,2020-11-09,Kansanga,Cassava,17400
fd-6310,2020-03-24,Kansanga,Maize,17700
fd-6311,2022-09-17,Nakasero,fish,18100
fd-6312,2021-10-11,Nakasero,MAIZE,23200
fd-6313,2022-03-18,Mukono,Beans,2600
fd-6314,2021-12-14,Kansanga,beans,21000
fd-6315,2022-08-06,Nakasero,banana leaves,14900
fd-6316,2022-05-10,Mukono,MAIZE,3400
fd-6317,2022-06-06,Bwaise,Maize,23200
fd-6318,2020-04-21,Bwaise,eggs,9000
fd-6319,2022-04-10,Nakasero,fish,6400
fd-6320,2022-07-28,Mukono,Cassava,23400
fd-6321,2022-07-21,Nakasero,banana leaves,13900
fd-6322,2020-07-29,Mukono,CASSAVA,1500
fd-6323,2021-01-24,Mukono,CASSAVA,10200
fd-6324,2020-01-03,Bwaise,Cassava,7300
fd-6325,2021-12-28,Kansanga,MAIZE,18400
fd-6326,2020-12-04,Bwaise,Maize,24100
fd-6327,2022-01-14,Bwaise,Beans,3600
fd-6328,2022-08-03,,Beans,-2100
fd-6329,2020-06-22,Kansanga,maize,5100
fd-6330,2021-11-01,Kansanga,MAIZE,8900
fd-6330,2021-11-01,Kansanga,MAIZE,8900
fd-6331,2021-01-03,Bwaise,maize,3000
fd-6332,2020-01-05,Nakasero,Beans,20300
fd-6333,2020-07-20,Nakasero,maize,1600
fd-6334,2021-11-11,Bwaise,eggs,12200
fd-6335,2020-03-05,,MAIZE,7300
fd-6336,2022-03-20,Kansanga,banana leaves,1900
fd-6337,2022-09-09,Bwaise,eggs,600
fd-6338,2021-02-19,Kansanga,maize,9900
fd-6338,2021-02-19,Kansanga,maize,9900
fd-6339,2021-01-14,Mukono,Maize,10800
fd-6339,2021-01-14,Mukono,Maize,10800
fd-6340,2020-12-21,Nakasero,fish,20500
fd-6341,2020-11-26,,Cassava,16700
fd-6342,2020-06-16,Bwaise,MAIZE,1800
fd-6342,2021-12-07,Mukono,banana leaves,1700
fd-6344,2022-05-16,Mukono,eggs,8400
fd-6345,2022-04-02,Mukono,beans,5300
fd-6346,2021-02-11,Mukono,MAIZE,7500
fd-6347,2022-09-22,Mukono,beans,-1900
fd-6348,2020-05-19,Bwaise,beans,5600
fd-6349,2021-12-08,Bwaise,maize,-4700
fd-6350,2020-06-24,,MAIZE,8200
fd-6351,2021-08-03,Mukono,eggs,5800
fd-6352,2022-08-21,Kansanga,Cassava,9600
fd-6353,2022-01-22,Kansanga,Cassava,18100
fd-6354,2021-04-10,Kansanga,banana leaves,7500
fd-6355,2021-13-49,Mukono,CASSAVA,-4800
fd-6356,2020-02-26,Bwaise,CASSAVA,4400
fd-6357,2022-01-11,Bwaise,Cassava,24900
fd-6358,2021-08-24,Bwaise,beans,20100
fd-6359,2022-06-04,Kansanga,eggs,24700
fd-6360,2020-06-08,Mukono,beans,19900
fd-6361,2021-06-26,Bwaise,eggs,3200
fd-6362,2022-01-09,Bwaise,eggs,1400
fd-6363,2024-17-45,Nakasero,maize,23000
fd-6364,2020-11-14,Nakasero,MAIZE,5500
fd-6365,2020-01-27,,banana leaves,23600
fd-6366,2020-02-05,Nakasero,Cassava,23200
fd-6367,2022-09-04,Kansanga,beans,6900
fd-6368,2022-06-25,Bwaise,eggs,15100
fd-6369,2021-10-01,Mukono,banana leaves,-4100
fd-6370,2020-12-14,,CASSAVA,11800
fd-6370,2020-12-14,,CASSAVA,11800
fd-6371,2022-04-08,Kansanga,MAIZE,24700
fd-6372,2020-14-50,,Cassava,2700
fd-6373,2022-04-25,Nakasero,Cassava,9800
fd-6374,2022-01-30,,Maize,8600
fd-6375,2021-01-06,Mukono,fish,12900
fd-6376,2022-05-14,Mukono,MAIZE,4700
fd-6377,2021-11-15,Nakasero,Maize,24900
fd-6378,2020-12-29,Kansanga,MAIZE,2800
fd-6379,2022-07-06,,maize,19100
fd-6380,2021-08-05,Kansanga,beans,8600
fd-6381,2020-10-22,Nakasero,eggs,5600
fd-6381,2020-10-22,Nakasero,eggs,5600
fd-6382,2022-01-20,Bwaise,MAIZE,21200
fd-6382,2022-01-20,Bwaise,MAIZE,21200
fd-6383,2020-03-01,Bwaise,CASSAVA,5300
fd-6384,2020-05-02,Mukono,banana leaves,22600
fd-6385,2022-07-21,Mukono,banana leaves,24600
fd-6386,2022-02-04,Bwaise,MAIZE,5800
fd-6387,2021-03-30,Nakasero,CASSAVA,2500
fd-6388,2020-10-24,Nakasero,MAIZE,21000
fd-6389,2021-11-05,Mukono,CASSAVA,24500
fd-6389,2021-11-05,Mukono,CASSAVA,24500
fd-6390,2020-05-18,Nakasero,beans,800
fd-6391,2020-05-11,Mukono,Maize,16300
fd-6392,2022-15-48,Nakasero,banana leaves,2200
fd-6393,2020-06-22,Bwaise,Maize,10100
fd-6394,2021-08-05,,eggs,-1100
fd-6395,2020-05-13,Mukono,maize,22400
fd-6396,2020-01-30,Nakasero,Beans,7600
fd-6397,2021-07-16,Nakasero,maize,1000
fd-6398,2021-10-25,Mukono,beans,17600
fd-6399,2020-01-22,,Beans,24000
fd-6400,2020-06-08,Mukono,Beans,18100
fd-6401,2020-04-30,Mukono,Cassava,24200
fd-6402,2021-01-13,,eggs,1600
fd-6403,2020-11-29,Mukono,beans,16800
fd-6404,2022-05-19,Mukono,CASSAVA,2900
fd-6404,2022-01-21,Mukono,fish,10500
fd-6406,2022-08-06,Mukono,fish,24000
fd-6407,2021-08-30,Bwaise,Beans,8000
fd-6408,2020-01-16,,banana leaves,2900
fd-6409,2022-03-02,Nakasero,maize,-2600
fd-6410,2022-01-06,,CASSAVA,4100
fd-6411,2022-05-15,Bwaise,fish,10500
fd-6412,2022-07-14,Nakasero,banana leaves,12100
fd-6413,2022-04-20,Mukono,MAIZE,9000
fd-6414,2021-12-27,Kansanga,banana leaves,14800
fd-6415,2020-02-08,Nakasero,Maize,6100
fd-6416,2021-04-24,Bwaise,beans,24600
fd-6417,2020-08-27,Kansanga,CASSAVA,2600
fd-6417,2020-08-27,Kansanga,CASSAVA,2600
fd-6417,2020-05-17,Nakasero,maize,7800
fd-6419,2022-06-26,Bwaise,eggs,3600
fd-6420,2021-07-29,Bwaise,eggs,13100
fd-6421,2020-01-17,Mukono,CASSAVA,5400
fd-6422,2021-11-26,Bwaise,Cassava,13600
fd-6422,2021-11-26,Bwaise,Cassava,13600
fd-6423,2021-03-04,,Cassava,3300
fd-6423,2021-11-20,Bwaise,banana leaves,-2700
fd-6425,2021-05-03,Kansanga,CASSAVA,14000
fd-6425,2021-05-03,Kansanga,CASSAVA,14000
fd-6426,2022-04-03,Bwaise,eggs,20000
fd-6427,2021-12-20,Kansanga,CASSAVA,23900
fd-6427,2021-10-26,Mukono,Beans,2000
fd-6429,2021-03-02,,MAIZE,23100
fd-6430,2020-12-25,Nakasero,Cassava,10700
fd-6431,2022-03-04,Mukono,MAIZE,14100
fd-6431,2022-03-04,Mukono,MAIZE,14100
fd-6432,2021-13-49,,banana leaves,1800
fd-6433,2021-10-07,,Maize,10600
fd-6434,2021-06-18,Nakasero,banana leaves,-4500
fd-6435,2021-07-31,Mukono,Maize,14700
fd-6436,2021-11-14,Mukono,beans,16600
fd-6437,2020-04-17,Nakasero,CASSAVA,22200
fd-6438,2020-02-23,,eggs,13300
fd-6438,2020-02-23,,eggs,13300
fd-6439,2020-08-06,Kansanga,CASSAVA,14500
fd-6440,2022-09-01,Nakasero,eggs,11100
fd-6441,2021-11-08,Kansanga,beans,4900
fd-6442,2021-04-14,,maize,23900
fd-6442,2021-04-14,,maize,23900
fd-6443,2020-01-03,Mukono,maize,5100
fd-6443,2020-09-02,Nakasero,Maize,13700
fd-6443,2020-09-02,Nakasero,Maize,13700
fd-6445,2023-16-47,Nakasero,CASSAVA,18000
fd-6446,2021-02-12,Mukono,banana leaves,-1400
fd-6447,2020-02-19,Nakasero,eggs,9900
fd-6448,2022-01-04,Mukono,Cassava,5100
fd-6449,2022-05-10,Kansanga,MAIZE,1100
fd-6450,2022-08-27,Mukono,MAIZE,1100
fd-6451,2022-05-21,Kansanga,Beans,19600
fd-6452,2020-11-20,Kansanga,fish,13600
fd-6453,2022-07-08,Bwaise,eggs,15200
fd-6454,2022-09-13,Mukono,fish,-4100
fd-6455,2022-03-14,Nakasero,beans,24400
fd-6456,2021-03-27,Bwaise,Cassava,21600
fd-6456,2021-03-27,Bwaise,Cassava,21600
fd-6457,2020-12-03,Kansanga,Beans,24600
fd-6458,2020-08-09,Mukono,fish,21900
fd-6459,2021-13-49,Nakasero,banana leaves,16400
fd-6460,2020-07-26,Nakasero,Cassava,22000
fd-6461,2022-09-09,Bwaise,Maize,14400
fd-6462,2022-08-11,,Cassava,-5000
fd-6463,2021-06-01,,CASSAVA,5700
fd-6464,2021-03-07,Nakasero,fish,19300
fd-6465,2021-10-15,Mukono,beans,21000
fd-6466,2021-07-17,Kansanga,eggs,7000
fd-6467,2021-02-03,,maize,8900
fd-6468,2020-05-20,,Cassava,7800
fd-6469,2022-06-05,Mukono,Beans,7000
fd-6469,2022-06-05,Mukono,Beans,7000
fd-6469,2022-03-28,Mukono,banana leaves,-3900
fd-6471,2022-08-24,Mukono,Maize,17300
fd-6472,2022-09-11,Bwaise,beans,2800
fd-6473,2021-10-23,Nakasero,Beans,3300
fd-6474,2021-06-17,Mukono,beans,23700
fd-6475,2026-19-40,Nakasero,eggs,4800
fd-6475,2026-19-40,Nakasero,eggs,4800
fd-6476,2021-11-20,Mukono,maize,14500
fd-6477,2020-02-05,Nakasero,eggs,10900
fd-6478,2022-07-03,Kansanga,maize,13300
fd-6479,2020-03-10,Nakasero,MAIZE,15900
fd-6480,2020-04-05,Kansanga,eggs,10800
fd-6481,2021-06-04,Bwaise,beans,14100
fd-6482,2020-06-14,Kansanga,Beans,16000
fd-6483,2022-06-10,Kansanga,maize,22400
fd-6484,2020-01-27,Mukono,maize,19700
fd-6485,2020-07-26,Nakasero,banana leaves,14400
fd-6486,2022-04-06,,CASSAVA,13000
fd-6486,2022-08-19,Kansanga,Maize,4200
fd-6488,2020-01-07,Bwaise,fish,5800
fd-6489,2022-03-01,Kansanga,Beans,7700
fd-6490,2020-07-02,Kansanga,Beans,11600
fd-6491,2020-11-08,,fish,19200
fd-6492,2020-12-03,Bwaise,Cassava,21000
fd-6493,2021-08-15,Nakasero,CASSAVA,-4000
fd-6494,2021-05-31,Bwaise,banana leaves,23600
fd-6494,2022-01-16,Kansanga,Cassava,20300
fd-6496,2020-09-02,,fish,24100
fd-6497,2022-05-21,Nakasero,fish,21800
fd-6498,2020-05-14,,banana leaves,15700
fd-6499,2020-10-03,Bwaise,beans,20600
fd-6500,2021-07-02,Mukono,beans,17300
fd-6501,2021-09-26,,banana leaves,-2100
fd-6502,2020-09-18,Bwaise,CASSAVA,14800
fd-6503,2021-07-17,Kansanga,eggs,18000
fd-6504,2022-06-23,Kansanga,MAIZE,16500
fd-6505,2020-08-28,,CASSAVA,10000
fd-6505,2020-08-28,,CASSAVA,10000
fd-6506,2020-03-18,,Maize,14100
fd-6507,2020-11-14,Kansanga,banana leaves,17600
fd-6508,2022-06-20,Kansanga,MAIZE,2900
fd-6509,2022-09-24,Bwaise,MAIZE,13700
fd-6510,2021-03-26,Mukono,CASSAVA,15000
fd-6511,2021-01-02,Kansanga,banana leaves,15400
fd-6512,2020-11-19,Bwaise,banana leaves,1300
fd-6513,2020-08-16,Kansanga,eggs,9300
fd-6514,2022-04-17,Mukono,Maize,10800
fd-6515,2020-03-08,,Maize,11400
fd-6516,2020-01-02,Kansanga,maize,15900
fd-6517,2022-04-26,Mukono,eggs,13300
fd-6518,2020-07-20,Bwaise,Cassava,5700
fd-6519,2022-09-11,Nakasero,eggs,24600
fd-6520,2020-03-31,Mukono,Maize,10300
fd-6521,2021-09-02,Mukono,beans,22400
fd-6522,2022-02-13,Kansanga,CASSAVA,-4700
fd-6523,2021-06-29,Bwaise,Beans,6600
fd-6523,2021-06-29,Bwaise,Beans,6600
fd-6524,2020-08-09,Nakasero,beans,6800
fd-6525,2021-06-11,Bwaise,Cassava,8200
fd-6526,2021-11-16,Nakasero,beans,17100
fd-6527,2022-09-04,Bwaise,MAIZE,15100
fd-6528,2021-01-21,Mukono,beans,19500
fd-6529,2022-02-13,Mukono,Maize,6200
fd-6530,2022-02-18,Nakasero,maize,22200
fd-6531,2021-08-15,Bwaise,fish,4300
fd-6532,2020-06-03,,banana leaves,19700
fd-6533,2022-07-27,Mukono,Maize,500
fd-6534,2021-01-11,,Beans,16500
fd-6535,2022-02-09,Mukono,Cassava,8200
fd-6535,2022-02-09,Mukono,Cassava,8200
fd-6536,2020-01-07,Nakasero,beans,17500
fd-6536,2020-01-07,Nakasero,beans,17500
fd-6537,2020-05-01,Nakasero,eggs,14100
fd-6537,2020-05-01,Nakasero,eggs,14100
fd-6538,2020-07-09,Mukono,Maize,11700
fd-6539,2021-11-02,,MAIZE,22800
fd-6540,2021-01-23,,maize,2600
fd-6541,2021-03-02,Nakasero,banana leaves,12500
fd-6542,2022-03-16,Kansanga,maize,1300
fd-6543,2021-06-16,Mukono,Maize,11600
fd-6544,2022-01-29,Kansanga,maize,10000
fd-6545,2020-07-19,Nakasero,banana leaves,4600
fd-6545,2020-07-19,Nakasero,banana leaves,4600
fd-6546,2022-08-26,Mukono,Beans,7100
fd-6547,2021-01-02,Bwaise,MAIZE,11700
fd-6548,2021-11-24,,fish,18900
fd-6549,2020-01-18,Nakasero,banana leaves,9100
fd-6550,2020-11-26,Nakasero,Maize,19100
fd-6551,2022-05-13,Nakasero,CASSAVA,22500
fd-6552,2021-10-17,,eggs,19000
fd-6552,2022-03-05,,Maize,13600
fd-6554,2021-11-25,Nakasero,MAIZE,17100
fd-6555,2022-09-26,Kansanga,fish,1900
fd-6556,2020-05-27,,maize,-1800
fd-6557,2020-05-26,Nakasero,fish,11100
fd-6558,2022-04-18,,maize,1200
fd-6559,2020-06-06,Mukono,Beans,18600
fd-6560,2020-12-29,Bwaise,maize,17500
fd-6561,2020-09-19,Mukono,banana leaves,21900
fd-6562,2022-01-31,Mukono,fish,23700
fd-6563,2020-02-04,Mukono,maize,17300
fd-6564,2022-01-11,Bwaise,eggs,17000
fd-6564,2020-10-18,Nakasero,MAIZE,8600
fd-6566,2021-01-04,Kansanga,Maize,3800
fd-6567,2021-12-09,,fish,2500
fd-6568,2020-05-12,Mukono,Beans,8800
fd-6569,2020-04-08,Nakasero,fish,5600
fd-6570,2022-02-06,Nakasero,MAIZE,13900
fd-6571,2022-03-17,Kansanga,banana leaves,3300
fd-6572,2020-03-19,Mukono,MAIZE,7600
fd-6573,2021-08-16,Kansanga,Beans,21000
fd-6574,2020-07-10,Bwaise,fish,6700
fd-6575,2020-11-10,Nakasero,Cassava,6200
fd-6576,2021-11-09,,maize,7000
fd-6577,2022-03-08,Mukono,Beans,12500
fd-6577,2022-03-08,Mukono,Beans,12500
fd-6578,2022-09-20,Nakasero,MAIZE,2700
fd-6579,2022-09-02,Kansanga,CASSAVA,1300
fd-6580,2022-09-03,Mukono,maize,12700
fd-6581,2022-01-28,Kansanga,banana leaves,3200
fd-6582,2021-08-30,Nakasero,Beans,14300
fd-6583,2020-04-08,Kansanga,eggs,10500
fd-6584,2021-10-20,Bwaise,banana leaves,22200
fd-6585,2021-10-20,Kansanga,MAIZE,3900
fd-6586,2020-02-03,Nakasero,Beans,17300
fd-6587,2020-10-24,Nakasero,Cassava,12700
fd-6588,2020-10-14,Mukono,eggs,-4600
fd-6589,2022-05-02,Nakasero,MAIZE,8600
fd-6590,2021-11-24,Mukono,Beans,20700
fd-6591,2021-04-30,Mukono,MAIZE,24700
fd-6592,2021-10-28,Kansanga,banana leaves,17400
fd-6593,2021-11-18,,Cassava,10500
fd-6594,2023-16-47,Kansanga,beans,12900
fd-6595,2020-07-13,Bwaise,banana leaves,1300
fd-6596,2021-09-22,Nakasero,CASSAVA,22000
fd-6597,2020-02-16,Mukono,Maize,16300
fd-6598,2020-05-25,Bwaise,Beans,24200
fd-6599,2020-08-03,,Maize,8100
fd-6600,2020-03-17,Kansanga,Cassava,20800
fd-6601,2022-07-22,Kansanga,banana leaves,16400
fd-6602,2022-01-04,,Beans,4100
fd-6603,2020-05-11,Bwaise,banana leaves,6900
fd-6604,2022-08-02,,Cassava,-3400
fd-6605,2022-01-11,Nakasero,Beans,18100
fd-6606,2021-08-17,Bwaise,CASSAVA,9700
fd-6607,2020-01-27,,maize,23200
fd-6608,2022-04-18,Kansanga,fish,10500
fd-6609,2022-04-25,Nakasero,fish,6000
fd-6610,2022-04-25,Bwaise,Cassava,2200
fd-6611,2022-01-22,Kansanga,Maize,17600
fd-6612,2021-05-16,Kansanga,eggs,15000
fd-6613,2021-06-14,Nakasero,Beans,15600
fd-6614,2021-10-11,Mukono,fish,17500
fd-6615,2020-10-18,Mukono,eggs,9500
fd-6616,2021-11-08,Kansanga,banana leaves,1400
fd-6617,2021-05-02,Kansanga,maize,21100
fd-6618,2020-01-21,Mukono,CASSAVA,9000
fd-6619,2021-08-24,Bwaise,Maize,19300
fd-6620,2020-05-10,Nakasero,maize,11700
fd-6621,2022-05-21,Mukono,CASSAVA,21200
fd-6622,2021-10-27,Kansanga,beans,9300
fd-6623,2020-05-18,Bwaise,maize,2100
fd-6623,2021-08-07,Kansanga,maize,12800
fd-6625,2022-06-16,Mukono,beans,14200
fd-6625,2022-06-16,Mukono,beans,14200
fd-6626,2021-03-25,Bwaise,Beans,-2700
fd-6627,2021-08-09,Nakasero,Cassava,20800
fd-6628,2020-01-02,Kansanga,Beans,-1400
fd-6629,2022-01-08,Nakasero,fish,9400
fd-6630,2021-08-17,Nakasero,Maize,24800
fd-6630,2021-08-17,Nakasero,Maize,24800
fd-6631,2020-06-23,Mukono,fish,16600
fd-6632,2022-03-19,Kansanga,MAIZE,6600
fd-6633,2022-04-30,Kansanga,Beans,12800
fd-6634,2021-02-21,Mukono,Beans,12000
fd-6635,2020-08-04,Nakasero,MAIZE,16700
fd-6636,2022-03-19,Mukono,CASSAVA,5900
fd-6637,2022-08-30,,Beans,19000
fd-6638,2020-06-17,,Cassava,-3100
fd-6639,2021-04-27,,CASSAVA,16900
fd-6640,2020-03-06,Bwaise,maize,6100
fd-6641,2021-06-26,Bwaise,Beans,5800
fd-6642,2020-10-03,Nakasero,fish,13500
fd-6643,2021-07-17,,Cassava,13900
fd-6643,2021-07-17,,Cassava,13900
fd-6644,2021-12-31,Bwaise,Cassava,24200
fd-6645,2021-04-23,,eggs,19700
fd-6646,2022-06-24,Nakasero,Cassava,13100
fd-6647,2021-04-29,Kansanga,Maize,20500
fd-6648,2021-01-10,Nakasero,beans,1900
fd-6649,2022-06-06,Mukono,MAIZE,14000
fd-6650,2020-07-29,Nakasero,Cassava,6000
fd-6651,2022-02-10,Nakasero,Cassava,11100
fd-6652,2024-17-45,Nakasero,Maize,19900
fd-6652,2024-17-45,Nakasero,Maize,19900
fd-6653,2022-01-19,Bwaise,MAIZE,22500
fd-6654,2020-03-19,Kansanga,fish,6300
fd-6655,2020-07-01,,Maize,10000
fd-6656,2022-05-18,,MAIZE,8500
fd-6657,2022-03-20,Kansanga,Cassava,13700
fd-6658,2020-09-21,Nakasero,fish,17500
fd-6659,2020-01-15,Kansanga,banana leaves,8100
fd-6660,2022-01-20,Bwaise,CASSAVA,13300
fd-6661,2021-08-13,Bwaise,Cassava,13700
fd-6662,2020-01-23,Kansanga,banana leaves,11500
fd-6663,2020-05-26,Kansanga,Beans,-4200
fd-6664,2023-16-47,Mukono,banana leaves,1600
fd-6665,2020-09-28,Bwaise,Maize,15900
fd-6666,2021-08-05,Bwaise,banana leaves,5200
fd-6667,2021-09-29,Nakasero,banana leaves,5600
fd-6668,2021-09-17,Bwaise,eggs,24400
fd-6669,2022-02-09,Nakasero,maize,6100
fd-6670,2021-09-23,Nakasero,banana leaves,21100
fd-6671,2021-05-28,Mukono,banana leaves,1500
fd-6672,2020-01-20,,eggs,24100
fd-6673,2020-11-05,Nakasero,MAIZE,12200
fd-6674,2022-03-27,Bwaise,CASSAVA,5300
fd-6675,2020-05-29,Nakasero,maize,13300
fd-6676,2020-07-09,,CASSAVA,3600
fd-6677,2021-12-20,Mukono,Cassava,-3400
fd-6678,2022-03-13,Nakasero,Maize,19500
fd-6679,2025-18-37,Nakasero,CASSAVA,5300
fd-6680,2022-07-17,Kansanga,Maize,3500
fd-6681,2021-11-05,Mukono,CASSAVA,24600
fd-6682,2020-09-26,Kansanga,Beans,2200
fd-6683,2021-12-12,,Beans,2500
fd-6684,2021-03-06,Nakasero,Beans,19500
fd-6685,2022-04-24,Kansanga,banana leaves,2500
fd-6686,2020-11-09,,banana leaves,11800
fd-6687,2021-11-13,Mukono,beans,22700
fd-6688,2022-05-22,Kansanga,MAIZE,4400
fd-6689,2022-07-11,Nakasero,MAIZE,3700
fd-6690,2021-10-23,Mukono,banana leaves,6700
fd-6691,2022-04-01,,maize,8900
fd-6692,2020-02-02,Bwaise,banana leaves,18200
fd-6693,2025-18-37,Bwaise,eggs,3800
fd-6693,2025-18-37,Bwaise,eggs,3800
fd-6694,2020-11-26,Mukono,eggs,14400
fd-6695,2020-08-18,Mukono,CASSAVA,20300
fd-6696,2021-01-24,Bwaise,eggs,9000
fd-6697,2020-09-23,Bwaise,eggs,21200
fd-6698,2020-04-20,Kansanga,Cassava,5100
fd-6699,2021-07-06,Bwaise,banana leaves,19800
fd-6700,2021-12-05,Mukono,MAIZE,10400
fd-6701,2021-08-09,Mukono,banana leaves,17300
fd-6702,2022-08-22,Nakasero,banana leaves,3900
fd-6703,2020-12-12,Mukono,eggs,17400
fd-6704,2021-04-22,Nakasero,Cassava,3700
fd-6704,2020-08-19,Kansanga,maize,22300
fd-6706,2020-03-21,Bwaise,CASSAVA,16300
fd-6706,2020-03-21,Bwaise,CASSAVA,16300
fd-6707,2021-01-18,Bwaise,Maize,15300
fd-6708,2022-05-26,Mukono,Cassava,15200
fd-6709,2020-05-24,Mukono,beans,14500
fd-6710,2020-04-18,Kansanga,CASSAVA,21200
fd-6711,2021-01-29,Nakasero,CASSAVA,900
fd-6712,2020-05-27,Nakasero,Beans,4400
fd-6713,2020-09-23,Kansanga,Maize,10100
fd-6714,2022-08-10,Nakasero,maize,15700
fd-6715,2020-12-19,Kansanga,Cassava,21200
fd-6715,2020-12-19,Kansanga,Cassava,21200
fd-6716,2020-12-30,Mukono,banana leaves,6900
fd-6717,2020-12-04,Nakasero,MAIZE,17600
fd-6718,2021-09-24,,Cassava,7500
fd-6719,2021-01-02,,Beans,4000
fd-6720,2021-02-23,Bwaise,fish,13300
fd-6721,2020-12-08,Nakasero,eggs,13800
fd-6722,2020-04-09,Mukono,CASSAVA,14800
fd-6723,2021-09-03,Nakasero,Beans,20300
fd-6724,2021-11-12,,fish,16900
fd-6725,2021-02-26,Bwaise,maize,24400
fd-6726,2021-12-12,Nakasero,Maize,7100
fd-6727,2020-08-12,Mukono,beans,23500
fd-6728,2020-09-15,Nakasero,maize,15600
fd-6729,2021-07-17,Nakasero,CASSAVA,10600
fd-6729,2021-07-17,Nakasero,CASSAVA,10600
fd-6730,2021-11-16,Kansanga,CASSAVA,1100
fd-6731,2021-01-24,Bwaise,maize,22000
fd-6732,2020-11-24,Mukono,maize,13400
fd-6733,2022-07-20,Mukono,banana leaves,1200
fd-6734,2020-10-14,Kansanga,Maize,1800
fd-6735,2020-02-21,,MAIZE,5000
fd-6735,2020-02-21,,MAIZE,5000
fd-6736,2022-02-14,Bwaise,banana leaves,-4300
fd-6737,2022-01-23,Mukono,beans,22600
fd-6738,2020-02-26,Nakasero,Beans,8300
fd-6739,2020-09-15,,CASSAVA,23500
fd-6740,2020-10-16,Nakasero,MAIZE,8000
fd-6741,2022-07-09,,fish,24400
fd-6742,2020-02-13,Bwaise,beans,2200
fd-6743,2020-04-30,Kansanga,maize,8800
fd-6744,2020-02-12,Bwaise,Beans,19000
fd-6745,2020-05-01,Kansanga,CASSAVA,20900
fd-6746,2021-10-29,Bwaise,maize,23500
fd-6747,2022-01-06,Bwaise,Maize,17900
fd-6748,2022-06-24,Kansanga,eggs,7700
fd-6748,2022-06-24,Kansanga,eggs,7700
fd-6749,2021-10-12,,Maize,22100
fd-6750,2022-08-09,Mukono,MAIZE,8200
fd-6751,2021-08-14,Kansanga,maize,5100
fd-6752,2021-09-14,Nakasero,eggs,14300
fd-6753,2021-09-12,Bwaise,Beans,15200
fd-6754,2021-08-02,Kansanga,MAIZE,1000
fd-6755,2022-09-18,,MAIZE,2800
fd-6756,2020-11-24,Mukono,banana leaves,-2400
fd-6756,2020-11-24,Mukono,banana leaves,-2400
fd-6757,2022-02-24,Kansanga,MAIZE,12800
fd-6758,2022-08-31,Mukono,maize,24000
fd-6759,2020-07-07,Kansanga,Cassava,10900
fd-6760,2021-11-16,Mukono,MAIZE,19300
fd-6761,2020-06-24,Bwaise,fish,11800
fd-6762,2020-14-50,Mukono,Beans,10400
fd-6763,2021-08-31,Bwaise,maize,2300
fd-6764,2021-07-16,Kansanga,maize,22700
fd-6765,2021-04-12,Nakasero,banana leaves,4800
fd-6766,2021-09-03,,eggs,1300
fd-6767,2022-15-48,Mukono,maize,16400
fd-6768,2020-06-02,,CASSAVA,11600
fd-6769,2022-06-24,Mukono,MAIZE,15600
fd-6769,2022-06-24,Mukono,MAIZE,15600
fd-6770,2021-03-12,Bwaise,eggs,6400
fd-6771,2021-03-23,,banana leaves,4300
fd-6772,2020-04-11,Bwaise,eggs,19400
fd-6773,2021-09-29,Nakasero,Cassava,13500
fd-6774,2022-08-15,Nakasero,banana leaves,-1400
fd-6775,2022-02-07,Nakasero,CASSAVA,7300
fd-6776,2021-04-07,,MAIZE,14100
fd-6777,2021-03-14,Nakasero,CASSAVA,19600
fd-6778,2021-05-12,Mukono,Beans,13800
fd-6779,2021-04-20,,banana leaves,9600
fd-6780,2021-10-18,Mukono,Beans,11300
fd-6781,2020-06-18,Kansanga,beans,20500
fd-6782,2021-07-12,Mukono,beans,13800
fd-6783,2020-08-13,,MAIZE,1500
fd-6784,2021-04-20,Nakasero,maize,21100
fd-6785,2020-07-03,Nakasero,MAIZE,7800
fd-6786,2022-01-08,Nakasero,beans,13000
fd-6787,2021-05-19,Kansanga,eggs,24000
fd-6788,2020-09-26,,CASSAVA,10800
fd-6789,2020-12-02,Nakasero,Beans,18800
fd-6790,2020-08-16,Bwaise,Beans,22100
fd-6791,2021-11-29,,Maize,11800
fd-6792,2021-10-25,,Beans,18500
fd-6793,2020-05-12,Mukono,banana leaves,2600
fd-6794,2021-08-11,Kansanga,eggs,4500
fd-6795,2020-08-02,Kansanga,maize,20400
fd-6796,2021-11-16,Mukono,beans,11000
fd-6797,2021-09-25,Kansanga,beans,23500
fd-6798,2020-07-31,Nakasero,beans,24500
fd-6799,2020-06-15,Mukono,fish,3400
fd-6800,2022-08-30,Kansanga,Beans,1600
fd-6801,2020-12-02,Mukono,Beans,11400
fd-6802,2020-07-28,Kansanga,Beans,15700
fd-6803,2022-04-28,,Cassava,1400
fd-6804,2021-11-17,Kansanga,banana leaves,7400
fd-6805,2021-07-08,Nakasero,fish,20100
fd-6806,2022-04-29,Nakasero,fish,16300
fd-6807,2021-09-26,Bwaise,MAIZE,22000
fd-6808,2021-11-18,Nakasero,banana leaves,-1400
fd-6808,2021-11-18,Nakasero,banana leaves,-1400
fd-6809,2021-03-10,Mukono,maize,-2100
fd-6810,2020-01-28,,beans,19700
fd-6811,2022-09-01,Kansanga,eggs,20100
fd-6812,2021-10-12,Kansanga,eggs,12200
fd-6813,2021-08-29,Mukono,eggs,24500
fd-6814,2020-01-03,Mukono,fish,21100
fd-6815,2020-03-30,Mukono,eggs,16000
fd-6816,2020-08-01,Bwaise,Maize,5900
fd-6817,2021-11-16,Kansanga,Maize,16900
fd-6818,2022-02-02,,CASSAVA,20600
fd-6819,2020-07-15,Bwaise,MAIZE,17100
fd-6820,2020-10-15,,beans,23900
fd-6821,2021-06-11,,Maize,8800
fd-6822,2020-02-05,Nakasero,MAIZE,11600
fd-6823,2026-19-40,Bwaise,fish,4800
fd-6824,2020-05-07,,eggs,3600
fd-6825,2020-09-20,Mukono,eggs,2400
fd-6826,2020-06-23,Nakasero,Maize,7800
fd-6827,2021-02-22,,MAIZE,2000
fd-6828,2021-09-19,Kansanga,banana leaves,12500
fd-6829,2021-01-29,Kansanga,maize,14100
fd-6830,2022-04-23,Bwaise,beans,-1600
fd-6831,2021-10-13,Nakasero,eggs,19300
fd-6832,2022-01-11,Nakasero,maize,3700
fd-6833,2021-01-21,,banana leaves,19800
fd-6834,2021-06-23,Nakasero,fish,19900
fd-6835,2021-08-20,Nakasero,banana leaves,12000
fd-6836,2022-02-20,Mukono,beans,10500
fd-6837,2021-01-04,Kansanga,eggs,19700
fd-6837,2021-01-04,Kansanga,eggs,19700
fd-6838,2020-04-13,Nakasero,beans,14200
fd-6839,2020-03-10,Nakasero,Beans,4900
fd-6840,2021-11-13,Kansanga,beans,1000
fd-6841,2020-09-13,Bwaise,Maize,18700
fd-6842,2020-04-10,Bwaise,Cassava,20700
fd-6843,2021-09-22,Bwaise,CASSAVA,4800
fd-6844,2021-01-05,Nakasero,MAIZE,4200
fd-6845,2022-03-25,Mukono,eggs,22600
fd-6846,2021-05-01,Bwaise,MAIZE,15400
fd-6847,2020-03-11,,CASSAVA,16100
fd-6847,2020-03-11,,CASSAVA,16100
fd-6848,2020-08-29,Bwaise,eggs,20200
fd-6849,2022-08-18,Kansanga,eggs,12700
fd-6850,2022-07-27,,eggs,15500
fd-6851,2022-03-15,Bwaise,Cassava,5700
fd-6852,2022-02-28,Nakasero,Maize,18700
fd-6853,2021-12-06,,fish,22300
fd-6854,2022-09-04,,banana leaves,18800
fd-6855,2020-08-28,Nakasero,MAIZE,500
fd-6856,2021-08-25,Nakasero,Beans,10600
fd-6857,2021-12-30,Mukono,banana leaves,20900
fd-6857,2021-12-30,Mukono,banana leaves,20900
fd-6858,2021-08-01,Bwaise,MAIZE,9500
fd-6859,2022-05-06,Mukono,maize,3100
fd-6860,2020-04-24,Kansanga,eggs,10100
fd-6860,2022-03-26,Kansanga,MAIZE,16200
fd-6862,2022-08-02,Kansanga,Maize,3200
fd-6863,2022-04-10,,banana leaves,20100
fd-6864,2020-04-24,,fish,22000
fd-6865,2020-10-24,,Beans,1700
fd-6866,2020-03-19,Nakasero,MAIZE,18200
fd-6867,2021-04-19,Kansanga,fish,3900
fd-6868,2022-08-11,Mukono,fish,-3500
fd-6869,2021-04-22,Kansanga,Cassava,22300
fd-6870,2020-12-13,Kansanga,Beans,1600
fd-6870,2020-12-13,Kansanga,Beans,1600
fd-6871,2021-07-04,Nakasero,CASSAVA,8300
fd-6872,2021-10-20,Bwaise,fish,15200
fd-6873,2021-12-10,,beans,12400
fd-6874,2020-02-18,Bwaise,Maize,3000
fd-6875,2022-05-23,Kansanga,MAIZE,4200
fd-6876,2020-02-02,Bwaise,Maize,12900
fd-6877,2021-01-27,Kansanga,beans,6200
fd-6878,2021-08-12,Bwaise,Beans,13300
fd-6879,2020-10-12,Kansanga,Cassava,3000
fd-6880,2022-07-09,,maize,11500
fd-6881,2022-06-29,Nakasero,MAIZE,7100
fd-6882,2021-03-10,Kansanga,Cassava,4600
fd-6883,2020-03-16,Kansanga,beans,19700
fd-6883,2020-03-16,Kansanga,beans,19700
fd-6884,2020-12-09,Bwaise,MAIZE,6000
fd-6885,2020-09-23,Bwaise,Beans,15200
fd-6886,2020-03-26,,Cassava,-2400
fd-6887,2021-09-29,Kansanga,eggs,14500
fd-6887,2021-09-29,Kansanga,eggs,14500
fd-6888,2020-08-28,,banana leaves,3500
fd-6889,2021-11-29,Nakasero,beans,8800
fd-6889,2021-11-29,Nakasero,beans,8800
fd-6890,2020-09-24,Bwaise,CASSAVA,2400
fd-6891,2021-06-27,,eggs,24000
fd-6892,2021-10-22,Bwaise,Cassava,9100
fd-6893,2021-04-04,,banana leaves,23800
fd-6894,2022-08-02,Bwaise,banana leaves,2300
fd-6895,2021-06-26,Bwaise,CASSAVA,17300
fd-6896,2021-06-24,Nakasero,maize,15300
fd-6897,2022-04-01,Kansanga,MAIZE,8100
fd-6897,2022-04-01,Kansanga,MAIZE,8100
fd-6898,2020-01-06,,Cassava,17600
fd-6899,2021-01-17,Mukono,Maize,20200
fd-6900,2022-04-02,Nakasero,Cassava,21600
fd-6901,2021-04-20,Nakasero,MAIZE,3900
fd-6901,2021-04-20,Nakasero,MAIZE,3900
fd-6901,2022-03-26,,Beans,21400
fd-6903,2021-07-26,Kansanga,Beans,12500
fd-6904,2020-09-08,Kansanga,Maize,21100
fd-6904,2020-09-08,Kansanga,Maize,21100
fd-6905,2020-10-07,Mukono,banana leaves,5600
fd-6906,2020-03-13,Mukono,eggs,11200
fd-6906,2022-01-07,Bwaise,MAIZE,24100
fd-6908,2022-09-10,Mukono,CASSAVA,6700
fd-6909,2021-05-11,Mukono,banana leaves,17800
fd-6910,2021-07-19,Kansanga,CASSAVA,8100
fd-6911,2021-03-02,,MAIZE,20400
fd-6912,2020-03-27,Mukono,maize,21300
fd-6913,2020-10-26,Mukono,maize,15600
fd-6913,2020-10-26,Mukono,maize,15600
fd-6914,2021-10-06,Kansanga,Cassava,2800
fd-6915,2022-15-48,Bwaise,CASSAVA,-3000
fd-6915,2022-15-48,Bwaise,CASSAVA,-3000
fd-6916,2021-13-49,Bwaise,MAIZE,6000
fd-6917,2022-08-24,,maize,24900
fd-6917,2022-08-24,,maize,24900
fd-6918,2022-02-18,,Maize,19000
fd-6919,2020-01-06,Kansanga,CASSAVA,17400
fd-6920,2020-04-22,Nakasero,banana leaves,3100
fd-6921,2020-08-22,Bwaise,fish,5400
fd-6922,2020-05-18,,Beans,13100
fd-6923,2022-07-08,Kansanga,maize,5600
fd-6924,2022-04-14,,Cassava,1600
fd-6925,2020-06-09,Mukono,fish,5100
fd-6926,2021-06-21,Mukono,Beans,11800
fd-6927,2021-13-49,Nakasero,MAIZE,21800
fd-6928,2021-01-18,Bwaise,eggs,15600
fd-6929,2022-08-23,Mukono,eggs,5500
fd-6929,2022-08-23,Mukono,eggs,5500
fd-6930,2022-04-01,Bwaise,maize,17600
fd-6931,2022-04-16,Kansanga,beans,5900
fd-6932,2021-05-25,Bwaise,banana leaves,10300
fd-6933,2022-07-25,Kansanga,Cassava,15200
fd-6934,2020-02-02,Bwaise,banana leaves,21800
fd-6935,2021-10-14,Mukono,beans,16600
fd-6936,2021-09-01,Nakasero,beans,11000
fd-6937,2022-07-20,Kansanga,Beans,23900
fd-6938,2021-10-10,Kansanga,Maize,8800
fd-6939,2021-10-12,Bwaise,fish,15700
fd-6940,2020-06-26,Kansanga,Cassava,10900
fd-6941,2020-05-11,Kansanga,beans,9900
fd-6942,2020-10-08,Mukono,eggs,1400
fd-6943,2020-11-03,Bwaise,Cassava,18900
fd-6944,2021-07-20,Bwaise,eggs,8600
fd-6945,2020-08-11,Nakasero,Cassava,5800
fd-6946,2022-09-13,Kansanga,Beans,22400
fd-6947,2021-11-11,Mukono,eggs,20600
fd-6948,2021-10-12,Kansanga,Cassava,20500
fd-6949,2022-09-21,Mukono,Maize,3400
fd-6950,2021-06-25,Mukono,Cassava,7400
fd-6950,2021-06-25,Mukono,Cassava,7400
fd-6951,2021-07-15,Mukono,Maize,15600
fd-6952,2021-08-13,Mukono,Cassava,20100
fd-6953,2023-16-47,,MAIZE,12600
fd-6953,2023-16-47,,MAIZE,12600
fd-6954,2022-04-29,Mukono,maize,-2700
fd-6955,2021-13-49,Kansanga,CASSAVA,900
fd-6956,2020-05-29,Kansanga,Cassava,18600
fd-6956,2020-05-29,Kansanga,Cassava,18600
fd-6957,2022-06-03,Bwaise,MAIZE,15000
fd-6958,2020-03-30,Nakasero,eggs,2500
fd-6959,2022-06-04,Kansanga,Maize,9200
fd-6960,2022-07-05,Nakasero,MAIZE,1500
fd-6961,2022-01-18,Kansanga,Maize,7000
fd-6962,2021-06-02,Mukono,Cassava,23700
fd-6963,2022-05-03,Nakasero,beans,12100
fd-6964,2021-07-25,,beans,11500
fd-6965,2022-03-31,Bwaise,beans,20300
fd-6966,2021-07-10,Bwaise,MAIZE,9900
fd-6967,2025-18-37,Nakasero,MAIZE,800
fd-6968,2020-05-01,Mukono,CASSAVA,11000
fd-6969,2022-05-06,Mukono,Beans,20800
fd-6970,2022-01-31,Kansanga,banana leaves,7500
fd-6971,2022-08-09,Mukono,maize,21100
fd-6972,2022-08-22,Bwaise,banana leaves,22000
fd-6973,2020-07-30,Kansanga,CASSAVA,7600
fd-6974,2021-01-05,,CASSAVA,4500
fd-6975,2020-03-05,Kansanga,Beans,8200
fd-6976,2020-05-25,Nakasero,banana leaves,4500
fd-6977,2020-11-14,Bwaise,fish,18400
fd-6978,2020-11-27,,eggs,23300
fd-6979,2020-02-27,Nakasero,beans,6200
fd-6980,2020-08-06,,Cassava,7000
fd-6981,2020-03-25,Bwaise,maize,20600
fd-6982,2021-11-08,Kansanga,fish,22300
fd-6983,2020-08-15,Kansanga,CASSAVA,2000
fd-6984,2022-08-25,Nakasero,maize,12800
fd-6985,2020-05-11,,Beans,24600
fd-6986,2020-10-25,Mukono,Cassava,19200
fd-6987,2020-03-30,Nakasero,Cassava,23600
fd-6988,2023-16-47,Bwaise,Maize,13300
fd-6989,2021-13-49,Kansanga,eggs,22900
fd-6990,2020-06-24,Bwaise,banana leaves,14500
fd-6991,2022-07-05,Mukono,CASSAVA,8300
fd-6992,2021-10-25,Nakasero,fish,11000
fd-6993,2020-01-31,Mukono,CASSAVA,11500
fd-6994,2022-01-25,Kansanga,CASSAVA,4400
fd-6995,2022-05-11,Nakasero,Maize,3600
fd-6996,2021-01-10,Bwaise,eggs,6900
fd-6996,2021-01-10,Bwaise,eggs,6900
fd-6997,2021-12-05,,Cassava,2300
fd-6998,2022-06-06,Nakasero,maize,13000
fd-6999,2021-10-18,Nakasero,maize,12300
fd-7000,2021-03-06,,banana leaves,11800
fd-7001,2022-02-20,Nakasero,CASSAVA,4000
fd-7002,2020-10-05,Mukono,beans,14700
fd-7003,2021-08-20,Kansanga,maize,-1400
fd-7003,2021-08-20,Kansanga,maize,-1400
fd-7004,2022-07-12,,CASSAVA,21200
fd-7005,2020-08-08,,MAIZE,19000
fd-7006,2021-07-26,Mukono,banana leaves,20200
fd-7007,2026-19-40,,Maize,12300
fd-7008,2020-02-02,,Cassava,22900
fd-7009,2020-05-14,Nakasero,banana leaves,11400
fd-7010,2021-06-06,Mukono,Cassava,11500
fd-7011,2020-07-24,Mukono,eggs,20600
fd-7012,2020-09-08,Mukono,eggs,23800
fd-7013,2021-03-12,Bwaise,Beans,8500
fd-7014,2020-04-05,,MAIZE,14300
fd-7015,2021-09-02,Mukono,CASSAVA,3600
fd-7016,2021-02-27,Bwaise,fish,24600
fd-7017,2022-03-14,Nakasero,maize,9700
fd-7018,2021-08-29,Kansanga,fish,15100
fd-7019,2020-11-18,Nakasero,beans,4200
fd-7020,2020-08-10,,fish,3900
fd-7021,2021-06-06,,CASSAVA,9600
fd-7022,2020-08-11,Mukono,Beans,10600
fd-7023,2021-12-22,Kansanga,Beans,20800
fd-7024,2021-07-12,Kansanga,beans,16600
fd-7025,2022-02-01,Bwaise,fish,21400
fd-7026,2021-03-10,Nakasero,CASSAVA,4900
fd-7027,2022-08-24,Kansanga,Cassava,12500
fd-7028,2020-02-13,Kansanga,CASSAVA,8200
fd-7029,2021-03-27,Kansanga,CASSAVA,3600
fd-7029,2021-03-27,Kansanga,CASSAVA,3600
fd-7030,2021-07-26,Nakasero,eggs,4400
fd-7031,2021-12-22,Mukono,maize,9500
fd-7031,2021-12-22,Mukono,maize,9500
fd-7032,2022-02-12,,MAIZE,22900
fd-7033,2022-01-17,Bwaise,maize,22200
fd-7033,2022-01-17,Bwaise,maize,22200
fd-7034,2021-03-22,Nakasero,Maize,16900
fd-7035,2021-05-25,,CASSAVA,17200
fd-7036,2021-12-22,Kansanga,banana leaves,12100
fd-7037,2020-10-26,,Maize,20200
fd-7038,2021-09-18,Mukono,Cassava,6200
fd-7039,2020-12-28,Mukono,maize,21700
fd-7040,2020-07-28,Bwaise,CASSAVA,13500
fd-7041,2021-11-07,,banana leaves,5200
fd-7041,2021-11-07,,banana leaves,5200
fd-7042,2022-08-19,Nakasero,maize,2100
fd-7043,2020-04-08,Nakasero,MAIZE,-3200
fd-7044,2022-04-05,Bwaise,eggs,18900
fd-7045,2020-09-11,,Cassava,2800
fd-7046,2022-08-22,,MAIZE,19800
fd-7047,2021-06-18,Kansanga,fish,2700
fd-7048,2021-05-17,Kansanga,MAIZE,21300
fd-7049,2020-11-24,Kansanga,Maize,24100
fd-7050,2020-07-21,,eggs,10400
fd-7051,2021-08-23,Nakasero,eggs,2600
fd-7052,2021-06-16,Nakasero,banana leaves,10700
fd-7052,2021-06-16,Nakasero,banana leaves,10700
fd-7053,2020-10-13,Mukono,CASSAVA,-3400
fd-7054,2021-05-17,Bwaise,eggs,10200
fd-7055,2022-06-24,Kansanga,Maize,19200
fd-7056,2022-05-15,Mukono,CASSAVA,15800
fd-7057,2022-01-14,Nakasero,MAIZE,21500
fd-7058,2021-05-21,Bwaise,CASSAVA,18200
fd-7059,2020-03-29,Kansanga,Beans,24400
fd-7060,2020-03-23,Bwaise,MAIZE,2400
fd-7061,2021-02-02,Mukono,banana leaves,23400
fd-7062,2021-02-09,Kansanga,MAIZE,9500
fd-7063,2022-08-06,,Cassava,14700
fd-7064,2021-03-28,,Beans,15100
fd-7065,2020-05-05,Bwaise,Maize,19200
fd-7066,2021-09-11,Mukono,CASSAVA,24800
fd-7067,2021-05-16,Mukono,maize,21600
fd-7068,2022-01-24,Nakasero,beans,14900
fd-7069,2020-01-01,Mukono,eggs,16700
fd-7070,2022-03-12,Nakasero,Cassava,11600
fd-7071,2021-11-05,,Cassava,24500
fd-7072,2021-05-13,Nakasero,banana leaves,23300
fd-7073,2020-06-19,Kansanga,fish,13600
fd-7074,2021-04-26,Nakasero,Beans,24600
fd-7075,2020-10-20,Nakasero,CASSAVA,13100
fd-7076,2020-09-23,Kansanga,beans,17000
fd-7077,2021-04-16,Nakasero,maize,5000
fd-7078,2021-12-09,Nakasero,maize,10800
fd-7079,2020-08-25,Mukono,beans,5400
fd-7080,2022-04-07,Nakasero,CASSAVA,500
fd-7081,2022-09-16,,maize,2800
fd-7081,2022-09-16,,maize,2800
fd-7082,2022-03-02,,Cassava,21100
fd-7083,2022-05-08,Kansanga,banana leaves,8500
fd-7084,2020-08-17,,eggs,6900
fd-7085,2021-07-21,,eggs,13500
fd-7086,2021-06-09,Mukono,CASSAVA,24000
fd-7087,2021-01-22,Nakasero,MAIZE,8600
fd-7088,2021-09-09,,eggs,16500
fd-7089,2021-08-16,,fish,-1200
fd-7090,2020-02-01,Bwaise,eggs,6200
fd-7091,2020-12-25,Mukono,fish,5500
fd-7092,2021-03-20,Bwaise,fish,2300
fd-7093,2021-03-30,,Cassava,22400
fd-7094,2021-06-29,Mukono,banana leaves,-2400
fd-7095,2022-08-30,,banana leaves,1500
fd-7096,2021-11-15,Kansanga,MAIZE,5000
fd-7097,2020-06-04,Nakasero,fish,16800
fd-7098,2020-10-07,,Maize,13800
fd-7099,2020-11-04,Mukono,Cassava,12400
fd-7100,2022-05-18,Bwaise,banana leaves,16000
fd-7101,2021-06-19,Nakasero,maize,-4500
fd-7102,2020-08-20,,Beans,700
fd-7102,2020-08-20,,Beans,700
fd-7103,2021-06-07,Kansanga,Cassava,23400
fd-7104,2021-10-22,Nakasero,maize,2600
fd-7105,2022-02-12,Kansanga,eggs,20400
fd-7106,2022-09-01,Nakasero,eggs,10100
fd-7107,2021-05-14,Kansanga,banana leaves,15000
fd-7108,2021-03-15,Nakasero,Cassava,3200
fd-7109,2022-08-30,Mukono,maize,800
fd-7110,2022-05-26,Kansanga,Cassava,20500
fd-7111,2021-07-30,Bwaise,fish,10900
fd-7112,2021-01-21,,maize,14700
fd-7113,2022-09-06,Mukono,CASSAVA,700
fd-7113,2022-09-06,Mukono,CASSAVA,700
fd-7114,2022-07-15,,Maize,12400
fd-7115,2020-08-12,,MAIZE,8900
fd-7116,2020-07-06,Bwaise,MAIZE,10400
fd-7117,2020-10-13,Mukono,eggs,19200
fd-7118,2021-02-15,,banana leaves,2100
fd-7119,2020-11-30,,maize,11900
fd-7120,2021-01-13,Mukono,maize,7300
fd-7121,2022-04-07,Bwaise,fish,10000
fd-7121,2022-04-07,Bwaise,fish,10000
fd-7122,2020-03-06,Kansanga,eggs,23000
fd-7123,2021-06-27,Bwaise,Maize,4800
fd-7124,2021-08-19,,banana leaves,13400
fd-7125,2020-01-08,Bwaise,fish,12300
fd-7126,2021-01-27,Mukono,fish,24800
fd-7127,2020-02-24,Nakasero,fish,17800
fd-7128,2021-07-18,Mukono,fish,9400
fd-7129,2022-08-24,Kansanga,Beans,15500
fd-7129,2022-08-24,Kansanga,Beans,15500
fd-7130,2021-10-18,Mukono,Beans,15400
fd-7131,2021-01-24,Bwaise,eggs,-1800
fd-7132,2020-01-07,,beans,13300
fd-7133,2020-05-21,Bwaise,Beans,13400
fd-7134,2020-02-26,Nakasero,maize,20700
fd-7134,2020-02-26,Nakasero,maize,20700
fd-7135,2021-01-16,Kansanga,Cassava,18100
fd-7136,2021-08-09,Bwaise,banana leaves,20200
fd-7137,2022-06-16,,banana leaves,-4300
fd-7138,2022-02-24,,Cassava,1000
fd-7139,2022-07-17,Nakasero,CASSAVA,10600
fd-7140,2020-03-23,Mukono,Maize,19500
fd-7140,2020-03-23,Mukono,Maize,19500
fd-7141,2021-11-20,Bwaise,eggs,6700
fd-7142,2020-08-12,Bwaise,maize,18100
fd-7143,2020-06-15,Bwaise,CASSAVA,900
fd-7144,2022-01-25,Bwaise,fish,21200
fd-7145,2022-09-14,,Cassava,17900
fd-7145,2022-09-14,,Cassava,17900
fd-7146,2021-07-21,Mukono,maize,-3600
fd-7147,2022-06-20,Bwaise,fish,15800
fd-7148,2020-04-04,Nakasero,beans,18300
fd-7149,2021-04-09,,Maize,2100
fd-7150,2021-12-30,Nakasero,banana leaves,3900
fd-7151,2022-06-11,Mukono,Beans,21200
fd-7152,2020-10-04,Kansanga,Cassava,20000
fd-7153,2020-04-05,Mukono,maize,13800
fd-7154,2021-02-09,Kansanga,Cassava,12300
fd-7155,2020-08-28,Kansanga,eggs,16700
fd-7156,2020-12-26,,banana leaves,-2300
fd-7157,2020-05-15,Bwaise,fish,14500
fd-7158,2021-06-06,Nakasero,banana leaves,17700
fd-7159,2020-06-13,,fish,7600
fd-7160,2021-01-18,Bwaise,eggs,12300
fd-7161,2020-07-20,Nakasero,Cassava,4000
fd-7162,2021-06-02,Nakasero,CASSAVA,10500
fd-7163,2021-04-01,Bwaise,MAIZE,20800
fd-7164,2021-01-24,Mukono,banana leaves,13800
fd-7165,2021-07-13,Nakasero,fish,9400
fd-7166,2022-02-08,Nakasero,CASSAVA,17700
fd-7167,2023-16-47,Bwaise,banana leaves,19300
fd-7168,2021-02-21,Nakasero,CASSAVA,19200
fd-7169,2022-07-08,Bwaise,beans,11200
fd-7170,2020-09-23,Nakasero,Beans,22200
fd-7171,2021-06-10,Kansanga,eggs,8700
fd-7171,2021-06-10,Kansanga,eggs,8700
fd-7172,2020-03-30,Kansanga,maize,21800
fd-7173,2020-11-07,Nakasero,Beans,8500
fd-7174,2020-01-21,Mukono,Beans,3600
fd-7175,2021-12-02,Nakasero,Maize,16000
fd-7176,2021-06-14,Nakasero,maize,3400
fd-7177,2020-03-11,Mukono,banana leaves,-4600
fd-7178,2022-09-07,Nakasero,Beans,19500
fd-7179,2021-10-29,Nakasero,Beans,6700
fd-7180,2020-02-07,Kansanga,MAIZE,14400
fd-7181,2021-07-01,Nakasero,eggs,17400
fd-7182,2021-06-26,Bwaise,CASSAVA,6900
fd-7183,2020-02-02,Kansanga,maize,24200
fd-7184,2020-08-29,Mukono,maize,500
fd-7185,2021-09-16,,maize,17300
fd-7186,2023-16-47,Kansanga,eggs,5000
fd-7187,2022-03-11,Kansanga,eggs,20500
fd-7188,2020-05-29,Kansanga,maize,2000
fd-7189,2022-05-13,Bwaise,MAIZE,22000
fd-7190,2022-09-15,Nakasero,eggs,18900
fd-7191,2021-01-13,Mukono,eggs,11800
fd-7192,2021-03-06,Mukono,Cassava,23900
fd-7192,2021-03-06,Mukono,Cassava,23900
fd-7193,2020-06-09,Kansanga,beans,23400
fd-7194,2020-04-27,Kansanga,beans,2700
fd-7195,2021-03-20,Nakasero,Cassava,2100
fd-7196,2021-01-04,Nakasero,MAIZE,1800
fd-7197,2021-11-05,Bwaise,MAIZE,9000
fd-7198,2021-09-22,Bwaise,fish,10900
fd-7199,2021-07-29,,MAIZE,2500
fd-7200,2020-06-29,,beans,15500
fd-7201,2021-06-11,,banana leaves,14700
fd-7202,2021-03-09,Nakasero,CASSAVA,3100
fd-7203,2020-03-14,Bwaise,eggs,23400
fd-7204,2021-10-18,Nakasero,MAIZE,9900
fd-7205,2020-10-22,Nakasero,CASSAVA,17000
fd-7206,2022-06-25,,eggs,4600
fd-7207,2020-02-06,,eggs,23000
fd-7208,2020-03-06,Nakasero,Maize,22700
fd-7209,2022-05-20,Mukono,Cassava,24200
fd-7210,2020-06-04,Nakasero,CASSAVA,12200
fd-7211,2020-01-18,,maize,3000
fd-7211,2020-01-18,,maize,3000
fd-7212,2021-13-49,Mukono,MAIZE,11500
fd-7213,2022-04-12,Kansanga,banana leaves,4900
fd-7214,2020-04-11,Nakasero,MAIZE,13900
fd-7215,2022-02-03,Bwaise,Maize,10900
fd-7216,2020-02-07,Nakasero,Beans,20700
fd-7217,2021-07-17,,maize,3000
fd-7218,2020-04-12,Bwaise,MAIZE,10200
fd-7219,2021-02-06,Bwaise,Beans,9300
fd-7220,2022-01-04,Kansanga,banana leaves,3300
fd-7220,2022-01-04,Kansanga,banana leaves,3300
fd-7221,2020-03-25,,CASSAVA,7000
fd-7222,2020-12-12,Bwaise,CASSAVA,18800
fd-7223,2021-10-07,Kansanga,maize,7500
fd-7224,2021-08-20,Bwaise,maize,20600
fd-7225,2021-09-06,Nakasero,maize,18800
fd-7226,2021-08-06,,banana leaves,22300
fd-7227,2021-10-23,Mukono,banana leaves,22800
fd-7228,2022-09-13,Mukono,banana leaves,700
fd-7228,2022-09-13,Mukono,banana leaves,700
fd-7229,2020-04-25,Kansanga,Beans,13400
fd-7230,2020-08-03,Nakasero,eggs,16000
fd-7230,2020-08-03,Nakasero,eggs,16000
fd-7231,2021-09-11,Kansanga,Cassava,16900
fd-7232,2022-04-12,,beans,3400
fd-7233,2021-11-18,Kansanga,Beans,3200
fd-7234,2020-07-30,,Cassava,22900
fd-7235,2020-12-14,Nakasero,CASSAVA,22200
fd-7235,2020-12-14,Nakasero,CASSAVA,22200
fd-7236,2021-11-08,Bwaise,CASSAVA,14000
fd-7236,2021-11-08,Bwaise,CASSAVA,14000
fd-7237,2021-08-15,Nakasero,fish,15200
fd-7238,2020-11-02,Bwaise,beans,6600
fd-7239,2020-06-20,Mukono,MAIZE,18400
fd-7240,2022-02-18,Mukono,banana leaves,4000
fd-7241,2021-08-11,,banana leaves,4500
fd-7242,2020-01-03,Nakasero,maize,900
fd-7243,2021-05-05,Nakasero,MAIZE,23000
fd-7244,2020-03-14,Bwaise,MAIZE,10400
fd-7245,2020-08-12,,MAIZE,7400
fd-7246,2022-15-48,Bwaise,beans,-1100
fd-7247,2020-05-21,Nakasero,eggs,23400
fd-7248,2021-06-24,Nakasero,MAIZE,14600
fd-7249,2021-07-15,,Maize,10500
fd-7250,2022-08-16,Nakasero,MAIZE,18000
fd-7250,2022-08-16,Nakasero,MAIZE,18000
fd-7251,2020-14-50,,CASSAVA,1000
fd-7252,2022-07-24,Mukono,Beans,2900
fd-7253,2021-03-26,Mukono,MAIZE,11900
fd-7254,2020-01-02,,Cassava,21700
fd-7255,2021-07-17,Kansanga,MAIZE,6900
fd-7256,2020-04-27,Nakasero,eggs,1300
fd-7256,2020-04-27,Nakasero,eggs,1300
fd-7257,2022-08-31,Kansanga,banana leaves,14100
fd-7258,2020-03-09,Bwaise,eggs,3700
fd-7259,2021-09-16,Nakasero,fish,23100
fd-7260,2020-07-21,Mukono,Beans,7400
fd-7260,2020-07-21,Mukono,Beans,7400
fd-7261,2020-07-30,Nakasero,banana leaves,2900
fd-7262,2022-05-29,Kansanga,Cassava,7200
fd-7263,2020-07-19,Nakasero,Maize,10300
fd-7264,2020-05-18,Bwaise,MAIZE,23000
fd-7265,2022-01-12,Bwaise,banana leaves,20500
fd-7266,2021-02-20,Nakasero,CASSAVA,18500
fd-7267,2020-05-02,,CASSAVA,-2300
fd-7267,2020-03-31,Bwaise,eggs,24600
fd-7269,2020-11-11,Nakasero,CASSAVA,700
fd-7270,2020-04-19,Kansanga,eggs,21200
fd-7270,2020-04-19,Kansanga,eggs,21200
fd-7271,2020-04-27,Nakasero,Maize,22600
fd-7272,2021-02-10,Bwaise,Cassava,5900
fd-7273,2022-07-22,Kansanga,beans,9800
fd-7274,2022-08-25,Kansanga,banana leaves,16100
fd-7275,2022-08-07,Bwaise,Cassava,13800
fd-7275,2021-12-08,Bwaise,eggs,16400
fd-7277,2022-01-06,,MAIZE,15300
fd-7277,2022-01-06,,MAIZE,15300
fd-7278,2022-05-31,Kansanga,Maize,13100
fd-7278,2022-05-31,Kansanga,Maize,13100
fd-7279,2020-04-06,,Beans,24500
fd-7280,2021-03-01,Mukono,eggs,19600
fd-7281,2020-01-30,Kansanga,fish,5600
fd-7282,2021-02-17,Mukono,beans,800
fd-7283,2022-08-16,Nakasero,banana leaves,6700
fd-7284,2021-06-24,,maize,17000
fd-7285,2020-01-16,Bwaise,maize,7700
fd-7286,2022-05-07,Mukono,Maize,4900
fd-7287,2020-05-22,Bwaise,fish,12300
fd-7288,2022-04-20,Mukono,MAIZE,5500
fd-7289,2020-07-20,Mukono,eggs,24600
fd-7290,2021-09-24,Nakasero,Maize,4400
fd-7291,2021-08-19,Kansanga,CASSAVA,8400
fd-7292,2021-03-25,,CASSAVA,14800
fd-7293,2020-01-08,,beans,19900
fd-7294,2022-05-06,Kansanga,Beans,8800
fd-7295,2021-04-15,Nakasero,eggs,-3400
fd-7296,2020-11-12,,beans,20600
fd-7297,2020-05-24,Mukono,MAIZE,17300
fd-7298,2021-06-14,Nakasero,eggs,7600
fd-7299,2021-08-16,,Maize,2900
fd-7300,2020-09-12,Bwaise,maize,500
fd-7301,2022-09-09,Nakasero,maize,9700
fd-7302,2022-04-25,,MAIZE,21800
fd-7303,2022-09-26,Nakasero,Maize,13900
fd-7304,2021-12-01,Kansanga,MAIZE,2400
fd-7305,2022-06-03,Mukono,Cassava,8300
fd-7306,2025-18-37,Nakasero,CASSAVA,10100
fd-7307,2020-06-11,Bwaise,Cassava,11400
fd-7308,2021-01-03,,eggs,3200
fd-7309,2020-03-16,Mukono,Cassava,9600
fd-7310,2022-04-05,Kansanga,Maize,6000
fd-7311,2020-04-12,Mukono,MAIZE,21700
fd-7312,2022-08-03,Nakasero,Maize,18500
fd-7313,2022-08-25,Mukono,Maize,1900
fd-7314,2022-06-30,Nakasero,banana leaves,17100
fd-7315,2020-10-04,Mukono,fish,5100
fd-7316,2020-03-24,Kansanga,CASSAVA,13400
fd-7316,2020-03-24,Kansanga,CASSAVA,13400
fd-7317,2021-08-20,Bwaise,CASSAVA,21200
fd-7318,2022-02-28,Kansanga,Maize,20600
fd-7319,2021-05-25,Kansanga,maize,3400
fd-7319,2021-05-25,Kansanga,maize,3400
fd-7320,2020-09-18,Kansanga,eggs,21000
fd-7321,2022-08-22,Mukono,eggs,3000
fd-7322,2021-10-06,Mukono,beans,1100
fd-7323,2021-04-20,,banana leaves,11200
fd-7324,2022-05-06,Mukono,maize,19800
fd-7325,2020-08-19,Bwaise,beans,2500
fd-7326,2020-03-29,Bwaise,maize,15000
fd-7327,2020-01-05,Kansanga,Maize,24200
fd-7328,2020-11-14,,MAIZE,1500
fd-7329,2020-11-12,,Maize,18000
fd-7330,2022-03-10,Nakasero,beans,2300
fd-7331,2020-11-12,Kansanga,CASSAVA,7700
fd-7332,2022-09-15,Kansanga,MAIZE,-1100
fd-7333,2022-09-18,Nakasero,banana leaves,10100
fd-7334,2022-06-03,Bwaise,Maize,1400
fd-7334,2022-06-03,Bwaise,Maize,1400
fd-7335,2021-03-09,,Cassava,14800
fd-7336,2022-03-16,,banana leaves,11800
fd-7337,2022-02-07,Mukono,beans,12400
fd-7338,2020-06-11,Kansanga,Beans,11800
fd-7339,2021-11-27,Kansanga,Beans,14200
fd-7340,2022-08-25,Mukono,Maize,5000
fd-7340,2022-08-25,Mukono,Maize,5000
fd-7341,2021-12-06,Mukono,Beans,19000
fd-7342,2021-10-08,,MAIZE,13900
fd-7343,2020-12-19,Kansanga,Cassava,1400
fd-7344,2020-08-31,Bwaise,Beans,20400
fd-7345,2020-02-18,,Cassava,14600
fd-7346,2022-01-28,Bwaise,maize,7100
fd-7347,2022-06-14,Kansanga,fish,4700
fd-7348,2020-03-07,Bwaise,eggs,18300
fd-7349,2020-10-14,Mukono,maize,14200
fd-7350,2022-07-03,,maize,10400
fd-7350,2022-07-03,,maize,10400
fd-7351,2020-01-01,Bwaise,Beans,16500
fd-7351,2020-01-01,Bwaise,Beans,16500
fd-7352,2020-02-17,,Beans,5100
fd-7353,2020-01-08,Nakasero,Cassava,20300
fd-7354,2022-07-21,Mukono,fish,17500
fd-7355,2020-07-11,Kansanga,MAIZE,14000
fd-7356,2021-03-31,Kansanga,Maize,23700
fd-7357,2022-08-03,,beans,6300
fd-7358,2020-10-05,,banana leaves,18100
fd-7359,2020-04-08,Bwaise,beans,5800
fd-7360,2021-01-05,Mukono,fish,15900
fd-7361,2020-06-15,Nakasero,beans,18000
fd-7362,2022-02-02,,fish,13100
fd-7363,2022-06-03,Mukono,Maize,19300
fd-7364,2020-03-04,Kansanga,beans,3100
fd-7365,2020-10-10,,fish,7400
fd-7366,2021-11-10,Mukono,beans,-3500
fd-7367,2022-01-15,Bwaise,Beans,6500
fd-7368,2020-08-20,Bwaise,maize,19100
fd-7368,2020-08-20,Bwaise,maize,19100
fd-7369,2020-11-13,Kansanga,fish,8600
fd-7370,2022-02-04,Mukono,banana leaves,20200
fd-7371,2022-04-01,Bwaise,maize,15900
fd-7371,2021-12-12,,banana leaves,21200
fd-7373,2022-03-28,Nakasero,Cassava,2700
fd-7374,2020-04-04,Mukono,eggs,12000
fd-7375,2021-12-10,Kansanga,MAIZE,24200
fd-7376,2020-12-20,Kansanga,banana leaves,11700
fd-7377,2020-09-19,Nakasero,beans,14400
fd-7378,2020-08-31,Mukono,Beans,5600
fd-7379,2022-07-15,Bwaise,maize,15200
fd-7380,2021-07-28,Bwaise,banana leaves,10900
fd-7381,2021-10-19,Kansanga,Cassava,1400
fd-7382,2021-11-18,Bwaise,MAIZE,9600
fd-7383,2020-05-24,Bwaise,CASSAVA,16200
fd-7384,2022-08-04,Nakasero,Cassava,18300
fd-7385,2022-09-17,Nakasero,fish,14200
fd-7386,2021-07-17,Mukono,CASSAVA,16100
fd-7387,2020-12-18,,Beans,14800
fd-7388,2020-03-30,,MAIZE,15100
fd-7389,2020-05-10,,fish,3400
fd-7390,2021-05-17,Bwaise,Beans,18500
fd-7391,2021-10-04,Mukono,beans,16100
fd-7392,2021-02-21,Bwaise,banana leaves,24100
fd-7393,2020-14-50,,fish,6300
fd-7394,2022-09-18,Mukono,Cassava,17000
fd-7395,2022-01-01,Nakasero,MAIZE,11300
fd-7396,2020-11-28,Kansanga,fish,13700
fd-7397,2020-09-25,Kansanga,Beans,24100
fd-7398,2020-08-26,Mukono,MAIZE,2800
fd-7399,2021-10-05,,fish,16300
fd-7400,2021-03-16,,Cassava,4000
fd-7401,2022-04-07,Mukono,Maize,24600
fd-7402,2020-02-07,Mukono,Beans,5900
fd-7403,2020-09-26,Kansanga,Beans,23000
fd-7404,2021-05-12,,CASSAVA,6900
fd-7405,2020-05-22,Mukono,MAIZE,15600
fd-7406,2021-05-27,Mukono,maize,24900
fd-7407,2022-02-22,,beans,22900
fd-7408,2021-12-01,Kansanga,eggs,21600
fd-7409,2021-09-12,Mukono,eggs,22200
fd-7410,2021-10-11,Bwaise,Cassava,24300
fd-7411,2021-08-24,,maize,13200
fd-7412,2020-05-21,,CASSAVA,17200
fd-7413,2020-04-19,Bwaise,CASSAVA,5200
fd-7414,2021-06-21,Nakasero,Beans,20600
fd-7415,2022-08-10,Mukono,banana leaves,17600
fd-7416,2022-08-02,Kansanga,beans,11300
fd-7417,2021-07-20,Kansanga,MAIZE,9200
fd-7418,2020-09-05,Mukono,MAIZE,22900
fd-7419,2021-08-16,Bwaise,CASSAVA,8500
fd-7420,2020-04-04,Mukono,MAIZE,6400
fd-7421,2020-05-21,,Beans,13000
fd-7422,2020-04-20,Kansanga,Beans,8000
fd-7422,2022-07-16,Kansanga,CASSAVA,3000
fd-7424,2020-06-11,Kansanga,maize,9900
fd-7425,2020-09-02,Bwaise,Cassava,8900
fd-7426,2021-10-13,Bwaise,Maize,7300
fd-7427,2021-11-10,Nakasero,beans,23900
fd-7428,2022-02-03,Nakasero,fish,6200
fd-7429,2022-02-19,Nakasero,banana leaves,14200
fd-7430,2022-07-22,Bwaise,Maize,12400
fd-7431,2022-01-23,,MAIZE,1100
fd-7432,2022-08-03,Nakasero,CASSAVA,-3400
fd-7433,2021-09-26,Bwaise,beans,23800
fd-7434,2021-04-25,Nakasero,banana leaves,2700
fd-7435,2022-02-11,Kansanga,fish,7400
fd-7436,2021-01-31,Nakasero,Beans,14500
fd-7437,2021-03-13,,beans,7500
fd-7438,2020-01-15,Bwaise,Beans,11800
fd-7439,2021-11-28,Bwaise,CASSAVA,6600
fd-7440,2020-11-09,Bwaise,Maize,6100
fd-7441,2022-08-09,,fish,-4000
fd-7442,2022-03-06,Nakasero,banana leaves,1800
fd-7443,2021-12-28,,maize,22800
fd-7444,2021-10-07,Nakasero,eggs,23800
fd-7445,2020-12-07,Mukono,MAIZE,3000
fd-7446,2021-04-27,Mukono,maize,1800
fd-7447,2020-02-26,Nakasero,eggs,5900
fd-7447,2020-02-26,Nakasero,eggs,5900
fd-7448,2021-01-02,Kansanga,maize,17800
fd-7448,2021-01-02,Kansanga,maize,17800
fd-7449,2021-04-02,Mukono,maize,9800
fd-7450,2021-04-21,Nakasero,banana leaves,3700
fd-7451,2020-02-15,Kansanga,Cassava,24600
fd-7452,2021-01-08,Kansanga,Cassava,6400
fd-7453,2020-01-21,Bwaise,Beans,23000
fd-7454,2026-19-40,Bwaise,MAIZE,2400
fd-7455,2022-05-14,Nakasero,Maize,14500
fd-7456,2022-01-31,Nakasero,Cassava,13000
fd-7457,2021-10-12,Nakasero,Cassava,4400
fd-7458,2020-01-18,Mukono,maize,4000
fd-7459,2020-07-14,Kansanga,fish,24400
fd-7460,2022-04-11,Bwaise,eggs,5300
fd-7461,2021-07-09,Bwaise,eggs,5800
fd-7462,2022-01-07,Bwaise,beans,4200
fd-7463,2021-01-12,Kansanga,fish,14800
fd-7464,2020-01-20,Nakasero,banana leaves,4500
fd-7465,2020-10-01,Kansanga,banana leaves,20900
fd-7466,2021-06-04,,Maize,4700
fd-7467,2022-09-13,Bwaise,Maize,23400
fd-7468,2021-10-26,Mukono,fish,16800
fd-7469,2021-12-07,Bwaise,Maize,7800
fd-7470,2021-05-17,Mukono,fish,8800
fd-7471,2020-04-17,Bwaise,fish,17000
fd-7472,2022-05-23,Mukono,fish,6200
fd-7473,2020-10-13,Nakasero,CASSAVA,-3100
fd-7474,2020-09-12,Bwaise,CASSAVA,2600
fd-7474,2020-09-12,Bwaise,CASSAVA,2600
fd-7475,2020-12-20,Nakasero,banana leaves,6500
fd-7476,2021-06-30,Bwaise,Cassava,21700
fd-7477,2022-08-04,,banana leaves,500
fd-7478,2021-03-20,,Cassava,-1100
fd-7479,2020-03-27,,MAIZE,4700
fd-7480,2020-11-16,,Cassava,12300
fd-7481,2020-11-25,Bwaise,eggs,6900
fd-7482,2022-08-25,Bwaise,fish,13800
fd-7483,2020-05-02,Kansanga,Beans,18300
fd-7484,2020-10-08,,Cassava,22300
fd-7485,2022-04-27,,banana leaves,11500
fd-7486,2020-01-12,Bwaise,Beans,22200
fd-7487,2021-02-19,Bwaise,beans,20700
fd-7488,2021-06-14,Nakasero,eggs,18700
fd-7489,2021-09-14,Bwaise,CASSAVA,5800
fd-7490,2021-03-29,,eggs,16700
fd-7491,2020-05-20,,Maize,3400
fd-7492,2021-05-17,Kansanga,Maize,7900
fd-7493,2021-05-18,Bwaise,Cassava,10600
fd-7494,2021-04-30,,Maize,21400
fd-7494,2022-02-08,Mukono,Maize,2400
fd-7496,2020-04-30,Nakasero,fish,8800
fd-7497,2022-07-07,Bwaise,banana leaves,12100
fd-7498,2020-03-20,,MAIZE,16600
fd-7499,2021-04-04,Kansanga,beans,2900
fd-7500,2020-11-13,Kansanga,fish,3700
fd-7501,2022-04-28,Bwaise,eggs,11200
fd-7502,2020-02-15,,Maize,15600
fd-7503,2021-12-15,,maize,7800
fd-7504,2022-02-02,Kansanga,Beans,19000
fd-7505,2021-01-22,,Maize,13700
fd-7506,2022-01-17,,banana leaves,24300
fd-7507,2020-01-28,,Cassava,12800
fd-7508,2022-08-06,,Cassava,20000
fd-7509,2022-07-19,Kansanga,CASSAVA,7500
fd-7510,2020-01-17,Mukono,CASSAVA,24400
fd-7511,2022-01-18,Bwaise,CASSAVA,7800
fd-7512,2021-12-08,Mukono,MAIZE,18900
fd-7513,2021-04-02,Bwaise,fish,12500
fd-7514,2022-02-12,Nakasero,MAIZE,15500
fd-7515,2020-09-11,Bwaise,maize,17300
fd-7516,2022-03-29,,fish,5800
fd-7517,2021-08-25,Nakasero,Beans,16800
fd-7518,2021-06-19,,eggs,22900
fd-7518,2021-06-19,,eggs,22900
fd-7519,2020-03-11,,maize,6600
fd-7520,2020-10-15,Bwaise,beans,3000
fd-7521,2021-04-10,Mukono,fish,9800
fd-7522,2021-12-21,Kansanga,MAIZE,17800
fd-7523,2020-09-19,Bwaise,Cassava,24200
fd-7524,2021-03-03,Bwaise,Cassava,6300
fd-7525,2021-07-27,Kansanga,maize,23800
fd-7526,2022-05-23,Kansanga,Cassava,2500
fd-7527,2020-05-01,Kansanga,Maize,-1800
fd-7528,2020-06-11,Mukono,CASSAVA,17300
fd-7529,2020-01-23,Bwaise,MAIZE,3900
fd-7530,2020-11-16,Mukono,eggs,13100
fd-7531,2020-08-31,Nakasero,Maize,16300
fd-7532,2021-02-21,Nakasero,Beans,3300
fd-7533,2020-07-30,Nakasero,Beans,14000
fd-7534,2020-03-30,Nakasero,Cassava,1200
fd-7535,2021-02-25,Nakasero,fish,1100
fd-7535,2021-02-25,Nakasero,fish,1100
fd-7536,2020-11-29,Bwaise,Beans,500
fd-7536,2020-11-29,Bwaise,Beans,500
fd-7537,2020-08-24,Kansanga,beans,13300
fd-7538,2021-10-02,Kansanga,CASSAVA,3700
fd-7539,2022-03-26,Nakasero,MAIZE,9500
fd-7540,2020-03-07,Nakasero,eggs,1300
fd-7541,2020-12-25,Mukono,fish,12900
fd-7542,2020-09-20,Kansanga,Beans,7100
fd-7543,2020-11-02,,banana leaves,6100
fd-7544,2020-10-13,Bwaise,fish,15900
fd-7545,2021-08-12,Bwaise,maize,20300
fd-7546,2021-08-03,Bwaise,eggs,13300
fd-7547,2022-06-11,,Cassava,24900
fd-7548,2022-07-22,,MAIZE,19300
fd-7549,2022-07-20,Bwaise,maize,14500
fd-7550,2021-06-08,Bwaise,banana leaves,12400
fd-7551,2021-04-05,Kansanga,Maize,19200
fd-7552,2020-04-07,Kansanga,MAIZE,5300
fd-7553,2021-08-01,Mukono,eggs,12300
fd-7554,2021-03-18,Bwaise,fish,24000
fd-7555,2022-04-28,Mukono,beans,23100
fd-7555,2022-04-28,Mukono,beans,23100
fd-7556,2021-04-02,Kansanga,Maize,14500
fd-7557,2020-06-26,Mukono,fish,10000
fd-7558,2020-04-09,Kansanga,eggs,20000
fd-7559,2021-10-19,Nakasero,CASSAVA,5100
fd-7560,2022-09-07,Bwaise,beans,14600
fd-7561,2020-08-07,Kansanga,fish,5600
fd-7562,2020-05-19,,CASSAVA,18200
fd-7563,2022-15-48,Kansanga,beans,15000
fd-7564,2020-01-04,Nakasero,CASSAVA,22300
fd-7565,2022-02-12,Nakasero,eggs,8500
fd-7566,2021-11-09,,eggs,12700
fd-7567,2022-07-30,Mukono,fish,20200
fd-7568,2021-05-20,Bwaise,fish,24800
fd-7569,2021-03-09,Bwaise,Beans,500
fd-7570,2020-01-27,Nakasero,eggs,15100
fd-7571,2020-10-19,,CASSAVA,17400
fd-7572,2020-12-22,Bwaise,fish,22900
fd-7573,2021-03-11,,MAIZE,18800
fd-7574,2023-16-47,,maize,17300
fd-7575,2022-04-27,Bwaise,Beans,4200
fd-7575,2022-04-27,Bwaise,Beans,4200
fd-7576,2022-02-24,Bwaise,eggs,22700
fd-7577,2022-01-17,Bwaise,CASSAVA,19500
fd-7578,2020-06-20,Nakasero,Maize,-1800
fd-7579,2021-07-28,Bwaise,Beans,19200
fd-7580,2021-06-22,Bwaise,Beans,23100
fd-7581,2020-06-21,Kansanga,maize,6000
fd-7582,2021-04-24,Kansanga,maize,-3100
fd-7583,2020-12-21,Mukono,Cassava,5300
fd-7583,2021-07-29,,Beans,5700
fd-7585,2022-08-26,Nakasero,Maize,5000
fd-7586,2022-09-12,Mukono,maize,19600
fd-7587,2021-08-14,Nakasero,Maize,14900
fd-7588,2020-08-28,Kansanga,beans,16900
fd-7589,2020-12-18,,maize,5200
fd-7590,2021-06-17,Bwaise,beans,23300
fd-7591,2021-03-28,,Cassava,2900
fd-7592,2022-05-31,Bwaise,banana leaves,11600
fd-7593,2022-07-07,Nakasero,CASSAVA,19500
fd-7594,2020-02-22,Mukono,CASSAVA,20100
fd-7595,2022-08-01,Mukono,eggs,7600
fd-7596,2020-06-01,Mukono,CASSAVA,9200
fd-7596,2020-06-01,Mukono,CASSAVA,9200
fd-7597,2021-01-16,Nakasero,fish,18300
fd-7598,2022-08-09,Mukono,beans,18200
fd-7599,2020-11-07,Bwaise,Maize,23300
fd-7600,2021-09-18,Nakasero,banana leaves,4200
fd-7601,2021-11-18,,Beans,7200
fd-7602,2021-07-15,Mukono,beans,7600
fd-7603,2026-19-40,Mukono,Maize,2400
fd-7604,2023-16-47,Bwaise,fish,9400
fd-7605,2022-03-02,Nakasero,banana leaves,10700
fd-7606,2021-05-28,Mukono,banana leaves,21900
fd-7607,2021-04-05,,Maize,8300
fd-7608,2022-07-02,Bwaise,beans,23800
fd-7609,2022-09-25,Nakasero,banana leaves,17600
fd-7609,2022-09-25,Nakasero,banana leaves,17600
fd-7610,2020-01-06,Kansanga,banana leaves,20500
fd-7611,2020-07-11,Bwaise,Maize,19800
fd-7612,2020-10-21,Mukono,eggs,15100
fd-7613,2021-08-03,Mukono,Cassava,17400
fd-7614,2021-08-12,Mukono,CASSAVA,12600
fd-7615,2021-09-11,Bwaise,maize,11200
fd-7616,2020-12-28,Nakasero,fish,6600
fd-7617,2021-03-21,Kansanga,Beans,19000
fd-7618,2021-06-06,Mukono,MAIZE,13900
fd-7619,2021-04-25,,Cassava,23600
fd-7620,2021-09-04,Kansanga,maize,7600
fd-7620,2021-09-04,Kansanga,maize,7600
fd-7621,2021-04-20,Kansanga,MAIZE,24000
fd-7622,2020-04-26,Mukono,banana leaves,5900
fd-7623,2021-01-06,Mukono,fish,-3000
fd-7624,2021-04-24,Kansanga,maize,22000
fd-7625,2021-03-30,Kansanga,Beans,6500
fd-7626,2020-11-04,Kansanga,banana leaves,12000
fd-7627,2022-05-24,,maize,2600
fd-7628,2021-12-10,,maize,21600
fd-7629,2021-10-26,Nakasero,MAIZE,14200
fd-7630,2021-04-12,Bwaise,banana leaves,22500
fd-7630,2021-04-12,Bwaise,banana leaves,22500
fd-7631,2021-02-15,Kansanga,Beans,8900
fd-7632,2020-09-03,Mukono,Beans,19900
fd-7633,2022-03-13,,Maize,4700
fd-7634,2021-03-24,,eggs,11200
fd-7634,2021-03-24,,eggs,11200
fd-7635,2021-06-07,Mukono,Maize,5200
fd-7636,2020-06-24,Bwaise,banana leaves,12200
fd-7637,2021-10-06,Kansanga,MAIZE,11700
fd-7638,2020-05-10,Kansanga,Maize,21900
fd-7639,2022-07-31,Mukono,Maize,18500
fd-7640,2020-05-15,Mukono,maize,22900
fd-7641,2022-01-10,Kansanga,CASSAVA,1000
fd-7642,2022-01-05,Nakasero,eggs,3000
fd-7643,2020-11-27,Kansanga,MAIZE,24600
fd-7644,2020-04-19,,beans,8200
fd-7645,2020-12-18,Bwaise,banana leaves,12400
fd-7646,2021-01-28,Bwaise,banana leaves,2000
fd-7647,2022-02-15,,fish,-5000
fd-7648,2022-05-01,Nakasero,Beans,22500
fd-7649,2021-01-11,Mukono,MAIZE,18300
fd-7650,2020-01-16,Mukono,CASSAVA,2800
fd-7651,2021-12-27,Nakasero,Beans,14800
fd-7652,2021-01-20,Bwaise,Beans,15200
fd-7653,2020-05-19,Mukono,eggs,12500
fd-7654,2021-10-09,Kansanga,Beans,20700
fd-7655,2020-02-18,Bwaise,MAIZE,6300
fd-7656,2021-02-16,Kansanga,beans,7600
fd-7657,2022-09-06,Nakasero,Maize,20900
fd-7658,2020-03-08,Mukono,Maize,20600
fd-7659,2026-19-40,,banana leaves,2300
fd-7660,2020-05-08,Mukono,Maize,3500
fd-7661,2020-09-08,Mukono,maize,20500
fd-7662,2020-09-25,Kansanga,maize,-3700
fd-7663,2020-12-14,Kansanga,Cassava,13600
fd-7664,2022-05-12,,Beans,22900
fd-7665,2022-03-08,,eggs,6400
fd-7665,2020-08-07,Bwaise,beans,18300
fd-7667,2021-02-23,,Cassava,16000
fd-7668,2020-12-26,,MAIZE,3700
fd-7669,2022-06-13,Nakasero,Beans,8900
fd-7670,2022-06-11,Mukono,Maize,24300
fd-7671,2021-11-28,Mukono,fish,5800
fd-7672,2021-10-11,,beans,22300
fd-7673,2022-03-15,Kansanga,banana leaves,24500
fd-7674,2020-09-25,Bwaise,Maize,15600
fd-7675,2020-05-15,Kansanga,maize,7600
fd-7676,2022-07-14,,MAIZE,9700
fd-7677,2020-08-04,,Beans,12500
fd-7678,2022-07-06,Nakasero,banana leaves,7300
fd-7679,2023-16-47,Kansanga,CASSAVA,22300
fd-7680,2021-04-16,,maize,20500
fd-7681,2021-02-08,Bwaise,maize,11700
fd-7682,2022-04-16,,Maize,21400
fd-7683,2021-06-13,,Maize,24100
fd-7684,2021-03-29,Bwaise,banana leaves,17900
fd-7685,2020-14-50,Kansanga,fish,3500
fd-7686,2022-09-19,,Beans,21200
fd-7687,2021-12-24,Kansanga,MAIZE,23900
fd-7688,2020-05-06,Nakasero,beans,13900
fd-7689,2022-05-16,Nakasero,banana leaves,11700
fd-7690,2021-01-29,Bwaise,eggs,11000
fd-7691,2021-13-49,Bwaise,MAIZE,20700
fd-7692,2021-05-29,Nakasero,fish,3000
fd-7693,2021-09-13,Bwaise,maize,17500
fd-7694,2021-12-19,Bwaise,MAIZE,1700
fd-7695,2020-03-11,Kansanga,Cassava,19900
fd-7696,2021-11-27,Kansanga,fish,18400
fd-7697,2021-04-04,Nakasero,maize,1100
fd-7698,2021-05-07,Kansanga,eggs,10100
fd-7699,2022-04-29,,Beans,24400
fd-7700,2022-07-27,Bwaise,maize,11500
fd-7701,2022-01-16,Nakasero,Cassava,7700
fd-7702,2022-07-26,Kansanga,beans,7300
fd-7703,2020-05-02,Mukono,banana leaves,11300
fd-7704,2020-01-20,Nakasero,Beans,7900
fd-7705,2022-01-23,,Beans,12000
fd-7706,2021-09-02,Nakasero,Beans,-1100
fd-7707,2021-04-18,Bwaise,MAIZE,16900
fd-7708,2022-09-01,,MAIZE,17900
fd-7709,2021-02-20,Kansanga,fish,900
fd-7710,2022-08-21,Bwaise,fish,10700
fd-7711,2020-08-04,Kansanga,Maize,3600
fd-7712,2021-10-30,Kansanga,maize,5800
fd-7713,2020-01-30,Mukono,Beans,21700
fd-7714,2023-16-47,,banana leaves,20200
fd-7715,2022-05-15,Mukono,maize,17100
fd-7716,2021-09-03,Mukono,Beans,6000
fd-7717,2021-06-19,Nakasero,maize,10500
fd-7718,2024-17-45,,CASSAVA,19300
fd-7719,2021-12-15,Kansanga,banana leaves,5700
fd-7720,2021-04-12,,maize,13500
fd-7721,2025-18-37,Kansanga,Cassava,8000
fd-7721,2025-18-37,Kansanga,Cassava,8000
fd-7722,2021-08-18,Nakasero,CASSAVA,20000
fd-7723,2022-04-09,,MAIZE,16900
fd-7724,2021-01-24,Kansanga,CASSAVA,14700
fd-7725,2021-02-21,Kansanga,CASSAVA,14200
fd-7726,2020-08-30,Kansanga,Maize,23600
fd-7727,2021-01-12,,Beans,5000
fd-7728,2021-06-18,Kansanga,beans,5800
fd-7729,2022-01-27,Bwaise,MAIZE,800
fd-7730,2022-08-04,,fish,4300
fd-7731,2020-10-03,Mukono,maize,24700
fd-7732,2022-04-11,Nakasero,CASSAVA,18800
fd-7733,2021-03-22,Mukono,banana leaves,9400
fd-7734,2020-07-09,Mukono,MAIZE,23200
fd-7735,2022-02-06,Mukono,fish,16800
fd-7735,2022-02-06,Mukono,fish,16800
fd-7736,2022-03-16,Nakasero,CASSAVA,6800
fd-7737,2020-07-01,Nakasero,CASSAVA,6100
fd-7738,2022-04-23,Nakasero,Cassava,20300
fd-7739,2026-19-40,Bwaise,banana leaves,4800
fd-7740,2022-01-07,,CASSAVA,17100
fd-7741,2022-04-27,Nakasero,beans,19500
fd-7742,2021-07-16,Bwaise,banana leaves,1100
fd-7743,2020-11-25,Kansanga,banana leaves,5000
fd-7744,2020-06-06,Kansanga,fish,23100
fd-7745,2022-01-04,Nakasero,banana leaves,4000
fd-7746,2022-09-25,Kansanga,banana leaves,9800
fd-7747,2021-05-17,,MAIZE,21400
fd-7747,2021-05-17,,MAIZE,21400
fd-7748,2024-17-45,Bwaise,eggs,5300
fd-7748,2024-17-45,Bwaise,eggs,5300
fd-7749,2025-18-37,Bwaise,banana leaves,700
fd-7750,2020-05-22,Nakasero,Cassava,10700
fd-7751,2022-09-02,Bwaise,Maize,18400
fd-7752,2022-09-01,Nakasero,fish,6200
fd-7753,2020-05-27,Bwaise,beans,9200
fd-7753,2020-05-27,Bwaise,beans,9200
fd-7754,2020-02-29,,eggs,21600
fd-7755,2021-10-25,,beans,22400
fd-7756,2022-09-05,Bwaise,MAIZE,24300
fd-7757,2020-05-02,,banana leaves,3100
fd-7757,2020-05-02,,banana leaves,3100
fd-7758,2021-02-13,Bwaise,MAIZE,4100
fd-7759,2021-12-10,Nakasero,MAIZE,9000
fd-7760,2021-04-02,Bwaise,MAIZE,23900
fd-7760,2021-04-02,Bwaise,MAIZE,23900
fd-7761,2021-09-17,,CASSAVA,8800
fd-7762,2021-11-30,Kansanga,eggs,-3000
fd-7763,2020-02-23,,eggs,14800
fd-7764,2020-02-21,Mukono,Cassava,21700
fd-7765,2021-04-10,Kansanga,eggs,24900
fd-7766,2021-06-03,Nakasero,banana leaves,16400
fd-7767,2020-11-20,Kansanga,eggs,11300
fd-7768,2022-09-20,,maize,18000
fd-7769,2022-09-10,Nakasero,maize,19900
fd-7770,2022-02-19,Mukono,banana leaves,24600
fd-7771,2022-07-12,Mukono,CASSAVA,13600
fd-7772,2022-03-27,,Beans,9000
fd-7773,2020-04-28,Kansanga,eggs,15100
fd-7774,2021-12-10,Mukono,Maize,11000
fd-7775,2021-04-15,Nakasero,CASSAVA,4100
fd-7775,2021-04-15,Nakasero,CASSAVA,4100
fd-7776,2022-06-06,Nakasero,beans,20300
fd-7777,2021-12-27,Kansanga,Maize,16400
fd-7778,2021-12-29,,maize,5900
fd-7779,2020-05-18,Bwaise,maize,800
fd-7780,2021-06-30,Kansanga,Maize,23600
fd-7781,2020-07-19,,eggs,8000
fd-7782,2026-19-40,Nakasero,beans,8600
fd-7783,2021-12-29,,Beans,1400
fd-7784,2021-10-03,,Maize,18200
fd-7785,2021-08-02,Kansanga,eggs,6300
fd-7786,2021-06-21,Mukono,banana leaves,17600
fd-7787,2022-05-14,,Cassava,19400
fd-7788,2020-10-10,Kansanga,CASSAVA,6900
fd-7789,2022-05-22,Kansanga,banana leaves,19200
fd-7790,2021-04-23,Kansanga,banana leaves,13800
fd-7791,2020-10-07,,Maize,12000
fd-7792,2020-06-19,Kansanga,MAIZE,15500
fd-7793,2022-02-03,Mukono,fish,11500
fd-7794,2020-05-14,Bwaise,CASSAVA,6300
fd-7795,2020-04-27,Nakasero,MAIZE,24400
fd-7796,2020-03-11,Mukono,beans,2700
fd-7797,2021-07-09,Bwaise,Cassava,12400
fd-7798,2021-04-22,Mukono,banana leaves,9500
fd-7799,2020-11-04,Kansanga,Beans,14900
fd-7800,2021-01-25,,eggs,21600
fd-7801,2021-05-31,Kansanga,Maize,10000
fd-7802,2020-05-08,,Maize,16200
fd-7803,2021-13-49,,maize,18300
fd-7804,2020-14-50,Kansanga,CASSAVA,4300
fd-7805,2022-01-20,Kansanga,eggs,8600
fd-7805,2022-01-20,Kansanga,eggs,8600
fd-7806,2020-02-18,Bwaise,MAIZE,2300
fd-7807,2021-10-01,Bwaise,MAIZE,8900
fd-7808,2021-12-11,Nakasero,beans,16300
fd-7809,2021-12-27,,MAIZE,14800
fd-7810,2022-04-15,Mukono,CASSAVA,13800
fd-7811,2022-02-28,,beans,600
fd-7812,2021-03-15,,fish,6700
fd-7813,2020-11-20,,eggs,18300
fd-7814,2020-01-30,,Maize,3000
fd-7815,2021-02-19,Bwaise,Beans,23900
fd-7816,2020-03-17,Mukono,MAIZE,13200
fd-7817,2022-01-23,Mukono,banana leaves,10800
fd-7818,2022-06-04,Nakasero,beans,22500
fd-7819,2021-05-27,Nakasero,maize,3700
fd-7820,2020-02-29,Mukono,beans,2000
fd-7821,2022-02-19,Mukono,MAIZE,20700
fd-7822,2021-11-07,Kansanga,fish,6800
fd-7823,2020-09-29,Mukono,banana leaves,16000
fd-7824,2022-06-30,,beans,10400
fd-7825,2021-01-24,Kansanga,banana leaves,3700
fd-7826,2020-06-06,Mukono,fish,9400
fd-7827,2022-03-19,,Beans,19100
fd-7828,2020-10-23,Nakasero,banana leaves,23200
fd-7829,2022-05-05,Kansanga,Beans,18400
fd-7830,2021-04-30,Bwaise,MAIZE,11600
fd-7831,2020-02-18,Bwaise,MAIZE,8600
fd-7832,2022-06-26,Bwaise,CASSAVA,9300
fd-7833,2021-01-09,Nakasero,maize,900
fd-7834,2020-09-14,Kansanga,CASSAVA,5300
fd-7835,2021-06-16,Bwaise,banana leaves,-3200
fd-7836,2020-01-05,Kansanga,Cassava,16300
fd-7837,2021-08-15,Mukono,CASSAVA,24100
fd-7838,2021-05-26,Kansanga,beans,7600
fd-7839,2020-12-30,Nakasero,beans,-2100
fd-7840,2021-01-05,Kansanga,Beans,-1700
fd-7841,2020-03-13,Nakasero,banana leaves,4600
fd-7842,2020-02-04,Bwaise,MAIZE,8100
fd-7843,2021-05-14,Nakasero,fish,6700
fd-7844,2020-02-17,Nakasero,fish,1500
fd-7845,2020-09-26,Bwaise,Beans,3900
fd-7846,2020-06-13,Kansanga,Maize,1500
fd-7847,2020-07-24,Mukono,beans,19800
fd-7848,2020-12-09,Mukono,fish,20400
fd-7849,2022-04-13,Nakasero,eggs,19800
fd-7850,2021-06-07,Mukono,Cassava,17300
fd-7851,2020-04-17,,fish,17100
fd-7852,2021-05-01,Bwaise,MAIZE,21400
fd-7853,2020-11-21,Kansanga,beans,22800
fd-7854,2021-10-15,Nakasero,Beans,17100
fd-7855,2022-06-01,Kansanga,beans,24000
fd-7856,2021-01-08,Nakasero,Maize,2800
fd-7857,2021-04-29,Kansanga,maize,21500
fd-7858,2021-02-03,Kansanga,banana leaves,3100
fd-7859,2022-04-07,,MAIZE,-2800
fd-7860,2021-03-08,Nakasero,Cassava,-1100
fd-7861,2020-07-24,Bwaise,eggs,11200
fd-7862,2020-07-25,Bwaise,eggs,9100
fd-7863,2020-10-19,,Beans,22900
fd-7864,2020-06-27,Mukono,Cassava,11000
fd-7865,2021-12-15,Mukono,maize,1200
fd-7866,2020-02-10,Mukono,eggs,24900
fd-7867,2021-07-28,Mukono,fish,13800
fd-7868,2021-12-22,,Maize,5200
fd-7869,2020-12-19,Mukono,MAIZE,20400
fd-7870,2020-03-04,Mukono,MAIZE,19300
fd-7871,2021-04-12,Nakasero,banana leaves,5600
fd-7872,2022-06-04,Kansanga,Cassava,12800
fd-7873,2020-07-13,Bwaise,fish,-1700
fd-7874,2021-11-29,Mukono,Maize,10100
fd-7874,2021-07-26,Kansanga,beans,16400
fd-7875,2022-05-26,Bwaise,Maize,7200
fd-7877,2020-08-19,Nakasero,banana leaves,6100
fd-7878,2020-01-31,Bwaise,CASSAVA,10200
fd-7879,2021-02-22,Kansanga,fish,18800
fd-7880,2021-04-09,Bwaise,MAIZE,13300
fd-7880,2021-04-09,Bwaise,MAIZE,13300
fd-7881,2021-10-01,Kansanga,eggs,12500
fd-7882,2020-03-10,Bwaise,Maize,22400
fd-7883,2021-11-23,,banana leaves,11000
fd-7884,2020-08-30,Mukono,Maize,13200
fd-7885,2020-12-10,,beans,12300
fd-7886,2020-11-16,Bwaise,Maize,-4900
fd-7887,2021-05-02,Mukono,CASSAVA,24900
fd-7888,2020-05-14,Mukono,MAIZE,3700
fd-7888,2021-07-08,Kansanga,banana leaves,5200
fd-7890,2021-07-18,Kansanga,Beans,11800
fd-7891,2021-12-22,,Cassava,6400
fd-7892,2020-11-25,Nakasero,beans,15500
fd-7893,2021-05-24,Bwaise,banana leaves,20800
fd-7894,2022-02-11,,maize,800
fd-7895,2021-05-19,Bwaise,eggs,17600
fd-7896,2020-07-11,,banana leaves,22100
fd-7897,2021-10-12,Bwaise,maize,16300
fd-7897,2021-10-12,Bwaise,maize,16300
fd-7898,2020-01-08,Kansanga,Cassava,8600
fd-7899,2020-06-10,Kansanga,beans,8100
fd-7900,2020-06-14,Bwaise,Beans,7300
fd-7901,2022-02-03,Bwaise,eggs,2800
fd-7902,2021-05-09,Nakasero,maize,2300
fd-7903,2022-07-09,Mukono,fish,5900
fd-7903,2022-07-09,Mukono,fish,5900
fd-7904,2020-02-14,Mukono,maize,9300
fd-7905,2021-08-20,,maize,19700
fd-7906,2021-11-10,,Cassava,2200
fd-7907,2021-02-17,,beans,13300
fd-7908,2020-06-15,Nakasero,MAIZE,14900
fd-7909,2021-12-10,Kansanga,beans,5100
fd-7910,2020-03-29,,eggs,12200
fd-7911,2021-09-16,Nakasero,MAIZE,6100
fd-7912,2022-07-01,Nakasero,MAIZE,3800
fd-7913,2021-12-06,Nakasero,MAIZE,24400
fd-7914,2022-06-21,Kansanga,CASSAVA,4400
fd-7915,2021-06-13,Kansanga,eggs,8000
fd-7916,2020-12-25,Bwaise,eggs,7000
fd-7917,2021-10-27,Kansanga,eggs,23900
fd-7918,2021-06-05,Bwaise,CASSAVA,14600
fd-7919,2022-03-25,Kansanga,banana leaves,2700
fd-7920,2021-05-16,Bwaise,maize,23800
fd-7921,2021-06-24,Mukono,beans,22600
fd-7922,2020-05-09,,fish,7000
fd-7923,2020-01-22,Kansanga,Beans,-3400
fd-7924,2022-03-01,Nakasero,Beans,1900
fd-7925,2021-07-12,Mukono,fish,20300
fd-7926,2021-07-22,,banana leaves,-3100
fd-7926,2021-07-22,,banana leaves,-3100
fd-7927,2021-08-29,Kansanga,maize,24300
fd-7928,2020-04-29,Nakasero,Cassava,9000
fd-7929,2022-06-16,Mukono,Maize,16200
fd-7929,2020-12-07,Bwaise,Cassava,4600
fd-7931,2022-06-25,Nakasero,CASSAVA,24500
fd-7931,2022-06-25,Nakasero,CASSAVA,24500
fd-7932,2021-05-23,Mukono,maize,23300
fd-7933,2021-04-07,Nakasero,banana leaves,4400
fd-7934,2020-07-26,Nakasero,fish,21300
fd-7934,2020-07-26,Nakasero,fish,21300
fd-7935,2022-03-29,Bwaise,Maize,3000
fd-7936,2021-02-08,Bwaise,Maize,17700
fd-7937,2022-06-11,Mukono,Maize,16700
fd-7938,2021-11-29,Nakasero,beans,12300
fd-7939,2022-09-22,Mukono,MAIZE,15000
fd-7939,2022-09-22,Mukono,MAIZE,15000
fd-7940,2020-07-16,Nakasero,Maize,21800
fd-7941,2021-12-10,Mukono,CASSAVA,13900
fd-7942,2021-07-23,Kansanga,MAIZE,9300
fd-7943,2020-03-31,Nakasero,Beans,8100
fd-7944,2022-03-08,Kansanga,MAIZE,14900
fd-7945,2020-12-21,,beans,10300
fd-7945,2020-12-21,,beans,10300
fd-7946,2021-05-10,Kansanga,maize,18600
fd-7947,2021-05-11,Bwaise,Beans,19800
fd-7948,2020-09-17,Nakasero,Beans,4500
fd-7949,2021-05-15,Nakasero,MAIZE,700
fd-7950,2021-03-01,Bwaise,beans,24200
fd-7950,2020-09-19,Bwaise,Beans,24300
fd-7952,2020-08-22,Kansanga,eggs,23000
fd-7953,2020-11-14,,Cassava,17200
fd-7954,2022-07-12,Bwaise,MAIZE,11300
fd-7955,2020-01-27,Bwaise,MAIZE,15100
fd-7956,2020-07-16,Bwaise,fish,4100
fd-7957,2024-17-45,Kansanga,CASSAVA,5100
fd-7958,2022-06-28,Bwaise,maize,-3800
fd-7958,2022-06-28,Bwaise,maize,-3800
fd-7959,2020-10-14,Bwaise,maize,22700
fd-7960,2020-11-04,Nakasero,eggs,1500
fd-7961,2022-01-15,Kansanga,eggs,13700
fd-7962,2020-07-12,Kansanga,Beans,24400
fd-7963,2021-08-13,Kansanga,fish,11000
fd-7964,2021-10-20,Nakasero,beans,24200
fd-7965,2021-05-24,Kansanga,eggs,10800
fd-7966,2020-08-02,Mukono,fish,17700
fd-7967,2021-02-13,Bwaise,eggs,6500
fd-7968,2020-04-09,Nakasero,beans,12900
fd-7969,2021-04-12,Mukono,Beans,8900
fd-7970,2022-08-12,Nakasero,maize,14500
fd-7971,2020-12-27,Mukono,MAIZE,14300
fd-7972,2020-10-07,,maize,7800
fd-7973,2022-08-16,Nakasero,Cassava,19000
fd-7974,2021-03-08,Nakasero,Maize,17900
fd-7975,2022-05-16,Mukono,banana leaves,10300
fd-7976,2021-04-03,Kansanga,Beans,14600
fd-7977,2021-11-30,Bwaise,eggs,10200
fd-7978,2021-08-16,Kansanga,banana leaves,7200
fd-7979,2022-05-18,,Maize,21500
fd-7980,2022-02-10,Nakasero,MAIZE,17500
fd-7981,2021-12-19,Kansanga,fish,23100
fd-7982,2021-04-03,,Cassava,15200
fd-7982,2020-03-29,Mukono,Cassava,8700
fd-7984,2021-02-07,,CASSAVA,22400
fd-7985,2020-02-28,Mukono,Beans,19200
fd-7986,2020-01-22,Nakasero,beans,2600
fd-7987,2020-11-02,,fish,22000
fd-7988,2020-10-22,Bwaise,Cassava,4700
fd-7989,2022-15-48,Mukono,MAIZE,17600
fd-7990,2021-05-28,,eggs,1400
fd-7991,2021-04-08,Nakasero,eggs,18700
fd-7992,2025-18-37,,MAIZE,1600
fd-7993,2020-06-03,,Beans,21900
fd-7994,2021-04-13,Bwaise,Cassava,7900
fd-7995,2020-01-09,,Cassava,2200
fd-7996,2021-08-15,Nakasero,CASSAVA,7400
fd-7997,2021-01-31,Nakasero,MAIZE,17800
fd-7998,2021-05-27,Nakasero,fish,16400
fd-7999,2022-01-05,Kansanga,beans,17400
fd-8000,2020-03-23,Bwaise,eggs,12900
fd-8000,2020-03-23,Bwaise,eggs,12900
fd-8001,2022-02-14,Kansanga,maize,5200
fd-8002,2020-10-03,Bwaise,Cassava,8500
fd-8003,2021-06-30,Kansanga,maize,15800
fd-8004,2021-09-27,,beans,12700
fd-8005,2022-01-26,Mukono,banana leaves,13900
fd-8006,2021-06-10,Bwaise,fish,21100
fd-8007,2022-04-05,Kansanga,fish,14000
fd-8008,2020-12-06,Bwaise,MAIZE,15200
fd-8009,2020-02-12,Bwaise,Cassava,20500
fd-8010,2020-01-23,Bwaise,fish,23000
fd-8011,2022-01-08,Kansanga,beans,24700
fd-8012,2022-01-24,,maize,15300
fd-8013,2021-07-05,,maize,13700
fd-8014,2022-05-06,Kansanga,Beans,12800
fd-8015,2022-02-06,Bwaise,Cassava,23600
fd-8016,2021-09-25,Bwaise,MAIZE,7400
fd-8017,2020-07-06,Mukono,maize,19900
fd-8018,2020-07-09,Mukono,beans,15100
fd-8019,2022-01-10,Mukono,Maize,7000
fd-8020,2022-04-11,Bwaise,CASSAVA,23700
fd-8021,2021-09-06,Bwaise,banana leaves,20800
fd-8022,2021-13-49,Bwaise,CASSAVA,-3900
fd-8023,2020-01-08,,Beans,-2100
fd-8024,2020-03-21,Mukono,eggs,18100
fd-8025,2021-03-08,Nakasero,banana leaves,5300
fd-8026,2021-07-15,Mukono,maize,7600
fd-8027,2022-07-28,Kansanga,CASSAVA,7000
fd-8028,2022-08-22,Mukono,beans,14000
fd-8029,2022-07-12,Kansanga,Maize,24000
fd-8030,2020-03-17,Mukono,Cassava,20400
fd-8031,2022-08-30,,MAIZE,8200
fd-8031,2022-08-30,,MAIZE,8200
fd-8032,2021-08-16,Nakasero,fish,7300
fd-8033,2022-03-24,Mukono,fish,17400
fd-8034,2020-08-23,Bwaise,MAIZE,22500
fd-8035,2021-03-26,,eggs,3400
fd-8036,2020-01-07,,fish,9300
fd-8037,2020-05-21,Nakasero,banana leaves,3500
fd-8038,2021-05-01,Kansanga,maize,19600
fd-8039,2020-02-26,,Maize,2700
fd-8040,2020-09-02,,CASSAVA,23500
fd-8041,2020-11-13,Mukono,maize,5400
fd-8042,2020-11-25,,Cassava,2300
fd-8043,2021-07-27,Nakasero,beans,18400
fd-8044,2022-05-03,,banana leaves,23100
fd-8045,2021-12-19,Bwaise,banana leaves,4600
fd-8045,2021-08-23,Kansanga,Beans,18300
fd-8047,2022-09-16,Nakasero,Maize,-4900
fd-8048,2021-08-29,Bwaise,eggs,-3600
fd-8049,2022-05-15,Nakasero,Maize,5400
fd-8050,2020-02-13,Nakasero,banana leaves,1300
fd-8051,2021-01-17,Mukono,fish,21500
fd-8052,2021-05-01,Mukono,beans,2100
fd-8053,2022-06-30,,CASSAVA,14900
fd-8054,2020-06-18,,beans,8100
fd-8055,2020-02-25,Bwaise,Maize,16200
fd-8055,2022-04-25,Bwaise,Beans,6900
fd-8057,2021-13-49,Kansanga,beans,24800
fd-8058,2020-02-24,,fish,17100
fd-8059,2021-01-24,Mukono,beans,9600
fd-8060,2020-04-24,,banana leaves,10500
fd-8061,2020-10-20,Kansanga,beans,6900
fd-8062,2020-08-10,Mukono,Beans,3100
fd-8063,2020-12-24,Bwaise,Beans,-1500
fd-8064,2022-05-08,,maize,20000
fd-8065,2021-08-06,Nakasero,eggs,6900
fd-8066,2022-05-04,,eggs,12900
fd-8067,2022-03-05,,Beans,2400
fd-8068,2024-17-45,Mukono,Beans,23600
fd-8069,2021-11-22,,MAIZE,12600
fd-8069,2021-11-22,,MAIZE,12600
fd-8070,2022-01-30,Nakasero,Cassava,18300
fd-8071,2020-04-11,Nakasero,Cassava,5900
fd-8071,2020-04-11,Nakasero,Cassava,5900
fd-8072,2021-04-09,,fish,9400
fd-8072,2021-04-09,,fish,9400
fd-8073,2020-03-18,Kansanga,maize,1500
fd-8074,2020-04-22,Kansanga,eggs,20300
fd-8075,2021-01-11,Nakasero,eggs,8300
fd-8076,2020-11-24,Bwaise,Maize,11200
fd-8077,2021-01-19,Mukono,MAIZE,5600
fd-8078,2021-11-17,Mukono,maize,19300
fd-8079,2021-07-06,Mukono,fish,1700
fd-8080,2022-09-03,Nakasero,maize,17800
fd-8081,2021-12-21,,beans,8000
fd-8082,2020-02-08,Bwaise,Cassava,4100
fd-8083,2021-12-27,,beans,24100
fd-8084,2020-10-19,Kansanga,CASSAVA,6600
fd-8085,2022-05-09,Bwaise,banana leaves,5400
fd-8085,2022-05-09,Bwaise,banana leaves,5400
fd-8086,2022-09-25,Nakasero,CASSAVA,-4000
fd-8087,2022-01-27,Bwaise,maize,8600
fd-8088,2021-08-03,,fish,23100
fd-8089,2020-09-01,Kansanga,eggs,9100
fd-8089,2020-08-20,Mukono,maize,23000
fd-8091,2020-04-28,Nakasero,maize,12700
fd-8092,2020-06-21,Mukono,Cassava,8700
fd-8093,2020-08-27,Mukono,Beans,9000
fd-8094,2020-12-10,Nakasero,maize,5300
fd-8095,2021-06-30,,Maize,3100
fd-8096,2022-06-24,Nakasero,fish,1400
fd-8097,2022-07-20,Kansanga,Maize,7800
fd-8098,2021-03-21,,Cassava,21200
fd-8099,2020-06-30,Mukono,eggs,5900
fd-8100,2020-05-09,Kansanga,maize,9000
fd-8101,2021-12-12,Nakasero,maize,12000
fd-8102,2021-01-10,,maize,24100
fd-8103,2021-05-31,Nakasero,beans,24400
fd-8103,2021-05-31,Nakasero,beans,24400
fd-8104,2020-04-05,Nakasero,eggs,17600
fd-8105,2022-03-03,Nakasero,banana leaves,-2700
fd-8106,2021-06-30,Mukono,eggs,5200
fd-8107,2020-03-14,Nakasero,Cassava,7500
fd-8108,2020-09-10,Kansanga,maize,11000
fd-8109,2021-02-04,Bwaise,beans,4400
fd-8110,2020-12-27,Kansanga,CASSAVA,18700
fd-8110,2020-12-27,Kansanga,CASSAVA,18700
fd-8111,2020-05-18,Bwaise,eggs,14500
fd-8112,2021-12-20,Mukono,beans,500
fd-8113,2021-04-03,Nakasero,Beans,9500
fd-8114,2021-10-28,,MAIZE,1000
fd-8115,2021-05-01,Bwaise,Cassava,7000
fd-8116,2020-07-04,Mukono,beans,2200
fd-8117,2020-12-02,,eggs,8900
fd-8118,2022-06-29,Kansanga,eggs,2600
fd-8118,2022-06-29,Kansanga,eggs,2600
fd-8119,2022-08-23,Kansanga,beans,22800
fd-8120,2020-08-21,Nakasero,MAIZE,1000
fd-8121,2022-05-03,,banana leaves,9600
fd-8122,2021-12-03,,eggs,20500
fd-8123,2022-04-04,,eggs,20800
fd-8124,2020-06-16,Mukono,Beans,23600
fd-8125,2022-05-15,Mukono,fish,21500
fd-8126,2020-03-03,Mukono,eggs,19600
fd-8127,2022-03-22,Bwaise,Maize,21500
fd-8128,2020-12-23,,beans,10200
fd-8129,2022-02-25,Nakasero,Beans,7800
fd-8130,2021-08-25,Kansanga,banana leaves,14700
fd-8131,2020-10-06,Bwaise,banana leaves,2100
fd-8132,2021-04-21,,fish,6100
fd-8133,2022-01-14,,banana leaves,16000
fd-8134,2021-01-08,Kansanga,eggs,2900
fd-8135,2022-02-10,Mukono,Cassava,21500
fd-8136,2020-08-13,Nakasero,Maize,12000
fd-8137,2021-04-18,Bwaise,beans,13900
fd-8138,2024-17-45,Nakasero,CASSAVA,9000
fd-8139,2020-06-16,,eggs,13500
fd-8140,2021-02-01,Kansanga,MAIZE,23500
fd-8141,2021-08-10,Bwaise,banana leaves,13000
fd-8142,2022-02-01,Kansanga,CASSAVA,8000
fd-8143,2020-05-11,Kansanga,eggs,1100
fd-8144,2020-09-19,Mukono,fish,23700
fd-8145,2021-08-10,Mukono,Maize,10800
fd-8146,2020-01-05,Kansanga,banana leaves,-3000
fd-8147,2021-05-29,,Cassava,17400
fd-8148,2021-03-12,Nakasero,maize,18500
fd-8149,2020-01-27,Bwaise,MAIZE,6300
fd-8150,2020-03-26,Kansanga,Beans,23400
fd-8151,2020-07-06,Kansanga,Beans,2200
fd-8152,2020-07-24,Bwaise,banana leaves,22500
fd-8153,2021-12-29,Mukono,MAIZE,20100
fd-8154,2021-07-25,Nakasero,CASSAVA,10200
fd-8155,2021-07-20,Nakasero,maize,22700
fd-8156,2022-08-08,Nakasero,beans,2000
fd-8157,2022-06-14,Kansanga,Beans,19700
fd-8158,2020-09-14,Kansanga,Maize,3000
fd-8159,2020-08-25,Mukono,maize,-4700
fd-8160,2021-01-27,Mukono,maize,900
fd-8160,2021-01-27,Mukono,maize,900
fd-8161,2021-03-16,Nakasero,MAIZE,5900
fd-8162,2020-01-31,,beans,9000
fd-8163,2021-10-10,Mukono,MAIZE,1200
fd-8164,2022-04-20,Mukono,banana leaves,3100
fd-8165,2020-09-24,Nakasero,MAIZE,10700
fd-8166,2022-01-03,,fish,10400
fd-8167,2024-17-45,Bwaise,Cassava,20600
fd-8168,2020-06-05,Mukono,eggs,3700
fd-8169,2020-14-50,Nakasero,eggs,17200
fd-8170,2021-09-28,Nakasero,CASSAVA,-2400
fd-8171,2021-08-12,,Maize,4700
fd-8172,2020-09-21,Nakasero,banana leaves,3600
fd-8173,2021-03-10,,banana leaves,13100
fd-8174,2020-11-17,,maize,3700
fd-8175,2021-05-10,,maize,22400
fd-8176,2021-12-10,,banana leaves,24400
fd-8177,2021-08-14,Kansanga,maize,24800
fd-8178,2020-07-26,Bwaise,fish,-4900
fd-8179,2022-04-12,Bwaise,MAIZE,23200
fd-8180,2022-06-27,Nakasero,beans,700
fd-8181,2022-04-13,Bwaise,maize,-1100
fd-8182,2021-01-08,,Cassava,23200
fd-8183,2021-06-20,Mukono,banana leaves,5900
fd-8184,2021-10-22,Nakasero,Cassava,16400
fd-8185,2021-10-05,Nakasero,Maize,14200
fd-8185,2021-10-05,Nakasero,Maize,14200
fd-8186,2020-06-30,Nakasero,eggs,24300
fd-8187,2021-04-30,Kansanga,Maize,2000
fd-8188,2020-02-08,Mukono,Beans,17500
fd-8189,2021-05-16,Bwaise,beans,19000
fd-8190,2020-04-29,Bwaise,MAIZE,24000
fd-8191,2022-08-15,Mukono,Beans,18500
fd-8192,2021-09-20,,eggs,-4400
fd-8193,2021-04-20,Mukono,beans,23400
fd-8193,2021-04-20,Mukono,beans,23400
fd-8194,2022-09-22,Mukono,CASSAVA,10200
fd-8195,2020-07-11,Nakasero,Beans,19200
fd-8196,2021-12-01,Bwaise,fish,11400
fd-8197,2020-05-02,Kansanga,maize,5500
fd-8198,2022-01-04,Nakasero,fish,14200
fd-8199,2022-07-25,Mukono,MAIZE,2300
fd-8200,2022-07-04,Nakasero,Beans,5600
fd-8201,2021-09-03,Nakasero,eggs,4100
fd-8202,2021-07-20,Nakasero,banana leaves,3900
fd-8203,2022-04-29,Bwaise,banana leaves,18000
fd-8204,2021-13-49,Bwaise,fish,11100
fd-8205,2020-11-23,Nakasero,beans,1900
fd-8206,2021-06-14,Nakasero,banana leaves,21200
fd-8207,2020-02-21,Nakasero,eggs,18400
fd-8208,2021-08-15,,beans,18300
fd-8209,2020-01-02,Kansanga,maize,13200
fd-8210,2021-01-09,,beans,-2300
fd-8211,2021-08-10,,maize,500
fd-8212,2020-02-22,,fish,11300
fd-8213,2020-07-30,Bwaise,Cassava,15700
fd-8214,2021-08-15,Bwaise,Beans,10500
fd-8215,2021-12-13,Kansanga,banana leaves,7800
fd-8216,2021-12-20,Nakasero,fish,17100
fd-8217,2021-12-07,Mukono,beans,14300
fd-8218,2020-05-11,Mukono,Maize,11100
fd-8219,2021-06-10,Nakasero,maize,10200
fd-8220,2025-18-37,Mukono,Cassava,3500
fd-8221,2021-05-08,Kansanga,banana leaves,16500
fd-8222,2020-12-08,Mukono,beans,13400
fd-8222,2020-12-08,Mukono,beans,13400
fd-8223,2020-02-28,Nakasero,maize,6300
fd-8224,2022-15-48,Mukono,Maize,15000
fd-8225,2021-10-17,Bwaise,beans,2700
fd-8226,2020-06-09,,maize,3200
fd-8227,2022-06-11,Kansanga,Cassava,11800
fd-8228,2022-04-08,,eggs,7200
fd-8229,2021-06-19,Mukono,Cassava,12100
fd-8230,2021-11-06,,maize,15900
fd-8231,2020-11-07,Kansanga,Maize,15800
fd-8232,2020-06-16,Kansanga,eggs,4700
fd-8233,2020-08-24,Mukono,beans,13200
fd-8234,2026-19-40,,MAIZE,9100
fd-8235,2021-03-18,Nakasero,CASSAVA,16500
fd-8236,2020-09-18,,MAIZE,21700
fd-8237,2020-01-06,Kansanga,Maize,22900
fd-8238,2023-16-47,,MAIZE,8700
fd-8239,2021-12-20,Kansanga,banana leaves,17600
fd-8240,2021-03-15,,Maize,7700
fd-8241,2020-06-08,Nakasero,fish,6500
fd-8242,2021-03-29,Nakasero,CASSAVA,10300
fd-8243,2020-04-21,Nakasero,MAIZE,14100
fd-8244,2021-02-08,Mukono,beans,8500
fd-8244,2021-02-08,Mukono,beans,8500
fd-8245,2020-11-08,Kansanga,Cassava,23000
fd-8245,2020-11-08,Kansanga,Cassava,23000
fd-8246,2020-08-11,Mukono,eggs,16200
fd-8247,2021-01-20,Kansanga,banana leaves,16600
fd-8248,2020-11-08,Bwaise,beans,17200
fd-8249,2021-07-05,Kansanga,Cassava,3900
fd-8250,2022-09-25,Mukono,MAIZE,23800
fd-8251,2021-04-04,,banana leaves,9800
fd-8252,2021-08-19,Nakasero,maize,18500
fd-8253,2022-09-13,Mukono,maize,1700
fd-8254,2020-05-26,Nakasero,fish,16900
fd-8255,2022-05-21,Bwaise,beans,13100
fd-8256,2022-05-25,,Cassava,2700
fd-8257,2020-12-29,Bwaise,fish,-3100
fd-8258,2022-02-23,Kansanga,maize,19500
fd-8259,2025-18-37,Bwaise,eggs,4600
fd-8260,2020-09-06,,Maize,15900
fd-8261,2020-05-20,Bwaise,Beans,7900
fd-8262,2020-01-20,Nakasero,Beans,19000
fd-8263,2022-05-09,,Beans,2000
fd-8264,2020-11-19,Mukono,maize,21500
fd-8265,2021-06-09,Mukono,banana leaves,5600
fd-8266,2021-10-30,,Maize,17700
fd-8267,2021-01-18,Kansanga,maize,4000
fd-8268,2021-11-11,Mukono,MAIZE,20400
fd-8269,2022-05-22,Mukono,beans,20300
fd-8270,2021-11-03,,Maize,16300
fd-8271,2022-08-01,Nakasero,beans,18600
fd-8272,2022-01-28,Mukono,Beans,7700
fd-8273,2022-05-18,Nakasero,beans,9700
fd-8274,2020-10-28,Bwaise,Cassava,15700
fd-8275,2022-03-31,Kansanga,Cassava,2600
fd-8276,2021-07-29,Mukono,Cassava,20000
fd-8277,2021-03-25,,CASSAVA,14100
fd-8277,2021-03-25,,CASSAVA,14100
fd-8278,2021-04-27,,MAIZE,20900
fd-8279,2022-02-05,Kansanga,eggs,-3900
fd-8280,2021-09-04,Kansanga,MAIZE,16700
fd-8281,2021-09-20,Kansanga,banana leaves,19600
fd-8282,2022-04-04,Bwaise,Maize,12600
fd-8283,2021-12-10,,fish,18600
fd-8284,2020-08-19,,maize,17600
fd-8285,2022-07-01,,Beans,24600
fd-8286,2020-07-20,,Maize,14300
fd-8287,2021-04-25,Bwaise,fish,14400
fd-8288,2022-03-19,Bwaise,MAIZE,13600
fd-8289,2021-10-08,,beans,16800
fd-8290,2021-02-06,,CASSAVA,13000
fd-8291,2022-05-29,Kansanga,Maize,3100
fd-8292,2020-09-29,Mukono,banana leaves,21200
fd-8293,2021-10-07,Nakasero,Maize,16400
fd-8294,2020-10-16,Nakasero,maize,5400
fd-8295,2022-04-12,Bwaise,Cassava,20800
fd-8296,2022-03-05,Kansanga,fish,8300
fd-8297,2022-08-02,Bwaise,CASSAVA,18900
fd-8298,2021-03-06,,fish,4600
fd-8299,2021-12-05,,CASSAVA,15500
fd-8300,2020-03-29,Nakasero,CASSAVA,900
fd-8300,2020-03-29,Nakasero,CASSAVA,900
fd-8301,2020-08-04,,beans,10000
fd-8302,2020-01-28,Kansanga,Maize,500
fd-8303,2022-07-24,Bwaise,fish,7000
fd-8303,2022-07-24,Bwaise,fish,7000
fd-8304,2021-12-12,,Cassava,11400
fd-8305,2022-06-05,Mukono,maize,11800
fd-8306,2021-04-07,Nakasero,Maize,4900
fd-8307,2020-01-03,Bwaise,beans,500
fd-8308,2021-04-23,Bwaise,Maize,1300
fd-8309,2021-04-28,Mukono,fish,16500
fd-8310,2021-03-20,Kansanga,Maize,1800
fd-8311,2022-06-22,Kansanga,Beans,18100
fd-8311,2022-06-22,Kansanga,Beans,18100
fd-8312,2020-04-08,Kansanga,Cassava,22900
fd-8313,2021-12-20,Bwaise,MAIZE,5500
fd-8314,2021-01-20,Mukono,maize,8200
fd-8315,2022-06-13,,Cassava,20200
fd-8316,2020-10-28,,fish,9200
fd-8317,2021-07-25,Bwaise,beans,10300
fd-8317,2021-07-25,Bwaise,beans,10300
fd-8318,2022-05-27,Nakasero,eggs,9800
fd-8319,2021-01-12,Kansanga,Cassava,3400
fd-8320,2020-08-15,Bwaise,eggs,6400
fd-8320,2022-09-01,,CASSAVA,3100
fd-8320,2022-09-01,,CASSAVA,3100
fd-8322,2021-02-05,Nakasero,fish,18700
fd-8323,2020-02-04,Nakasero,Maize,20800
fd-8324,2021-11-26,Mukono,banana leaves,-3700
fd-8325,2021-04-26,Bwaise,banana leaves,20100
fd-8325,2020-02-03,Mukono,fish,2500
fd-8327,2020-03-21,,CASSAVA,12000
fd-8328,2020-10-08,Mukono,MAIZE,11400
fd-8329,2021-06-12,Nakasero,Maize,22600
fd-8330,2021-09-10,Bwaise,MAIZE,19600
fd-8331,2022-05-27,Nakasero,maize,13600
fd-8332,2020-12-19,,MAIZE,4800
fd-8332,2020-12-19,,MAIZE,4800
fd-8333,2021-12-18,Nakasero,fish,18500
fd-8334,2022-04-02,Nakasero,banana leaves,7600
fd-8335,2021-05-09,Bwaise,beans,24600
fd-8335,2021-05-09,Bwaise,beans,24600
fd-8336,2020-02-26,,maize,4200
fd-8337,2021-06-22,Kansanga,Maize,7800
fd-8338,2020-07-19,Bwaise,beans,2400
fd-8339,2020-03-01,Bwaise,Cassava,12700
fd-8340,2025-18-37,Bwaise,CASSAVA,24800
fd-8341,2021-12-26,Kansanga,banana leaves,20600
fd-8342,2022-07-07,Mukono,CASSAVA,3300
fd-8343,2021-12-20,Kansanga,Maize,3500
fd-8344,2021-05-24,Mukono,MAIZE,10000
fd-8345,2020-04-09,Mukono,fish,18500
fd-8346,2022-09-14,,Maize,7900
fd-8347,2022-04-07,Nakasero,Maize,8600
fd-8348,2021-06-12,,MAIZE,16200
fd-8349,2020-05-26,,fish,6300
fd-8350,2022-07-25,Mukono,beans,8100
fd-8351,2020-01-24,,maize,-1200
fd-8352,2021-03-13,Nakasero,MAIZE,15400
fd-8353,2022-03-12,Nakasero,MAIZE,19700
fd-8354,2020-11-26,Nakasero,Maize,23900
fd-8355,2021-11-19,Nakasero,Maize,12200
fd-8356,2020-07-29,Nakasero,beans,-3500
fd-8357,2022-03-22,Nakasero,Maize,-2900
fd-8358,2020-04-08,Mukono,fish,9400
fd-8359,2022-05-05,,Cassava,13500
fd-8360,2020-05-17,Nakasero,beans,16700
fd-8361,2022-02-15,,Maize,14700
fd-8362,2021-04-27,,Maize,23900
fd-8363,2020-05-01,Kansanga,MAIZE,20400
fd-8364,2022-03-10,Nakasero,Cassava,7100
fd-8365,2022-09-19,Nakasero,Maize,20600
fd-8366,2021-10-09,Nakasero,beans,20100
fd-8367,2020-07-04,Bwaise,maize,14400
fd-8367,2020-07-04,Bwaise,maize,14400
fd-8368,2020-04-27,Kansanga,beans,10100
fd-8369,2021-02-22,Kansanga,Maize,2500
fd-8370,2020-10-30,Kansanga,eggs,1300
fd-8371,2021-06-30,,fish,24200
fd-8372,2022-08-08,Nakasero,Maize,7900
fd-8372,2022-08-08,Nakasero,Maize,7900
fd-8373,2021-09-03,Nakasero,beans,8500
fd-8374,2020-12-30,Mukono,Cassava,18500
fd-8375,2022-04-11,Kansanga,CASSAVA,2200
fd-8376,2022-05-26,Mukono,fish,22700
fd-8377,2021-01-19,,Cassava,9700
fd-8378,2021-09-05,Bwaise,fish,7100
fd-8379,2021-02-15,Nakasero,Beans,10500
fd-8379,2021-02-15,Nakasero,Beans,10500
fd-8380,2021-08-28,Nakasero,MAIZE,5700
fd-8381,2022-06-08,,maize,21700
fd-8382,2021-10-28,Bwaise,banana leaves,6600
fd-8383,2020-01-30,Nakasero,Cassava,11600
fd-8384,2021-07-03,Kansanga,Maize,2000
fd-8385,2020-04-20,Bwaise,Cassava,2400
fd-8386,2020-02-02,Nakasero,Maize,10600
fd-8386,2020-02-02,Nakasero,Maize,10600
fd-8387,2020-09-04,Nakasero,maize,4400
fd-8388,2022-05-01,Nakasero,Maize,6400
fd-8389,2022-05-27,Bwaise,eggs,22200
fd-8389,2022-05-27,Bwaise,eggs,22200
fd-8390,2020-12-09,Bwaise,Maize,19300
fd-8391,2022-05-23,,MAIZE,19300
fd-8391,2022-05-23,,MAIZE,19300
fd-8392,2020-03-16,Mukono,MAIZE,20500
fd-8392,2020-03-16,Mukono,MAIZE,20500
fd-8393,2020-09-28,Kansanga,banana leaves,2100
fd-8394,2022-07-13,Bwaise,maize,15500
fd-8395,2021-02-17,,fish,9200
fd-8396,2022-05-30,Nakasero,Beans,20500
fd-8397,2022-06-05,Kansanga,eggs,800
fd-8397,2022-06-05,Kansanga,eggs,800
fd-8398,2020-04-11,Kansanga,Cassava,5400
fd-8399,2020-09-10,Mukono,Maize,21200
fd-8400,2020-10-22,Mukono,maize,4900
fd-8401,2022-01-09,,Maize,24500
fd-8402,2021-03-02,Kansanga,eggs,16600
fd-8402,2021-03-02,Kansanga,eggs,16600
fd-8403,2021-10-17,Kansanga,eggs,15400
fd-8404,2022-09-10,Bwaise,Beans,9100
fd-8405,2021-07-02,Nakasero,CASSAVA,13700
fd-8406,2022-03-12,,maize,3400
fd-8407,2021-01-17,,Maize,10200
fd-8408,2022-04-24,Nakasero,maize,17100
fd-8409,2020-01-08,,beans,12500
fd-8410,2022-07-16,Kansanga,banana leaves,15600
fd-8411,2020-03-09,Bwaise,eggs,1900
fd-8412,2020-07-02,,maize,1300
fd-8413,2020-06-17,,beans,3700
fd-8414,2020-07-08,Mukono,banana leaves,8800
fd-8415,2020-10-31,Mukono,banana leaves,12200
fd-8416,2020-10-22,Mukono,eggs,5300
fd-8417,2020-11-18,Kansanga,Maize,13200
fd-8418,2021-08-14,Kansanga,fish,19900
fd-8419,2021-01-07,Bwaise,Beans,8500
fd-8420,2021-08-07,Nakasero,Maize,3900
fd-8421,2020-10-22,Bwaise,fish,9900
fd-8422,2021-07-25,Kansanga,maize,9100
fd-8423,2022-01-25,Bwaise,Beans,23100
fd-8423,2022-01-25,Bwaise,Beans,23100
fd-8424,2020-07-15,Bwaise,CASSAVA,16400
fd-8425,2020-12-30,Mukono,fish,14500
fd-8426,2020-10-05,Nakasero,maize,23600
fd-8427,2021-02-02,Nakasero,eggs,8800
fd-8428,2021-09-14,,Beans,13400
fd-8429,2020-04-10,,eggs,1400
fd-8430,2021-05-17,Mukono,Maize,6300
fd-8431,2025-18-37,Bwaise,Cassava,12900
fd-8432,2020-04-15,Mukono,maize,10200
fd-8433,2022-05-03,Nakasero,Cassava,-3600
fd-8434,2020-01-22,,Cassava,14800
fd-8435,2021-03-01,Kansanga,maize,11000
fd-8436,2021-08-11,Mukono,beans,21300
fd-8437,2020-08-15,Bwaise,Maize,21000
fd-8438,2021-12-03,Mukono,maize,4300
fd-8439,2021-05-15,Kansanga,eggs,18400
fd-8439,2021-05-15,Kansanga,eggs,18400
fd-8440,2021-05-26,,banana leaves,17400
fd-8441,2022-03-04,Kansanga,maize,14100
fd-8442,2021-06-03,Nakasero,eggs,3300
fd-8443,2020-08-18,,Maize,16500
fd-8444,2020-04-20,Nakasero,maize,7000
fd-8445,2021-09-28,,banana leaves,16100
fd-8446,2021-08-29,Nakasero,eggs,6300
fd-8447,2026-19-40,Nakasero,eggs,12500
fd-8448,2020-01-19,Mukono,eggs,7800
fd-8448,2020-01-19,Mukono,eggs,7800
fd-8448,2021-09-14,Bwaise,Cassava,13500
fd-8448,2021-09-14,Bwaise,Cassava,13500
fd-8450,2020-12-29,Nakasero,Beans,2100
fd-8451,2021-12-21,Kansanga,Cassava,3500
fd-8452,2020-10-29,Nakasero,eggs,16100
fd-8452,2022-02-24,Mukono,Maize,-4900
fd-8452,2022-02-24,Mukono,Maize,-4900
fd-8454,2021-02-06,Nakasero,banana leaves,11000
fd-8455,2021-06-22,,Beans,9200
fd-8456,2020-08-07,Mukono,CASSAVA,19600
fd-8456,2021-03-28,Bwaise,Beans,13100
fd-8458,2020-09-20,Bwaise,beans,20400
fd-8458,2020-09-20,Bwaise,beans,20400
fd-8459,2022-04-16,Mukono,maize,6200
fd-8459,2022-04-16,Mukono,maize,6200
fd-8460,2021-04-05,Kansanga,Cassava,13200
fd-8461,2021-11-16,,Beans,15900
fd-8462,2020-05-12,,beans,6200
fd-8463,2022-03-19,Kansanga,beans,21100
fd-8464,2020-02-26,Nakasero,CASSAVA,18900
fd-8465,2021-05-06,Mukono,Cassava,14100
fd-8466,2022-05-19,,banana leaves,2900
fd-8467,2021-06-27,Bwaise,CASSAVA,10600
fd-8468,2020-12-18,Mukono,banana leaves,7400
fd-8469,2021-05-03,Mukono,eggs,17300
fd-8470,2021-08-29,,Beans,16700
fd-8470,2021-08-29,,Beans,16700
fd-8471,2020-08-24,Nakasero,beans,13200
fd-8472,2020-09-24,Kansanga,beans,11500
fd-8473,2020-03-13,Nakasero,MAIZE,24000
fd-8473,2020-03-13,Nakasero,MAIZE,24000
fd-8474,2020-12-25,,Beans,17900
fd-8474,2020-12-25,,Beans,17900
fd-8475,2022-01-15,,fish,1500
fd-8476,2020-05-31,Bwaise,Beans,8500
fd-8477,2020-11-26,Nakasero,banana leaves,9800
fd-8477,2021-02-15,,Maize,3300
fd-8479,2020-10-11,Kansanga,maize,6600
fd-8479,2020-10-11,Kansanga,maize,6600
fd-8480,2020-07-03,Bwaise,CASSAVA,9500
fd-8481,2022-02-15,Nakasero,Maize,14900
fd-8482,2020-01-06,Mukono,Cassava,9000
fd-8483,2021-06-27,Mukono,Beans,2900
fd-8484,2022-03-11,Nakasero,Beans,3500
fd-8485,2020-09-13,Bwaise,Maize,14700
fd-8485,2020-09-13,Bwaise,Maize,14700
fd-8486,2020-11-07,Kansanga,MAIZE,6100
fd-8487,2022-03-25,Nakasero,Beans,3700
fd-8488,2021-01-28,Nakasero,beans,3700
fd-8488,2022-05-26,Mukono,maize,24300
fd-8490,2021-11-11,,beans,1100
fd-8491,2021-02-11,Mukono,banana leaves,21100
fd-8492,2021-03-12,Nakasero,banana leaves,7900
fd-8493,2022-09-26,,CASSAVA,3000
fd-8494,2022-08-10,Mukono,Cassava,2700
fd-8495,2021-11-22,,fish,14600
fd-8496,2020-05-01,Kansanga,fish,7000
fd-8497,2020-05-29,,Beans,10200
fd-8498,2022-08-28,Nakasero,Maize,1000
fd-8499,2020-04-01,Mukono,fish,3400
fd-8500,2021-05-16,,CASSAVA,17200
fd-8501,2021-12-15,Nakasero,banana leaves,13900
fd-8502,2022-09-01,Kansanga,banana leaves,1200
fd-8503,2020-07-24,Nakasero,MAIZE,18800
fd-8504,2021-08-24,,Beans,7700
fd-8505,2020-12-27,Kansanga,maize,-3300
fd-8506,2020-05-29,Bwaise,beans,2500
fd-8507,2022-08-14,,banana leaves,6600
fd-8507,2022-08-14,,banana leaves,6600
fd-8508,2022-01-18,Kansanga,Cassava,2100
fd-8509,2022-06-16,Bwaise,Cassava,18900
fd-8510,2021-08-04,Nakasero,eggs,6000
fd-8510,2022-05-27,Nakasero,eggs,15000
fd-8512,2020-02-11,Kansanga,Cassava,9400
fd-8513,2021-08-14,Kansanga,eggs,8300
fd-8514,2020-09-18,Nakasero,maize,23500
fd-8514,2022-04-20,Bwaise,banana leaves,4500
fd-8516,2022-08-23,,Cassava,19600
fd-8517,2020-03-27,,Maize,7400
fd-8518,2020-01-30,Mukono,beans,15100
fd-8519,2022-08-17,,fish,7400
fd-8520,2021-05-14,Mukono,fish,14900
fd-8521,2020-06-21,Nakasero,MAIZE,9700
fd-8522,2021-09-27,,eggs,3600
fd-8522,2021-09-27,,eggs,3600
fd-8523,2021-10-30,Nakasero,maize,-4300
fd-8524,2022-01-21,Nakasero,MAIZE,19800
fd-8525,2022-05-24,Mukono,fish,9600
fd-8526,2022-04-22,,fish,1800
fd-8527,2020-01-26,,MAIZE,21300
fd-8528,2021-12-27,Kansanga,fish,18600
fd-8529,2021-07-18,Nakasero,Cassava,8900
fd-8530,2022-03-20,,Cassava,8800
fd-8531,2020-10-12,Kansanga,Maize,24600
fd-8532,2021-01-05,,fish,10200
fd-8533,2022-03-23,Mukono,MAIZE,1300
fd-8534,2020-04-12,Bwaise,beans,4200
fd-8535,2020-02-24,Kansanga,Cassava,3800
fd-8535,2020-02-24,Kansanga,Cassava,3800
fd-8536,2021-10-26,Bwaise,Cassava,3500
fd-8537,2020-01-20,Bwaise,maize,2700
fd-8538,2021-08-28,Bwaise,beans,6400
fd-8539,2020-01-05,Nakasero,Cassava,23500
fd-8540,2021-02-07,Mukono,CASSAVA,9500
fd-8541,2020-05-20,Kansanga,eggs,18700
fd-8542,2020-11-12,Nakasero,Cassava,7400
fd-8543,2021-05-01,Mukono,banana leaves,22300
fd-8544,2020-05-31,Mukono,beans,3400
fd-8545,2022-03-02,Mukono,eggs,22200
fd-8546,2021-08-30,Mukono,CASSAVA,17400
fd-8547,2021-04-18,Mukono,eggs,5100
fd-8548,2020-10-31,,MAIZE,4600
fd-8549,2020-04-09,Kansanga,beans,-4900
fd-8550,2021-08-08,Nakasero,MAIZE,9200
fd-8551,2021-12-21,Nakasero,Cassava,13400
fd-8552,2020-02-13,Mukono,MAIZE,1900
fd-8553,2021-05-20,Nakasero,banana leaves,16100
fd-8554,2021-02-18,Kansanga,Beans,12900
fd-8555,2021-03-27,Nakasero,banana leaves,7700
fd-8556,2021-08-21,Nakasero,maize,10300
fd-8557,2021-12-19,Nakasero,Beans,4900
fd-8558,2021-12-08,Bwaise,Maize,3600
fd-8558,2021-12-08,Bwaise,Maize,3600
fd-8559,2020-11-18,,maize,11400
fd-8560,2021-07-28,Bwaise,Cassava,10000
fd-8561,2020-03-28,,eggs,12000
fd-8562,2020-02-07,Nakasero,CASSAVA,7500
fd-8563,2021-05-24,Nakasero,maize,19800
fd-8564,2020-11-27,Nakasero,Beans,14500
fd-8565,2021-09-14,Nakasero,MAIZE,5300
fd-8566,2020-12-06,,Beans,-4300
fd-8567,2021-12-15,Mukono,Beans,19200
fd-8568,2021-01-12,,MAIZE,2700
fd-8569,2020-12-12,Nakasero,eggs,2000
fd-8570,2022-02-24,Mukono,eggs,1900
fd-8571,2021-07-04,Bwaise,Cassava,9900
fd-8572,2020-05-04,Kansanga,banana leaves,2800
fd-8573,2022-05-29,,Maize,3700
fd-8574,2021-02-22,,CASSAVA,12900
fd-8575,2020-06-26,Mukono,Beans,8900
fd-8576,2021-10-04,,banana leaves,15600
fd-8577,2020-04-30,Bwaise,Maize,6500
fd-8578,2021-01-23,Kansanga,MAIZE,4100
fd-8579,2022-09-23,Bwaise,Maize,19900
fd-8580,2023-16-47,Mukono,Maize,10000
fd-8581,2020-12-17,,beans,9700
fd-8582,2020-07-23,Kansanga,maize,-3800
fd-8583,2020-07-12,Nakasero,eggs,23200
fd-8584,2020-03-05,Kansanga,Beans,1400
fd-8585,2021-01-11,,MAIZE,11200
fd-8586,2021-07-25,Kansanga,Maize,22700
fd-8587,2022-08-02,Nakasero,maize,7200
fd-8587,2022-08-02,Nakasero,maize,7200
fd-8588,2022-06-05,Bwaise,banana leaves,22800
fd-8589,2020-09-11,Kansanga,Cassava,6800
fd-8590,2022-01-28,Kansanga,MAIZE,13400
fd-8591,2020-11-11,Kansanga,maize,3100
fd-8592,2021-01-02,,eggs,7900
fd-8593,2020-06-23,,MAIZE,17900
fd-8594,2021-03-02,Nakasero,banana leaves,13000
fd-8594,2021-03-02,Nakasero,banana leaves,13000
fd-8595,2021-04-20,Nakasero,beans,1100
fd-8596,2020-12-11,Kansanga,fish,5600
fd-8597,2022-06-04,Nakasero,MAIZE,11100
fd-8598,2020-08-08,,eggs,7800
fd-8599,2021-02-02,Mukono,Cassava,14300
fd-8600,2020-04-22,,MAIZE,15900
fd-8601,2021-04-27,Nakasero,Beans,12200
fd-8602,2022-05-30,Bwaise,Maize,18200
fd-8603,2021-08-19,Bwaise,CASSAVA,20000
fd-8604,2021-10-08,Bwaise,banana leaves,10100
fd-8605,2022-07-03,Bwaise,CASSAVA,19000
fd-8606,2021-10-11,Mukono,banana leaves,9100
fd-8607,2020-11-13,Kansanga,CASSAVA,3600
fd-8608,2020-11-13,Mukono,Maize,15100
fd-8608,2020-07-22,Mukono,banana leaves,4100
fd-8610,2021-07-13,Bwaise,fish,9000
fd-8611,2020-04-30,,maize,11100
fd-8612,2021-07-09,,banana leaves,5700
fd-8613,2022-07-13,Nakasero,beans,12700
fd-8614,2021-02-04,Nakasero,Maize,7600
fd-8615,2020-02-13,Bwaise,eggs,4500
fd-8616,2026-19-40,,MAIZE,4900
fd-8616,2026-19-40,,MAIZE,4900
fd-8617,2021-01-11,,Maize,20700
fd-8618,2021-11-07,Nakasero,Maize,22800
fd-8619,2021-01-18,Bwaise,beans,-3600
fd-8620,2022-02-22,Nakasero,banana leaves,19100
fd-8621,2022-09-17,Nakasero,Beans,6000
fd-8622,2020-02-04,Bwaise,Beans,18500
fd-8623,2020-11-17,Nakasero,MAIZE,1700
fd-8624,2022-07-15,Kansanga,MAIZE,19400
fd-8625,2022-06-20,,Cassava,8600
fd-8626,2021-04-11,Mukono,Cassava,5200
fd-8626,2020-03-28,,Beans,12100
fd-8628,2020-05-15,,Beans,4400
fd-8629,2020-12-22,Kansanga,CASSAVA,18700
fd-8630,2021-05-18,Mukono,eggs,7400
fd-8631,2021-03-13,Mukono,MAIZE,17200
fd-8632,2022-08-15,,beans,1100
fd-8633,2021-10-03,,Cassava,11100
fd-8634,2021-02-03,Mukono,CASSAVA,9400
fd-8635,2020-10-28,Mukono,maize,18800
fd-8636,2021-04-06,Mukono,eggs,16100
fd-8637,2021-12-10,,CASSAVA,900
fd-8638,2020-02-20,Kansanga,beans,8900
fd-8638,2020-02-20,Kansanga,beans,8900
fd-8639,2020-03-14,Bwaise,Beans,9900
fd-8640,2022-05-16,Nakasero,Beans,9000
fd-8641,2021-07-27,Bwaise,maize,18600
fd-8641,2021-07-27,Bwaise,maize,18600
fd-8642,2021-06-10,Bwaise,banana leaves,4100
fd-8642,2021-06-10,Bwaise,banana leaves,4100
fd-8643,2021-10-12,Mukono,Beans,5300
fd-8644,2020-12-01,Mukono,fish,1400
fd-8645,2022-07-14,Bwaise,CASSAVA,13000
fd-8646,2021-07-28,Mukono,Cassava,14500
fd-8646,2021-07-28,Mukono,Cassava,14500
fd-8647,2021-12-29,Kansanga,beans,-4700
fd-8648,2020-10-09,Mukono,Maize,24200
fd-8649,2021-13-49,,banana leaves,6700
fd-8650,2020-05-29,Nakasero,Cassava,22400
fd-8651,2020-03-23,Mukono,eggs,3000
fd-8652,2020-05-21,Kansanga,fish,13100
fd-8653,2021-10-13,Bwaise,CASSAVA,7200
fd-8654,2021-02-23,,fish,1300
fd-8655,2021-09-17,Nakasero,Beans,17200
fd-8656,2021-09-13,Bwaise,Maize,16600
fd-8657,2020-04-16,Bwaise,eggs,8700
fd-8658,2022-03-03,,beans,600
fd-8659,2021-04-10,,beans,21800
fd-8660,2022-02-07,Bwaise,maize,16000
fd-8661,2021-01-30,Nakasero,maize,22600
fd-8662,2020-14-50,Mukono,fish,13800
fd-8663,2020-03-15,,banana leaves,23200
fd-8664,2020-04-25,Mukono,maize,600
fd-8665,2022-03-17,Nakasero,beans,8000
fd-8666,2021-02-19,Kansanga,MAIZE,23200
fd-8666,2021-02-19,Kansanga,MAIZE,23200
fd-8667,2022-09-08,Mukono,maize,12300
fd-8668,2020-12-28,,MAIZE,11600
fd-8669,2021-11-27,Mukono,maize,-3000
fd-8670,2021-04-27,Kansanga,beans,3900
fd-8671,2020-06-12,Bwaise,fish,14500
fd-8672,2020-03-21,Nakasero,banana leaves,9900
fd-8673,2022-08-11,Kansanga,eggs,14100
fd-8674,2021-08-28,,maize,15900
fd-8675,2021-13-49,Nakasero,eggs,22100
fd-8676,2020-12-04,,Beans,11800
fd-8677,2020-02-10,Mukono,CASSAVA,14600
fd-8678,2021-04-14,,fish,3100
fd-8679,2022-02-13,Mukono,CASSAVA,22800
fd-8679,2022-02-13,Mukono,CASSAVA,22800
fd-8680,2022-07-31,Nakasero,Beans,21200
fd-8681,2020-09-14,Bwaise,Beans,14800
fd-8682,2021-02-20,Kansanga,eggs,12700
fd-8683,2022-07-10,Kansanga,maize,21200
fd-8684,2022-05-09,Bwaise,eggs,12300
fd-8685,2022-05-22,Kansanga,MAIZE,22500
fd-8686,2020-07-04,Kansanga,eggs,17600
fd-8687,2020-06-23,Kansanga,fish,22900
fd-8688,2025-18-37,Kansanga,fish,11300
fd-8689,2022-06-13,Bwaise,MAIZE,3000
fd-8690,2022-01-21,Mukono,beans,3600
fd-8691,2022-09-07,,Beans,11900
fd-8692,2020-09-21,Mukono,beans,21700
fd-8693,2020-08-08,Mukono,Cassava,23900
fd-8694,2022-05-13,Mukono,CASSAVA,2500
fd-8695,2026-19-40,Kansanga,beans,4300
fd-8696,2022-06-13,Kansanga,maize,22500
fd-8697,2022-02-24,Nakasero,Cassava,700
fd-8698,2020-04-09,Kansanga,maize,17100
fd-8699,2020-06-02,Mukono,CASSAVA,1000
fd-8700,2022-06-11,Kansanga,MAIZE,20100
fd-8701,2021-03-31,Bwaise,beans,17600
fd-8702,2020-04-01,Nakasero,maize,-3500
fd-8703,2020-03-10,Nakasero,Cassava,14800
fd-8704,2022-09-09,Mukono,MAIZE,24000
fd-8705,2020-04-04,Kansanga,Maize,15900
fd-8705,2020-04-04,Kansanga,Maize,15900
fd-8706,2022-05-28,Kansanga,MAIZE,2700
fd-8707,2020-11-18,Nakasero,CASSAVA,7600
fd-8708,2021-08-22,Kansanga,eggs,3400
fd-8709,2022-09-18,Bwaise,Cassava,12600
fd-8710,2020-12-07,Bwaise,banana leaves,8300
fd-8710,2020-12-07,Bwaise,banana leaves,8300
fd-8711,2022-08-16,,CASSAVA,5900
fd-8711,2021-01-22,Mukono,maize,1600
fd-8713,2020-03-07,,Beans,2700
fd-8714,2022-01-02,Bwaise,banana leaves,14600
fd-8715,2022-03-03,Mukono,beans,22400
fd-8716,2021-01-06,Mukono,eggs,10300
fd-8717,2020-06-30,Nakasero,Maize,22100
fd-8718,2022-09-14,,banana leaves,4700
fd-8719,2020-03-09,Bwaise,Maize,20900
fd-8720,2021-04-10,Bwaise,maize,-3500
fd-8720,2021-04-10,Bwaise,maize,-3500
fd-8721,2022-08-11,,banana leaves,23200
fd-8722,2022-09-19,Kansanga,Beans,24800
fd-8723,2021-10-20,Mukono,maize,10500
fd-8724,2022-03-02,Nakasero,banana leaves,24800
fd-8724,2022-03-02,Nakasero,banana leaves,24800
fd-8725,2020-11-02,Mukono,eggs,1200
fd-8726,2020-09-17,Nakasero,Beans,4900
fd-8727,2021-09-28,Nakasero,MAIZE,11600
fd-8728,2022-07-03,Bwaise,Cassava,5300
fd-8729,2022-05-27,Mukono,eggs,6700
fd-8730,2020-04-11,Bwaise,Maize,22400
fd-8731,2020-07-30,Kansanga,CASSAVA,20800
fd-8731,2020-07-30,Kansanga,CASSAVA,20800
fd-8732,2022-08-25,Bwaise,Beans,6200
fd-8733,2020-03-19,Mukono,fish,19200
fd-8734,2021-05-08,,banana leaves,7600
fd-8735,2020-07-11,,banana leaves,21600
fd-8736,2022-04-21,Mukono,MAIZE,-1900
fd-8737,2021-02-20,,Maize,9200
fd-8738,2021-10-21,,Cassava,18200
fd-8739,2021-07-28,Mukono,Beans,17600
fd-8740,2022-04-19,,Cassava,15400
fd-8741,2020-10-13,Nakasero,Cassava,5600
fd-8742,2021-06-26,Kansanga,beans,1400
fd-8743,2021-12-03,Kansanga,maize,19400
fd-8743,2021-12-03,Kansanga,maize,19400
fd-8744,2020-05-28,Bwaise,beans,18600
fd-8744,2020-05-28,Bwaise,beans,18600
fd-8745,2021-08-13,,eggs,6700
fd-8746,2022-07-06,,Cassava,17100
fd-8747,2020-04-19,Nakasero,maize,9300
fd-8748,2020-10-10,Nakasero,eggs,19000
fd-8749,2020-06-25,Kansanga,eggs,11700
fd-8750,2020-03-14,Kansanga,Beans,19900
fd-8751,2020-10-25,Nakasero,Cassava,17500
fd-8752,2021-12-11,,Beans,2100
fd-8753,2022-06-08,Mukono,MAIZE,7500
fd-8754,2021-08-26,Kansanga,maize,11900
fd-8755,2022-06-28,,Beans,-2300
fd-8756,2025-18-37,Nakasero,fish,9900
fd-8757,2022-01-07,Mukono,fish,9800
fd-8758,2021-06-19,Bwaise,Cassava,14700
fd-8759,2022-07-22,,banana leaves,8100
fd-8760,2022-09-16,,maize,9500
fd-8761,2020-07-18,Nakasero,maize,22800
fd-8762,2020-01-31,Mukono,eggs,10000
fd-8763,2022-02-24,Kansanga,MAIZE,16400
fd-8764,2020-08-17,Mukono,fish,12100
fd-8765,2021-02-04,Mukono,maize,24900
fd-8766,2021-01-25,Bwaise,MAIZE,3200
fd-8766,2021-01-25,Bwaise,MAIZE,3200
fd-8767,2022-05-18,Nakasero,CASSAVA,23000
fd-8768,2021-01-15,Nakasero,MAIZE,-2200
fd-8769,2021-06-06,Bwaise,CASSAVA,7900
fd-8770,2021-07-12,Mukono,beans,23900
fd-8771,2020-03-17,,MAIZE,21600
fd-8772,2020-04-15,Bwaise,Maize,17700
fd-8773,2021-04-23,Kansanga,eggs,20000
fd-8774,2020-04-16,,fish,18100
fd-8775,2022-09-15,Bwaise,CASSAVA,15600
fd-8776,2021-04-02,Bwaise,CASSAVA,22500
fd-8777,2022-06-15,,fish,-4700
fd-8778,2020-04-15,Bwaise,Maize,9300
fd-8779,2021-03-25,Bwaise,banana leaves,15300
fd-8780,2025-18-37,Mukono,beans,11500
fd-8781,2020-03-26,Bwaise,Cassava,5400
fd-8782,2022-09-18,Mukono,Cassava,17000
fd-8783,2020-09-23,,beans,-5000
fd-8784,2026-19-40,,banana leaves,23300
fd-8785,2020-01-05,Mukono,banana leaves,14100
fd-8786,2021-08-09,Bwaise,banana leaves,6600
fd-8787,2021-02-01,Mukono,CASSAVA,20000
fd-8787,2021-02-01,Mukono,CASSAVA,20000
fd-8788,2021-11-27,,banana leaves,1000
fd-8789,2020-08-28,Bwaise,fish,900
fd-8790,2020-05-13,Nakasero,maize,6700
fd-8791,2022-01-02,Kansanga,beans,16200
fd-8792,2021-12-08,Bwaise,MAIZE,21600
fd-8793,2021-10-26,Kansanga,CASSAVA,17500
fd-8794,2022-05-12,Mukono,Beans,9000
fd-8795,2024-17-45,,MAIZE,7700
fd-8796,2020-10-30,Bwaise,beans,16900
fd-8797,2022-07-21,Kansanga,MAIZE,20400
fd-8798,2020-02-02,,Cassava,14200
fd-8799,2020-12-10,Bwaise,CASSAVA,4000
fd-8800,2020-03-28,Nakasero,banana leaves,21200
fd-8801,2021-13-49,Bwaise,beans,1600
fd-8802,2020-03-27,Bwaise,eggs,1000
fd-8802,2020-03-27,Bwaise,eggs,1000
fd-8803,2025-18-37,Kansanga,beans,5300
fd-8804,2021-01-05,Nakasero,Beans,-2500
fd-8805,2022-02-17,Mukono,maize,24400
fd-8806,2020-11-02,Nakasero,banana leaves,1700
fd-8807,2022-15-48,Nakasero,CASSAVA,4400
fd-8808,2026-19-40,Kansanga,beans,12700
fd-8809,2020-05-19,Bwaise,MAIZE,7800
fd-8810,2021-08-13,Nakasero,maize,4600
fd-8811,2022-01-08,Mukono,eggs,21300
fd-8812,2022-08-06,,Maize,6600
fd-8813,2020-04-12,Nakasero,banana leaves,3500
fd-8813,2020-04-12,Nakasero,banana leaves,3500
fd-8814,2022-05-17,,Beans,5100
fd-8814,2021-05-29,Nakasero,MAIZE,22100
fd-8816,2022-06-04,Bwaise,Beans,23800
fd-8817,2020-05-05,,banana leaves,20300
fd-8818,2020-09-04,Mukono,Maize,21900
fd-8819,2020-12-22,Nakasero,eggs,14700
fd-8820,2020-10-26,Mukono,maize,10300
fd-8821,2020-05-20,Mukono,Cassava,11900
fd-8822,2021-10-06,Mukono,banana leaves,21200
fd-8823,2021-01-11,Bwaise,banana leaves,20400
fd-8824,2021-12-20,Bwaise,maize,21300
fd-8825,2021-04-20,,Maize,14400
fd-8826,2020-05-25,Kansanga,banana leaves,9300
fd-8827,2024-17-45,Kansanga,MAIZE,7100
fd-8828,2021-10-07,,CASSAVA,15500
fd-8828,2022-06-06,,fish,18500
fd-8830,2022-08-22,Mukono,MAIZE,5100
fd-8831,2020-01-15,Bwaise,Cassava,14500
fd-8832,2020-09-18,Nakasero,maize,14600
fd-8833,2021-07-07,Nakasero,fish,1000
fd-8834,2022-02-05,,fish,14800
fd-8835,2020-02-06,Nakasero,Cassava,15600
fd-8836,2020-05-06,Bwaise,Cassava,3600
fd-8837,2021-01-02,Bwaise,eggs,7300
fd-8837,2021-01-02,Bwaise,eggs,7300
fd-8838,2021-04-09,,fish,7300
fd-8839,2022-02-26,Mukono,fish,5500
fd-8839,2022-02-26,Mukono,fish,5500
fd-8840,2021-09-21,,maize,8900
fd-8841,2021-03-23,Nakasero,banana leaves,3000
fd-8842,2020-09-06,,Beans,8700
fd-8843,2021-11-15,Nakasero,banana leaves,5000
fd-8843,2020-11-23,Nakasero,beans,3300
fd-8845,2020-04-10,Kansanga,banana leaves,19600
fd-8846,2022-05-09,,eggs,21300
fd-8847,2022-06-13,Nakasero,MAIZE,20100
fd-8848,2022-05-22,Nakasero,banana leaves,21600
fd-8849,2020-11-07,Kansanga,fish,12900
fd-8850,2021-07-13,,MAIZE,2500
fd-8850,2021-07-13,,MAIZE,2500
fd-8851,2022-05-06,,MAIZE,5800
fd-8852,2022-01-15,Nakasero,Cassava,3900
fd-8853,2021-01-13,Nakasero,Cassava,21100
fd-8854,2021-11-27,Nakasero,eggs,19500
fd-8855,2022-04-21,Nakasero,maize,21100
fd-8856,2021-02-17,,beans,9100
fd-8857,2020-08-03,Nakasero,banana leaves,5200
fd-8858,2021-09-22,Kansanga,MAIZE,16000
fd-8859,2021-02-06,Mukono,Cassava,12400
fd-8860,2021-04-19,Kansanga,beans,-4200
fd-8861,2020-04-27,Kansanga,Maize,14300
fd-8862,2021-09-05,Bwaise,banana leaves,6500
fd-8863,2020-06-07,Bwaise,beans,14300
fd-8864,2020-03-26,Nakasero,Cassava,17700
fd-8865,2021-03-30,Kansanga,beans,24600
fd-8866,2022-08-21,Mukono,Maize,15800
fd-8867,2022-03-02,Mukono,Beans,24900
fd-8868,2021-07-14,Mukono,Cassava,22200
fd-8869,2022-06-26,,maize,13300
fd-8870,2021-07-21,Kansanga,Cassava,-2900
fd-8871,2021-02-04,Nakasero,Cassava,1300
fd-8872,2021-11-08,Bwaise,beans,14600
fd-8873,2021-09-28,Bwaise,Maize,13900
fd-8874,2021-03-04,Kansanga,eggs,2300
fd-8875,2022-08-11,Kansanga,MAIZE,16700
fd-8876,2021-02-27,Nakasero,CASSAVA,8900
fd-8877,2022-03-31,Kansanga,Maize,1400
fd-8878,2021-12-31,Bwaise,eggs,19500
fd-8879,2021-04-04,Bwaise,beans,19900
fd-8880,2022-01-05,Bwaise,Cassava,17700
fd-8881,2022-07-31,Nakasero,CASSAVA,2800
fd-8882,2022-02-18,Mukono,CASSAVA,7700
fd-8883,2022-02-21,Kansanga,CASSAVA,-4300
fd-8884,2020-02-11,,Beans,18000
fd-8885,2021-08-05,Kansanga,MAIZE,20700
fd-8886,2021-08-08,Mukono,Maize,-4300
fd-8886,2021-08-08,Mukono,Maize,-4300
fd-8887,2021-03-27,Nakasero,fish,18600
fd-8888,2020-02-26,Nakasero,beans,13200
fd-8888,2020-02-26,Nakasero,beans,13200
fd-8889,2021-11-22,Mukono,eggs,13500
fd-8890,2021-08-10,Kansanga,Maize,900
fd-8891,2024-17-45,Mukono,Beans,16100
fd-8892,2021-06-19,Kansanga,Beans,8700
fd-8893,2022-02-20,,eggs,2600
fd-8894,2020-05-25,Kansanga,banana leaves,11500
fd-8895,2021-12-03,Nakasero,Beans,18200
fd-8896,2020-12-16,Kansanga,eggs,4500
fd-8897,2020-03-17,Nakasero,Beans,15000
fd-8898,2022-01-20,Kansanga,Cassava,7500
fd-8898,2022-01-20,Kansanga,Cassava,7500
fd-8899,2020-03-26,Kansanga,eggs,20700
fd-8900,2021-04-16,Bwaise,eggs,7000
fd-8901,2021-07-18,Bwaise,Cassava,21200
fd-8902,2022-07-10,Mukono,Maize,1600
fd-8903,2022-05-19,Kansanga,MAIZE,7000
fd-8904,2020-09-01,Nakasero,eggs,15100
fd-8905,2022-15-48,Kansanga,beans,2700
fd-8906,2024-17-45,Bwaise,fish,4800
fd-8907,2020-05-25,Nakasero,Beans,23000
fd-8908,2021-11-22,Mukono,CASSAVA,19600
fd-8909,2025-18-37,,Cassava,-2700
fd-8910,2022-07-21,Nakasero,banana leaves,9600
fd-8911,2020-03-13,Kansanga,Maize,12300
fd-8912,2020-09-08,Kansanga,maize,3100
fd-8912,2020-09-08,Kansanga,maize,3100
fd-8913,2020-09-05,Bwaise,eggs,6700
fd-8913,2020-09-05,Bwaise,eggs,6700
fd-8914,2021-03-13,,beans,1700
fd-8915,2020-07-21,Nakasero,maize,24900
fd-8916,2021-06-03,,Beans,24900
fd-8916,2021-06-03,,Beans,24900
fd-8917,2021-07-21,Nakasero,Maize,22100
fd-8918,2021-08-21,Bwaise,Maize,10700
fd-8919,2020-12-20,,CASSAVA,24800
fd-8920,2022-08-05,Kansanga,Cassava,13500
fd-8921,2020-01-27,Kansanga,eggs,8300
fd-8922,2020-10-24,Kansanga,beans,22200
fd-8923,2021-01-15,Kansanga,maize,24500
fd-8924,2021-07-25,Bwaise,Beans,18100
fd-8925,2020-02-18,,beans,18300
fd-8925,2020-02-18,,beans,18300
fd-8926,2021-04-11,,beans,19800
fd-8926,2022-02-17,Kansanga,maize,1400
fd-8928,2022-08-20,Bwaise,banana leaves,23500
fd-8929,2021-01-19,Kansanga,Cassava,1400
fd-8930,2020-02-10,,fish,13900
fd-8931,2022-05-26,,banana leaves,10300
fd-8932,2022-02-21,,maize,12500
fd-8933,2021-03-30,Mukono,Cassava,1800
fd-8934,2021-03-30,,maize,22900
fd-8935,2020-05-14,,MAIZE,6600
fd-8936,2020-01-07,,CASSAVA,19200
fd-8937,2020-04-10,Mukono,Beans,16200
fd-8938,2022-01-16,Nakasero,Cassava,9600
fd-8939,2020-03-05,Nakasero,Maize,18500
fd-8940,2022-02-28,Mukono,maize,13900
fd-8941,2022-05-14,Nakasero,Cassava,1500
fd-8942,2022-01-22,Kansanga,fish,11500
fd-8943,2021-03-05,Kansanga,CASSAVA,14400
fd-8944,2022-06-05,Mukono,Maize,23900
fd-8945,2021-01-01,Nakasero,CASSAVA,17100
fd-8946,2021-12-28,Mukono,fish,2600
fd-8947,2020-06-11,Kansanga,Cassava,17900
fd-8948,2020-08-12,Kansanga,Maize,-2600
fd-8949,2021-12-07,,fish,-3200
fd-8950,2022-03-16,Bwaise,MAIZE,23300
fd-8951,2021-07-07,Mukono,Maize,11700
fd-8952,2022-02-01,Kansanga,Maize,2800
fd-8953,2021-03-28,Kansanga,Maize,4300
fd-8954,2020-02-21,,Cassava,24600
fd-8955,2022-03-10,Mukono,Maize,19300
fd-8955,2022-03-10,Mukono,Maize,19300
fd-8956,2022-01-02,Nakasero,beans,-4500
fd-8957,2021-06-09,Bwaise,Beans,24500
fd-8958,2021-10-17,Bwaise,Beans,2400
fd-8959,2020-11-18,,beans,500
fd-8960,2022-08-03,,MAIZE,13200
fd-8961,2020-11-19,Bwaise,fish,18800
fd-8962,2021-10-22,Bwaise,banana leaves,22500
fd-8963,2022-03-25,Bwaise,eggs,6600
fd-8964,2022-05-09,Mukono,fish,21300
fd-8965,2020-03-02,Bwaise,maize,5100
fd-8966,2020-04-21,,MAIZE,16100
fd-8967,2020-09-20,Nakasero,fish,5800
fd-8968,2020-01-13,Nakasero,MAIZE,17200
fd-8969,2021-01-20,Bwaise,beans,12700
fd-8970,2022-03-15,Bwaise,MAIZE,5500
fd-8971,2020-06-05,,MAIZE,1700
fd-8972,2022-07-28,Kansanga,Cassava,2200
fd-8973,2020-02-18,Mukono,maize,12700
fd-8974,2022-09-21,Nakasero,eggs,17800
fd-8975,2021-12-18,Kansanga,fish,7200
fd-8976,2022-02-27,Mukono,fish,23300
fd-8977,2022-01-05,Kansanga,fish,18800
fd-8978,2022-02-18,Mukono,Beans,4400
fd-8979,2021-09-08,Bwaise,CASSAVA,2300
fd-8980,2021-05-03,Mukono,Beans,6200
fd-8980,2020-01-20,Nakasero,CASSAVA,2700
fd-8982,2021-11-02,Nakasero,Cassava,19800
fd-8982,2021-11-02,Nakasero,Cassava,19800
fd-8983,2022-08-01,Mukono,fish,2500
fd-8984,2021-08-26,Mukono,maize,15500
fd-8985,2022-09-14,,eggs,21700
fd-8986,2022-06-07,Nakasero,CASSAVA,-4700
fd-8987,2022-15-48,Kansanga,MAIZE,4700
fd-8988,2021-02-01,Bwaise,maize,8100
fd-8989,2021-06-05,Kansanga,Cassava,5300
fd-8990,2021-05-29,Mukono,Maize,7100
fd-8991,2020-12-03,Bwaise,Beans,6700
fd-8992,2021-03-14,Bwaise,CASSAVA,24500
fd-8993,2021-12-17,,MAIZE,22900
fd-8994,2021-06-30,Mukono,eggs,4400
fd-8995,2021-07-20,,MAIZE,7800
fd-8996,2020-11-23,Nakasero,Maize,17800
fd-8997,2022-04-05,Nakasero,maize,11400
fd-8998,2020-07-06,Nakasero,Maize,14200
fd-8999,2020-02-05,Bwaise,beans,4300
fd-9000,2022-06-04,Mukono,CASSAVA,15500
fd-9001,2022-01-27,Bwaise,Cassava,500
fd-9002,2020-11-07,Nakasero,CASSAVA,5000
fd-9003,2021-04-10,Bwaise,MAIZE,23000
fd-9004,2020-09-18,Nakasero,beans,16100
fd-9005,2021-01-21,,Beans,10000
fd-9006,2021-09-03,Bwaise,maize,3600
fd-9007,2021-06-07,Nakasero,eggs,24800
fd-9008,2020-01-18,,banana leaves,17100
fd-9009,2022-08-19,Kansanga,beans,-4200
fd-9010,2021-02-05,Kansanga,fish,14500
fd-9011,2020-05-09,Nakasero,Cassava,11300
fd-9012,2020-09-06,Mukono,fish,10100
fd-9013,2020-01-27,Nakasero,maize,23000
fd-9014,2021-09-11,Mukono,Cassava,8400
fd-9015,2020-06-14,Kansanga,maize,2900
fd-9015,2020-06-14,Kansanga,maize,2900
fd-9016,2022-02-28,,Maize,3900
fd-9017,2021-03-27,Bwaise,fish,15600
fd-9018,2024-17-45,,fish,19400
fd-9019,2021-11-27,Mukono,Beans,10000
fd-9020,2020-11-02,Bwaise,eggs,19800
fd-9021,2022-05-14,Kansanga,maize,-3200
fd-9022,2021-07-15,Kansanga,fish,18500
fd-9023,2022-01-17,Nakasero,CASSAVA,19700
fd-9024,2020-07-10,Bwaise,maize,11600
fd-9025,2021-07-16,Kansanga,Maize,18600
fd-9026,2020-01-07,Mukono,banana leaves,5700
fd-9027,2020-01-23,Kansanga,Cassava,20600
fd-9028,2021-08-29,Nakasero,Maize,1400
fd-9029,2022-08-03,Bwaise,banana leaves,24100
fd-9030,2020-11-15,,MAIZE,18800
fd-9030,2020-11-15,,MAIZE,18800
fd-9031,2022-06-30,Bwaise,MAIZE,10800
fd-9032,2021-03-28,Kansanga,MAIZE,21600
fd-9033,2021-03-10,Bwaise,Cassava,4600
fd-9034,2022-05-12,Nakasero,MAIZE,1800
fd-9034,2022-05-12,Nakasero,MAIZE,1800
fd-9035,2022-06-28,Bwaise,eggs,16200
fd-9036,2021-07-28,Mukono,Maize,5900
fd-9037,2022-03-04,Kansanga,Beans,3600
fd-9037,2022-03-04,Kansanga,Beans,3600
fd-9038,2020-10-06,Nakasero,MAIZE,2000
fd-9039,2022-07-29,,Maize,21000
fd-9040,2021-06-06,Nakasero,Maize,23200
fd-9040,2021-06-06,Nakasero,Maize,23200
fd-9041,2020-11-26,Mukono,beans,5700
fd-9042,2020-04-26,Bwaise,fish,11300
fd-9042,2020-04-26,Bwaise,fish,11300
fd-9043,2022-04-01,Mukono,eggs,19800
fd-9044,2021-08-26,Mukono,beans,8300
fd-9045,2020-04-05,Mukono,beans,10400
fd-9046,2022-03-23,Mukono,CASSAVA,13900
fd-9046,2022-03-23,Mukono,CASSAVA,13900
fd-9047,2022-03-23,Nakasero,fish,11600
fd-9048,2020-12-09,Bwaise,Cassava,10300
fd-9049,2022-01-31,Mukono,Beans,8000
fd-9050,2020-11-11,Kansanga,Beans,-1900
fd-9051,2021-05-10,,eggs,14300
fd-9052,2020-10-03,Mukono,Beans,11300
fd-9053,2020-12-24,Kansanga,CASSAVA,1200
fd-9054,2022-07-07,Kansanga,MAIZE,15600
fd-9054,2022-07-07,Kansanga,MAIZE,15600
fd-9055,2020-04-15,Mukono,beans,1500
fd-9056,2022-01-21,Nakasero,eggs,17800
fd-9057,2022-04-29,Kansanga,fish,-2100
fd-9058,2021-01-28,Mukono,Cassava,2500
fd-9059,2021-04-22,Nakasero,Beans,14800
fd-9060,2022-08-06,Nakasero,eggs,9000
fd-9061,2021-02-12,Bwaise,Cassava,20000
fd-9062,2021-06-18,Mukono,eggs,8100
fd-9063,2021-10-22,Nakasero,Maize,11500
fd-9064,2021-09-24,Bwaise,CASSAVA,22700
fd-9065,2021-09-11,Kansanga,Maize,13300
fd-9065,2021-09-11,Kansanga,Maize,13300
fd-9066,2020-09-05,Kansanga,fish,18200
fd-9067,2021-12-26,,banana leaves,8400
fd-9067,2021-12-26,,banana leaves,8400
fd-9068,2022-09-01,Kansanga,MAIZE,18600
fd-9069,2021-10-18,Mukono,Cassava,21200
fd-9070,2021-02-22,Kansanga,Cassava,-1400
fd-9070,2020-01-27,Bwaise,Beans,24500
fd-9072,2021-09-03,Kansanga,eggs,18800
fd-9073,2020-14-50,,maize,9200
fd-9074,2022-08-28,Mukono,CASSAVA,4900
fd-9075,2022-02-18,Bwaise,maize,900
fd-9076,2022-02-17,Mukono,Maize,5700
fd-9077,2021-03-13,Nakasero,CASSAVA,-2900
fd-9078,2020-07-28,Mukono,eggs,24400
fd-9079,2022-05-25,Nakasero,Cassava,7600
fd-9080,2021-12-25,Mukono,maize,18600
fd-9081,2021-07-04,Bwaise,maize,1600
fd-9082,2022-07-21,Nakasero,MAIZE,6100
fd-9082,2022-07-21,Nakasero,MAIZE,6100
fd-9083,2021-03-11,Kansanga,banana leaves,16600
fd-9084,2021-06-01,Kansanga,banana leaves,15100
fd-9084,2026-19-40,,CASSAVA,11700
fd-9086,2021-10-20,,beans,5300
fd-9087,2020-12-20,Mukono,Maize,-1300
fd-9088,2021-06-08,Bwaise,Maize,11300
fd-9089,2021-08-28,Bwaise,Cassava,4100
fd-9090,2021-06-03,Mukono,fish,8300
fd-9091,2021-03-07,Mukono,CASSAVA,12100
fd-9092,2021-07-07,Nakasero,banana leaves,4300
fd-9093,2022-05-06,Kansanga,beans,18400
fd-9094,2020-11-10,Bwaise,beans,17400
fd-9095,2021-08-30,,Maize,15400
fd-9096,2021-01-21,Bwaise,Beans,500
fd-9097,2021-07-05,Kansanga,fish,2400
fd-9097,2021-07-05,Kansanga,fish,2400
fd-9098,2022-01-21,Kansanga,Beans,8100
fd-9099,2021-02-07,,banana leaves,20400
fd-9100,2022-07-31,Kansanga,Cassava,20500
fd-9101,2021-05-21,Kansanga,Cassava,-4100
fd-9102,2021-03-14,Bwaise,beans,3000
fd-9103,2020-04-18,,MAIZE,11400
fd-9104,2020-01-10,Kansanga,fish,14300
fd-9105,2021-03-03,Nakasero,fish,9700
fd-9106,2020-03-26,Mukono,eggs,9200
fd-9107,2021-01-06,Kansanga,CASSAVA,5700
fd-9108,2021-07-19,Kansanga,Cassava,10300
fd-9108,2021-07-19,Kansanga,Cassava,10300
fd-9109,2022-06-30,Bwaise,Maize,2600
fd-9110,2021-01-22,,eggs,23400
fd-9111,2020-06-12,,CASSAVA,24200
fd-9112,2022-09-03,Mukono,Maize,12400
fd-9112,2022-09-03,Mukono,Maize,12400
fd-9113,2021-02-20,Kansanga,fish,19800
fd-9114,2021-05-21,,eggs,16200
fd-9115,2020-10-23,Nakasero,CASSAVA,19200
fd-9116,2021-08-02,Kansanga,fish,5600
fd-9117,2020-03-11,Bwaise,fish,16800
fd-9118,2021-08-27,Nakasero,beans,21600
fd-9119,2022-08-20,Bwaise,beans,800
fd-9120,2021-01-15,Nakasero,beans,15800
fd-9121,2020-08-25,Mukono,Cassava,18000
fd-9121,2020-08-25,Mukono,Cassava,18000
fd-9122,2020-05-24,Bwaise,banana leaves,16000
fd-9123,2020-11-23,Bwaise,MAIZE,19100
fd-9124,2021-05-06,Nakasero,banana leaves,12300
fd-9125,2022-02-18,Nakasero,fish,14100
fd-9126,2020-04-28,Mukono,fish,8100
fd-9127,2020-01-19,Kansanga,Maize,20200
fd-9128,2021-06-07,Mukono,maize,13400
fd-9129,2021-03-25,Bwaise,Maize,1600
fd-9130,2020-09-11,Nakasero,maize,13200
fd-9131,2021-09-21,Mukono,Maize,6000
fd-9132,2020-03-14,Kansanga,Beans,10000
fd-9133,2020-04-27,Nakasero,Maize,15900
fd-9134,2022-01-20,Nakasero,eggs,17500
fd-9135,2020-09-01,,MAIZE,5500
fd-9136,2022-07-11,Mukono,fish,9600
fd-9137,2021-05-22,Nakasero,eggs,13100
fd-9138,2020-08-05,Bwaise,eggs,13000
fd-9138,2020-08-05,Bwaise,eggs,13000
fd-9139,2020-11-23,Kansanga,CASSAVA,19900
fd-9140,2021-05-07,Bwaise,MAIZE,14300
fd-9141,2020-09-10,Bwaise,eggs,8200
fd-9142,2022-08-04,Bwaise,MAIZE,22000
fd-9143,2022-06-29,Nakasero,fish,22800
fd-9144,2020-08-12,Mukono,banana leaves,17100
fd-9145,2021-06-11,Mukono,banana leaves,5100
fd-9146,2020-10-13,Mukono,MAIZE,7900
fd-9147,2020-05-20,,fish,1500
fd-9148,2020-09-25,,fish,-4900
fd-9149,2021-02-21,Kansanga,CASSAVA,3200
fd-9150,2022-01-22,,beans,24500
fd-9151,2021-10-23,Kansanga,eggs,14500
fd-9152,2022-09-25,Nakasero,fish,16300
fd-9153,2021-10-15,Bwaise,CASSAVA,3500
fd-9154,2020-03-19,Mukono,Cassava,4200
fd-9155,2022-08-18,Kansanga,banana leaves,12000
fd-9156,2022-04-20,Kansanga,Maize,21600
fd-9157,2022-03-19,Bwaise,eggs,5900
fd-9158,2020-01-18,Mukono,eggs,18500
fd-9159,2022-01-17,Bwaise,beans,8100
fd-9160,2022-08-15,Bwaise,MAIZE,-1100
fd-9161,2020-06-28,Bwaise,Cassava,1700
fd-9162,2022-06-11,,Cassava,500
fd-9162,2021-02-27,Nakasero,fish,13800
fd-9164,2021-06-05,Kansanga,Beans,18800
fd-9165,2022-02-18,Nakasero,banana leaves,3100
fd-9165,2021-06-22,Nakasero,banana leaves,17700
fd-9167,2020-09-07,Bwaise,CASSAVA,4700
fd-9168,2021-05-27,Kansanga,eggs,22100
fd-9169,2020-09-05,Mukono,Cassava,6900
fd-9170,2021-02-05,,Maize,22100
fd-9171,2022-02-21,Mukono,Maize,13100
fd-9172,2020-09-15,Kansanga,Beans,5300
fd-9173,2022-08-15,,CASSAVA,14600
fd-9174,2022-15-48,Kansanga,maize,5700
fd-9175,2021-05-31,,beans,22100
fd-9176,2020-09-30,,CASSAVA,1200
fd-9177,2021-10-22,,eggs,5700
fd-9177,2022-01-23,Nakasero,MAIZE,5200
fd-9179,2022-02-21,Mukono,maize,20800
fd-9180,2021-07-26,,eggs,6100
fd-9180,2021-07-26,,eggs,6100
fd-9181,2020-04-06,Mukono,Maize,3700
fd-9181,2020-04-06,Mukono,Maize,3700
fd-9182,2022-02-02,,CASSAVA,10400
fd-9183,2021-11-21,Bwaise,maize,22500
fd-9184,2022-05-14,Kansanga,eggs,1500
fd-9184,2022-05-14,Kansanga,eggs,1500
fd-9185,2020-03-19,,beans,7500
fd-9186,2021-04-29,Mukono,beans,16200
fd-9187,2020-01-14,Kansanga,Cassava,6900
fd-9188,2022-07-20,Nakasero,maize,9400
fd-9189,2021-06-10,Bwaise,Maize,22300
fd-9190,2020-08-07,Kansanga,maize,2900
fd-9191,2022-08-26,Kansanga,eggs,16300
fd-9192,2021-11-04,Nakasero,CASSAVA,9000
fd-9193,2021-03-30,Mukono,Maize,17300
fd-9194,2024-17-45,Nakasero,CASSAVA,4600
fd-9195,2020-08-25,Nakasero,fish,7500
fd-9196,2020-08-21,Nakasero,MAIZE,10300
fd-9197,2022-09-02,Bwaise,eggs,12400
fd-9198,2021-03-24,Kansanga,Cassava,-1900
fd-9199,2020-05-07,Kansanga,beans,6100
fd-9200,2021-09-23,,fish,7000
fd-9201,2020-04-12,Kansanga,banana leaves,13200
fd-9202,2020-06-02,Kansanga,fish,24800
fd-9203,2021-04-01,Kansanga,Cassava,9600
fd-9204,2022-08-01,,Beans,19600
fd-9205,2021-07-31,Bwaise,Cassava,22700
fd-9206,2022-09-03,Bwaise,CASSAVA,15400
fd-9207,2020-10-11,,MAIZE,10000
fd-9208,2020-10-28,Kansanga,fish,1800
fd-9208,2020-10-28,Kansanga,fish,1800
fd-9209,2021-06-07,Bwaise,Beans,5700
fd-9210,2020-08-28,Kansanga,MAIZE,6100
fd-9211,2022-02-04,Nakasero,eggs,10700
fd-9212,2020-12-11,Kansanga,MAIZE,16700
fd-9213,2022-04-06,Mukono,MAIZE,2100
fd-9214,2022-07-31,Kansanga,CASSAVA,1000
fd-9215,2020-04-01,Nakasero,eggs,16900
fd-9216,2020-12-12,Nakasero,Beans,-1800
fd-9217,2020-05-06,Mukono,Cassava,20000
fd-9218,2020-02-25,Kansanga,Cassava,24400
fd-9219,2021-10-13,,maize,23800
fd-9220,2020-05-15,Kansanga,Beans,8600
fd-9221,2020-10-06,Bwaise,Maize,4400
fd-9222,2022-08-22,,CASSAVA,1300
fd-9222,2022-08-22,,CASSAVA,1300
fd-9223,2020-12-20,Mukono,Cassava,7200
fd-9224,2021-11-15,Bwaise,fish,4300
fd-9225,2022-08-26,Bwaise,eggs,13300
fd-9226,2020-02-27,Bwaise,maize,1500
fd-9227,2021-03-05,,maize,14700
fd-9228,2021-04-04,,maize,13000
fd-9229,2021-08-28,Bwaise,Maize,9600
fd-9230,2021-09-19,,Maize,13200
fd-9231,2021-07-26,Kansanga,banana leaves,5400
fd-9232,2020-12-10,Nakasero,CASSAVA,4000
fd-9233,2021-10-10,Mukono,fish,20500
fd-9233,2021-10-10,Mukono,fish,20500
fd-9234,2020-08-26,Nakasero,maize,3300
fd-9235,2022-07-21,Kansanga,banana leaves,8500
fd-9236,2020-07-24,Nakasero,Beans,6100
fd-9237,2020-07-01,Kansanga,beans,12700
fd-9238,2022-09-23,Nakasero,Cassava,11200
fd-9239,2020-04-26,Nakasero,banana leaves,14000
fd-9240,2023-16-47,,beans,14800
fd-9241,2020-01-30,Kansanga,maize,18200
fd-9242,2022-05-26,Mukono,Cassava,-2200
fd-9243,2020-09-28,,banana leaves,14800
fd-9243,2020-09-28,,banana leaves,14800
fd-9244,2021-05-14,Nakasero,banana leaves,11200
fd-9244,2021-05-14,Nakasero,banana leaves,11200
fd-9245,2025-18-37,Mukono,MAIZE,22700
fd-9246,2022-03-01,Kansanga,beans,15000
fd-9246,2022-03-01,Kansanga,beans,15000
fd-9247,2021-11-09,Mukono,Maize,13500
fd-9247,2021-11-09,Mukono,Maize,13500
fd-9248,2020-12-06,Kansanga,banana leaves,5100
fd-9249,2022-06-04,Bwaise,fish,1400
fd-9250,2022-04-14,Nakasero,MAIZE,17700
fd-9251,2021-01-28,,CASSAVA,4500
fd-9252,2020-10-07,,maize,9200
fd-9253,2021-07-17,Mukono,maize,21700
fd-9254,2020-05-20,,Maize,9200
fd-9255,2021-09-16,Mukono,Beans,24300
fd-9256,2022-09-06,Kansanga,MAIZE,23300
fd-9257,2020-11-04,,beans,15700
fd-9258,2020-12-11,Bwaise,Maize,22100
fd-9259,2020-06-19,,eggs,2600
fd-9260,2020-03-22,Nakasero,beans,19500
fd-9261,2020-01-09,Nakasero,banana leaves,23000
fd-9262,2021-11-03,Bwaise,Maize,23700
fd-9262,2020-11-17,Bwaise,banana leaves,10600
fd-9264,2020-10-10,Nakasero,Maize,20000
fd-9265,2021-12-13,,fish,3000
fd-9265,2021-12-13,,fish,3000
fd-9266,2020-09-26,,CASSAVA,9700
fd-9267,2021-08-21,Bwaise,maize,3800
fd-9268,2022-03-07,Kansanga,banana leaves,18300
fd-9269,2020-10-05,Mukono,Maize,6100
fd-9270,2021-03-01,,maize,15700
fd-9271,2022-04-14,,CASSAVA,21000
fd-9272,2020-06-02,Mukono,fish,18700
fd-9272,2022-07-08,Nakasero,maize,14400
fd-9274,2022-07-06,Mukono,maize,14700
fd-9275,2021-04-10,Bwaise,CASSAVA,8100
fd-9276,2020-09-22,Bwaise,Maize,21100
fd-9277,2021-02-20,,fish,9600
fd-9278,2020-04-28,,Beans,19000
fd-9279,2022-15-48,Nakasero,banana leaves,19500
fd-9280,2021-04-24,Kansanga,Maize,13900
fd-9281,2020-02-07,Mukono,Maize,19200
fd-9282,2020-08-24,Kansanga,fish,14800
fd-9283,2021-04-29,Mukono,banana leaves,11300
fd-9284,2020-03-11,Bwaise,fish,10700
fd-9284,2020-03-11,Bwaise,fish,10700
fd-9285,2021-11-25,Bwaise,CASSAVA,16300
fd-9286,2020-01-30,Kansanga,eggs,23200
fd-9287,2021-01-03,Mukono,maize,-2600
fd-9288,2021-08-26,,MAIZE,9400
fd-9289,2021-12-01,Mukono,Maize,-1400
fd-9290,2022-06-07,Mukono,maize,3500
fd-9291,2020-12-15,,eggs,20400
fd-9292,2021-06-18,Nakasero,Beans,24200
fd-9293,2021-09-26,Kansanga,Cassava,6700
fd-9294,2020-07-14,Kansanga,eggs,15700
fd-9295,2021-05-04,Mukono,fish,2500
fd-9296,2022-08-21,Kansanga,CASSAVA,18200
fd-9297,2021-02-24,Mukono,beans,23900
fd-9298,2020-12-29,Nakasero,CASSAVA,7700
fd-9298,2020-12-29,Nakasero,CASSAVA,7700
fd-9299,2021-02-24,Kansanga,fish,15000
fd-9300,2021-03-31,Mukono,beans,2500
fd-9301,2020-04-10,Kansanga,Beans,20400
fd-9302,2020-09-14,Mukono,Maize,24100
fd-9303,2022-08-16,Kansanga,fish,9700
fd-9304,2020-06-12,Nakasero,beans,6000
fd-9305,2022-06-02,Bwaise,beans,-1600
fd-9306,2021-08-20,Mukono,MAIZE,24900
fd-9307,2022-09-20,Nakasero,maize,5300
fd-9308,2020-04-28,Nakasero,MAIZE,19800
fd-9308,2020-04-28,Nakasero,MAIZE,19800
fd-9309,2020-05-04,Kansanga,CASSAVA,9000
fd-9310,2022-08-07,,eggs,19000
fd-9311,2025-18-37,Kansanga,CASSAVA,-1800
fd-9312,2022-02-09,Kansanga,banana leaves,7800
fd-9313,2022-02-24,Kansanga,CASSAVA,20400
fd-9314,2021-03-27,,eggs,23200
fd-9315,2022-01-22,Kansanga,fish,21700
fd-9316,2021-09-10,Mukono,maize,17300
fd-9317,2020-06-30,,CASSAVA,10300
fd-9318,2021-11-23,Nakasero,fish,15500
fd-9319,2021-01-09,Nakasero,banana leaves,18900
fd-9320,2022-09-02,Nakasero,beans,4400
fd-9321,2022-02-02,Nakasero,Cassava,14200
fd-9322,2021-11-08,Bwaise,banana leaves,23700
fd-9323,2022-09-21,Nakasero,Cassava,22500
fd-9324,2020-10-21,,maize,4000
fd-9325,2020-04-14,Kansanga,banana leaves,18200
fd-9326,2021-12-16,Bwaise,CASSAVA,3900
fd-9326,2021-12-16,Bwaise,CASSAVA,3900
fd-9327,2020-11-25,Mukono,CASSAVA,7100
fd-9328,2022-04-26,Bwaise,MAIZE,-4800
fd-9329,2022-03-04,Bwaise,MAIZE,6100
fd-9330,2021-12-29,,CASSAVA,3100
fd-9331,2021-05-01,Bwaise,Cassava,20100
fd-9332,2021-03-26,,Cassava,19900
fd-9333,2021-01-23,Kansanga,Maize,2600
fd-9334,2021-12-07,Nakasero,banana leaves,2200
fd-9335,2022-07-21,Mukono,MAIZE,22300
fd-9336,2020-05-06,,CASSAVA,1100
fd-9337,2020-08-12,Mukono,Cassava,8700
fd-9338,2020-09-22,Bwaise,Cassava,14000
fd-9339,2020-10-13,Mukono,Beans,11900
fd-9340,2021-02-21,Mukono,MAIZE,17200
fd-9341,2020-04-18,Nakasero,beans,16900
fd-9342,2021-01-10,,banana leaves,4600
fd-9343,2021-07-22,Mukono,MAIZE,20000
fd-9344,2021-12-02,,Maize,24200
fd-9345,2022-07-16,Nakasero,MAIZE,2700
fd-9346,2021-02-04,Mukono,maize,2600
fd-9347,2021-05-13,Nakasero,Cassava,12000
fd-9348,2020-08-05,Kansanga,Cassava,21000
fd-9349,2022-02-11,Nakasero,MAIZE,14100
fd-9350,2022-15-48,Bwaise,eggs,4900
fd-9351,2020-10-16,Mukono,CASSAVA,24800
fd-9352,2021-05-11,Kansanga,Cassava,17800
fd-9353,2020-01-29,Nakasero,Cassava,4300
fd-9354,2021-02-06,Mukono,MAIZE,16700
fd-9355,2022-01-14,Nakasero,Cassava,-2600
fd-9355,2022-01-14,Nakasero,Cassava,-2600
fd-9356,2020-01-15,Kansanga,fish,14500
fd-9357,2021-01-08,Mukono,eggs,7600
fd-9358,2020-08-20,Kansanga,Beans,-2000
fd-9359,2020-07-08,Kansanga,maize,16200
fd-9360,2022-08-01,Bwaise,beans,12800
fd-9361,2022-04-13,Nakasero,banana leaves,8900
fd-9362,2020-02-25,Bwaise,eggs,15900
fd-9363,2021-01-20,Nakasero,maize,14000
fd-9364,2021-01-29,Kansanga,banana leaves,4700
fd-9365,2021-12-19,Nakasero,Maize,21900
fd-9366,2020-01-18,Kansanga,Beans,14000
fd-9367,2022-06-05,,MAIZE,18600
fd-9368,2022-05-18,Nakasero,maize,6900
fd-9369,2021-08-27,Mukono,Cassava,21400
fd-9370,2022-09-23,Nakasero,Cassava,20000
fd-9371,2020-08-22,Nakasero,Maize,18200
fd-9372,2021-11-24,Mukono,fish,13200
fd-9373,2021-01-26,Mukono,beans,5400
fd-9374,2021-12-09,Mukono,banana leaves,22700
fd-9375,2020-10-08,Mukono,MAIZE,23900
fd-9376,2022-15-48,Nakasero,beans,2800
fd-9377,2020-08-20,,maize,18100
fd-9377,2020-08-20,,maize,18100
fd-9378,2022-01-19,,eggs,23400
fd-9379,2021-04-23,Mukono,banana leaves,3200
fd-9380,2020-03-06,Bwaise,Beans,19500
fd-9381,2021-10-05,Bwaise,beans,14300
fd-9382,2020-02-16,Kansanga,fish,13300
fd-9383,2022-05-12,,maize,17300
fd-9384,2022-05-03,Mukono,Maize,1400
fd-9385,2022-06-17,Mukono,Beans,8800
fd-9386,2021-04-01,Mukono,beans,2100
fd-9387,2021-07-02,Kansanga,Cassava,14600
fd-9388,2022-06-01,,maize,8700
fd-9389,2020-01-29,Nakasero,Maize,24700
fd-9390,2022-01-27,Kansanga,beans,7100
fd-9391,2020-04-18,Bwaise,MAIZE,10400
fd-9392,2021-03-01,Kansanga,fish,-2600
fd-9393,2022-02-12,,banana leaves,6500
fd-9394,2021-05-15,Mukono,maize,5000
fd-9395,2020-07-16,Bwaise,banana leaves,23700
fd-9396,2021-03-12,Mukono,banana leaves,6300
fd-9397,2022-01-15,Kansanga,Maize,3500
fd-9398,2020-01-08,Bwaise,CASSAVA,21300
fd-9399,2020-06-02,Mukono,banana leaves,20600
fd-9400,2021-12-11,Kansanga,CASSAVA,11200
fd-9401,2022-07-03,Nakasero,Cassava,23100
fd-9402,2020-11-12,Kansanga,banana leaves,9700
fd-9403,2021-09-26,Mukono,banana leaves,20200
fd-9404,2022-15-48,,banana leaves,2500
fd-9404,2020-05-11,Kansanga,Cassava,4800
fd-9406,2020-08-26,Mukono,Beans,1300
fd-9407,2020-01-01,Bwaise,beans,16200
fd-9408,2021-10-30,,CASSAVA,14400
fd-9409,2021-09-29,Mukono,maize,5600
fd-9410,2020-06-24,Bwaise,beans,17700
fd-9411,2021-04-03,Mukono,eggs,9700
fd-9412,2020-03-19,Mukono,maize,21000
fd-9413,2020-02-11,Nakasero,fish,7600
fd-9414,2021-08-29,Nakasero,eggs,9800
fd-9415,2022-07-10,,Beans,20900
fd-9416,2021-02-12,Bwaise,Cassava,21800
fd-9417,2021-11-21,Mukono,Maize,4900
fd-9418,2021-02-12,Nakasero,maize,10200
fd-9419,2020-12-19,Nakasero,maize,13700
fd-9420,2020-05-24,Kansanga,fish,5100
fd-9421,2020-09-09,,eggs,-2700
fd-9422,2020-10-12,Mukono,Maize,4300
fd-9423,2021-05-17,Bwaise,Maize,10000
fd-9424,2020-05-15,Mukono,banana leaves,5700
fd-9425,2021-03-05,Mukono,banana leaves,1700
fd-9426,2021-01-07,Mukono,eggs,8300
fd-9427,2021-07-08,,Cassava,19900
fd-9428,2026-19-40,Kansanga,Beans,15200
fd-9429,2021-05-16,Mukono,banana leaves,5500
fd-9430,2021-01-07,Mukono,Cassava,-4200
fd-9431,2020-03-24,Nakasero,beans,6700
fd-9432,2020-10-09,Mukono,eggs,23900
fd-9433,2020-07-06,Bwaise,Beans,5000
fd-9434,2020-07-06,Mukono,CASSAVA,3000
fd-9435,2020-06-16,,CASSAVA,6600
fd-9436,2020-11-26,Bwaise,fish,5900
fd-9437,2021-03-20,Kansanga,maize,23300
fd-9437,2021-03-20,Kansanga,maize,23300
fd-9438,2022-02-08,Mukono,banana leaves,7800
fd-9439,2020-03-08,Kansanga,MAIZE,12500
fd-9440,2022-03-25,Kansanga,beans,1800
fd-9440,2022-03-25,Kansanga,beans,1800
fd-9441,2020-09-12,Mukono,MAIZE,23800
fd-9442,2020-08-14,Bwaise,CASSAVA,21200
fd-9443,2022-06-13,Mukono,eggs,7300
fd-9444,2021-09-28,,Beans,6600
fd-9445,2021-05-01,Nakasero,MAIZE,13900
fd-9446,2020-09-18,Bwaise,Beans,12200
fd-9447,2021-02-03,Mukono,Beans,16900
fd-9448,2021-05-27,Nakasero,banana leaves,24500
fd-9449,2022-07-24,Mukono,eggs,15900
fd-9450,2021-09-23,,Beans,18600
fd-9451,2022-04-15,Mukono,Maize,2800
fd-9452,2020-07-31,Bwaise,Maize,3900
fd-9453,2022-07-29,Kansanga,Cassava,3400
fd-9454,2021-11-26,Mukono,maize,21400
fd-9455,2020-08-11,Mukono,MAIZE,5100
fd-9456,2022-07-13,Kansanga,beans,20500
fd-9457,2020-03-18,Mukono,Beans,10000
fd-9457,2020-03-18,Mukono,Beans,10000
fd-9458,2022-04-08,,maize,12900
fd-9459,2020-03-20,Nakasero,eggs,12800
fd-9460,2020-09-03,,eggs,14500
fd-9461,2021-03-17,Nakasero,banana leaves,5200
fd-9461,2021-03-17,Nakasero,banana leaves,5200
fd-9462,2021-01-05,Mukono,CASSAVA,5400
fd-9463,2021-11-08,,maize,16100
fd-9464,2020-08-03,Bwaise,maize,21800
fd-9465,2022-06-27,Bwaise,Beans,16400
fd-9465,2022-06-27,Bwaise,Beans,16400
fd-9466,2022-05-23,,beans,-3600
fd-9467,2020-05-29,Kansanga,MAIZE,17200
fd-9468,2021-05-21,,Beans,17000
fd-9469,2020-02-24,Nakasero,eggs,16200
fd-9470,2020-01-13,Bwaise,CASSAVA,6700
fd-9471,2022-04-22,Bwaise,fish,7100
fd-9472,2021-08-11,,banana leaves,13700
fd-9473,2020-07-16,Nakasero,CASSAVA,6200
fd-9474,2021-09-18,Kansanga,maize,7700
fd-9475,2021-10-01,Nakasero,eggs,10600
fd-9475,2021-10-01,Nakasero,eggs,10600
fd-9476,2021-05-16,Kansanga,beans,24400
fd-9477,2021-01-23,,maize,17700
fd-9478,2020-03-04,,eggs,14800
fd-9479,2022-02-22,Mukono,CASSAVA,12100
fd-9480,2020-08-23,,Maize,12000
fd-9481,2020-14-50,Bwaise,maize,23000
fd-9482,2021-05-02,Kansanga,maize,15900
fd-9483,2022-09-11,Bwaise,MAIZE,4200
fd-9484,2022-03-02,Bwaise,Cassava,6900
fd-9485,2020-12-19,,Cassava,9300
fd-9486,2024-17-45,,fish,8400
fd-9487,2020-04-26,Kansanga,Beans,-1200
fd-9488,2022-09-20,Kansanga,Maize,17200
fd-9489,2021-10-01,Nakasero,Maize,8100
fd-9490,2020-06-16,,Cassava,7000
fd-9491,2022-04-07,,Cassava,18100
fd-9492,2020-03-03,Kansanga,fish,3700
fd-9493,2021-09-26,Mukono,CASSAVA,10900
fd-9494,2020-05-13,Bwaise,banana leaves,24000
fd-9495,2020-10-18,Mukono,fish,12300
fd-9496,2020-07-30,,eggs,16800
fd-9497,2020-05-23,Nakasero,CASSAVA,24700
fd-9498,2021-09-18,Nakasero,Maize,16500
fd-9499,2020-02-05,Mukono,eggs,6000
fd-9500,2021-10-24,Mukono,fish,22800
fd-9501,2022-03-27,Mukono,eggs,17000
fd-9502,2022-05-10,Kansanga,beans,20300
fd-9503,2021-10-07,Nakasero,CASSAVA,18000
fd-9504,2020-07-12,Bwaise,Maize,1400
fd-9505,2021-09-07,Bwaise,Beans,22600
fd-9506,2022-05-29,Bwaise,Maize,2100
fd-9507,2020-02-26,Bwaise,CASSAVA,2800
fd-9508,2020-06-21,,banana leaves,4800
fd-9509,2021-11-08,Bwaise,eggs,3200
fd-9510,2022-08-05,Kansanga,MAIZE,24300
fd-9511,2021-10-29,Kansanga,Beans,1200
fd-9512,2022-06-22,Mukono,Cassava,10700
fd-9512,2022-06-22,Mukono,Cassava,10700
fd-9513,2020-03-25,Mukono,Cassava,4400
fd-9514,2022-02-04,Kansanga,beans,16900
fd-9515,2022-02-13,Mukono,MAIZE,8800
fd-9516,2020-11-10,Kansanga,Beans,15700
fd-9516,2020-11-10,Kansanga,Beans,15700
fd-9517,2021-11-15,Kansanga,banana leaves,8100
fd-9518,2022-02-09,Bwaise,Cassava,14900
fd-9519,2021-01-14,Bwaise,beans,12100
fd-9520,2020-07-15,Nakasero,fish,3400
fd-9521,2022-02-17,Nakasero,MAIZE,19300
fd-9522,2021-06-01,Kansanga,Maize,3800
fd-9523,2020-01-28,Nakasero,Maize,6400
fd-9524,2020-05-05,Mukono,banana leaves,21400
fd-9524,2020-05-05,Mukono,banana leaves,21400
fd-9525,2022-03-17,Bwaise,banana leaves,13200
fd-9526,2021-08-31,Kansanga,CASSAVA,6800
fd-9527,2022-03-29,Bwaise,banana leaves,23200
fd-9528,2021-03-28,Nakasero,banana leaves,-3700
fd-9529,2021-05-17,Kansanga,Maize,13900
fd-9530,2020-08-29,Bwaise,MAIZE,13300
fd-9531,2022-08-20,Mukono,Beans,20000
fd-9531,2021-12-21,Bwaise,Cassava,6900
fd-9531,2021-12-21,Bwaise,Cassava,6900
fd-9533,2022-04-12,Nakasero,fish,1100
fd-9534,2021-04-06,Bwaise,fish,2700
fd-9535,2020-09-01,Bwaise,MAIZE,16100
fd-9536,2022-08-29,,banana leaves,20300
fd-9537,2022-04-26,Bwaise,banana leaves,3800
fd-9538,2022-05-09,,Maize,17200
fd-9539,2021-04-13,Bwaise,beans,19200
fd-9539,2021-04-13,Bwaise,beans,19200
fd-9540,2020-12-29,Kansanga,eggs,20700
fd-9541,2022-06-18,Kansanga,CASSAVA,18500
fd-9542,2020-12-03,Nakasero,MAIZE,4800
fd-9543,2022-09-10,Nakasero,Beans,21800
fd-9544,2022-06-20,Mukono,Beans,14000
fd-9545,2021-09-02,Mukono,fish,9400
fd-9546,2020-09-08,,MAIZE,-2800
fd-9547,2020-06-16,,beans,8700
fd-9548,2021-10-08,Mukono,banana leaves,23500
fd-9549,2022-07-05,Kansanga,Cassava,13900
fd-9550,2020-05-08,Nakasero,beans,800
fd-9551,2021-03-15,Kansanga,beans,15300
fd-9551,2021-03-15,Kansanga,beans,15300
fd-9552,2022-07-04,Nakasero,MAIZE,11800
fd-9553,2021-03-30,Nakasero,CASSAVA,22200
fd-9554,2022-05-06,Mukono,maize,14200
fd-9555,2020-09-06,Mukono,beans,-1800
fd-9556,2020-07-27,,CASSAVA,22100
fd-9556,2021-01-05,,eggs,20700
fd-9558,2021-07-25,Nakasero,beans,4700
fd-9559,2020-04-09,Kansanga,Maize,-4200
fd-9560,2022-09-03,Mukono,fish,19700
fd-9561,2021-12-21,Nakasero,beans,21000
fd-9562,2020-03-20,Bwaise,fish,7600
fd-9563,2021-01-11,,fish,700
fd-9564,2020-04-04,,eggs,18400
fd-9565,2020-07-15,Nakasero,Maize,11200
fd-9565,2020-07-15,Nakasero,Maize,11200
fd-9566,2022-05-11,Bwaise,beans,22600
fd-9567,2022-02-17,Bwaise,fish,18300
fd-9568,2021-11-26,,CASSAVA,22000
fd-9569,2022-05-02,,MAIZE,19600
fd-9570,2022-02-04,,Maize,17400
fd-9571,2020-03-09,Nakasero,Beans,9400
fd-9572,2020-07-06,Kansanga,eggs,14100
fd-9573,2022-04-04,,CASSAVA,5100
fd-9574,2022-08-07,,banana leaves,5100
fd-9575,2021-03-08,Bwaise,eggs,15400
fd-9576,2021-06-06,Mukono,beans,1800
fd-9577,2021-04-09,Kansanga,maize,19900
fd-9578,2021-09-01,,CASSAVA,-3700
fd-9579,2020-08-09,Mukono,maize,24400
fd-9580,2022-09-01,Kansanga,MAIZE,6400
fd-9581,2020-03-14,,maize,4700
fd-9582,2021-06-03,,Cassava,24900
fd-9582,2021-06-03,,Cassava,24900
fd-9583,2022-06-20,Kansanga,maize,10600
fd-9584,2021-05-22,Bwaise,beans,13900
fd-9585,2021-10-14,Nakasero,Beans,7300
fd-9586,2021-11-07,Mukono,maize,11900
fd-9587,2021-13-49,Nakasero,CASSAVA,19100
fd-9588,2022-08-26,Bwaise,maize,2600
fd-9589,2022-07-12,Bwaise,beans,12200
fd-9589,2022-07-12,Bwaise,beans,12200
fd-9590,2022-05-08,Kansanga,MAIZE,10300
fd-9591,2022-01-19,Bwaise,banana leaves,10800
fd-9592,2022-06-11,,maize,6400
fd-9593,2021-04-08,Bwaise,CASSAVA,23400
fd-9594,2022-07-12,,Cassava,15800
fd-9595,2021-07-15,Bwaise,Beans,16600
fd-9596,2020-11-01,Nakasero,maize,15300
fd-9597,2020-07-01,Mukono,Maize,7000
fd-9598,2021-04-29,,Cassava,9000
fd-9599,2021-08-05,Kansanga,banana leaves,7700
fd-9600,2021-12-28,,Maize,22700
fd-9601,2020-02-11,Kansanga,Beans,8200
fd-9601,2020-02-11,Kansanga,Beans,8200
fd-9602,2020-01-27,Kansanga,fish,11800
fd-9603,2020-05-19,Mukono,beans,9600
fd-9604,2021-06-18,Nakasero,fish,2000
fd-9605,2020-10-29,Nakasero,maize,8200
fd-9606,2022-15-48,,CASSAVA,2600
fd-9607,2020-10-31,Nakasero,Cassava,3700
fd-9607,2020-10-31,Nakasero,Cassava,3700
fd-9608,2022-08-06,Bwaise,maize,14700
fd-9609,2021-01-02,Kansanga,Maize,15900
fd-9610,2021-06-17,,MAIZE,19400
fd-9611,2020-06-27,,beans,16600
fd-9612,2020-05-02,Kansanga,Beans,15700
fd-9613,2020-02-03,Bwaise,Maize,21200
fd-9614,2021-01-01,Kansanga,eggs,10600
fd-9615,2021-03-03,,maize,1300
fd-9615,2021-03-03,,maize,1300
fd-9616,2021-06-26,Mukono,banana leaves,2300
fd-9617,2021-09-29,Nakasero,beans,9900
fd-9618,2020-12-09,Mukono,eggs,5800
fd-9618,2020-12-09,Mukono,eggs,5800
fd-9619,2020-11-10,Mukono,fish,17500
fd-9620,2021-02-21,Mukono,beans,2300
fd-9621,2021-07-17,Nakasero,eggs,3700
fd-9622,2020-10-30,Bwaise,banana leaves,16400
fd-9623,2020-05-11,Bwaise,fish,9700
fd-9624,2022-03-19,,banana leaves,11100
fd-9625,2022-05-12,,eggs,14700
fd-9626,2020-07-12,,maize,15900
fd-9627,2020-05-10,,CASSAVA,23100
fd-9628,2020-05-20,Bwaise,Maize,8100
fd-9629,2021-11-04,Bwaise,MAIZE,21800
fd-9630,2021-09-14,Kansanga,maize,22600
fd-9631,2020-05-22,Mukono,Cassava,4200
fd-9631,2020-05-22,Mukono,Cassava,4200
fd-9632,2022-06-18,Mukono,Cassava,22000
fd-9633,2020-12-11,Bwaise,MAIZE,13300
fd-9634,2022-08-04,Kansanga,beans,14900
fd-9635,2021-11-07,Kansanga,MAIZE,17300
fd-9636,2020-09-30,Bwaise,Cassava,14800
fd-9637,2022-01-25,Bwaise,fish,21700
fd-9638,2020-03-25,,maize,18100
fd-9639,2021-12-19,Bwaise,CASSAVA,21400
fd-9640,2020-09-14,Mukono,maize,7000
fd-9641,2021-01-22,Nakasero,Maize,20200
fd-9642,2022-08-26,,banana leaves,24100
fd-9642,2022-08-26,,banana leaves,24100
fd-9643,2022-07-18,Kansanga,beans,8400
fd-9644,2021-06-24,,banana leaves,19800
fd-9645,2020-02-09,Mukono,fish,12000
fd-9646,2020-09-22,Nakasero,fish,1200
fd-9647,2022-07-07,Kansanga,Maize,9200
fd-9648,2022-03-26,Kansanga,banana leaves,5100
fd-9649,2020-09-11,Kansanga,MAIZE,23200
fd-9650,2022-08-05,Mukono,CASSAVA,13800
fd-9651,2021-06-29,Nakasero,fish,6100
fd-9652,2021-03-21,Bwaise,Beans,12200
fd-9653,2021-11-26,,CASSAVA,4800
fd-9654,2021-08-27,Bwaise,beans,19600
fd-9655,2020-11-10,Nakasero,beans,700
fd-9656,2020-11-11,Nakasero,fish,800
fd-9656,2020-11-11,Nakasero,fish,800
fd-9657,2022-03-14,Bwaise,fish,16800
fd-9658,2021-07-04,Mukono,CASSAVA,11500
fd-9659,2020-05-07,Mukono,CASSAVA,17300
fd-9659,2020-05-07,Mukono,CASSAVA,17300
fd-9660,2020-02-08,Bwaise,Cassava,4800
fd-9661,2021-11-28,Nakasero,MAIZE,-5000
fd-9662,2021-08-10,Kansanga,Cassava,11900
fd-9663,2022-02-23,Nakasero,beans,14900
fd-9664,2021-02-10,,Cassava,8600
fd-9665,2020-07-05,Mukono,beans,20800
fd-9666,2022-01-08,Nakasero,maize,11900
fd-9667,2022-08-04,,MAIZE,3200
fd-9668,2020-05-07,Mukono,Beans,14500
fd-9669,2021-09-23,Bwaise,CASSAVA,4500
fd-9670,2021-07-16,Mukono,beans,15800
fd-9671,2020-08-30,,Beans,2200
fd-9672,2022-09-11,Bwaise,Cassava,22600
fd-9673,2020-11-20,Mukono,eggs,20300
fd-9674,2020-11-02,Mukono,MAIZE,-1400
fd-9674,2020-11-02,Mukono,MAIZE,-1400
fd-9675,2023-16-47,Kansanga,eggs,18300
fd-9676,2022-02-26,Nakasero,CASSAVA,4200
fd-9677,2022-09-06,Kansanga,eggs,10400
fd-9677,2022-09-06,Kansanga,eggs,10400
fd-9678,2020-03-04,Nakasero,MAIZE,9100
fd-9678,2020-03-04,Nakasero,MAIZE,9100
fd-9679,2021-02-26,Kansanga,fish,3800
fd-9680,2020-10-23,Nakasero,eggs,7000
fd-9681,2021-03-25,Nakasero,CASSAVA,6800
fd-9682,2021-10-22,Nakasero,eggs,13900
fd-9683,2020-06-17,Kansanga,Beans,19100
fd-9683,2020-05-23,Mukono,banana leaves,22900
fd-9685,2020-06-07,Mukono,banana leaves,12200
fd-9686,2022-06-10,Mukono,maize,12000
fd-9687,2020-04-11,Bwaise,fish,-2700
fd-9688,2022-06-20,Mukono,Cassava,14200
fd-9688,2022-06-20,Mukono,Cassava,14200
fd-9689,2020-02-24,Mukono,Beans,22500
fd-9690,2021-07-23,Mukono,maize,11200
fd-9691,2020-07-16,,beans,13100
fd-9692,2022-04-09,,beans,9700
fd-9693,2021-08-16,Bwaise,eggs,24400
fd-9693,2021-08-16,Bwaise,eggs,24400
fd-9694,2021-05-07,Kansanga,fish,11700
fd-9695,2021-01-19,Bwaise,beans,11800
fd-9696,2020-08-28,Mukono,fish,6300
fd-9697,2021-10-22,Nakasero,Cassava,24100
fd-9698,2021-12-19,Bwaise,CASSAVA,24300
fd-9699,2022-04-07,Mukono,fish,23000
fd-9700,2020-05-26,Mukono,Cassava,7600
fd-9701,2021-05-02,,Cassava,17500
fd-9701,2021-05-02,,Cassava,17500
fd-9702,2021-10-27,Mukono,fish,5000
fd-9703,2020-05-06,Mukono,MAIZE,2100
fd-9704,2020-11-26,Kansanga,fish,23200
fd-9705,2020-06-26,Kansanga,eggs,22200
fd-9706,2022-04-26,Mukono,Cassava,15400
fd-9706,2022-04-26,Mukono,Cassava,15400
fd-9707,2022-08-10,,Maize,15900
fd-9708,2022-09-22,Mukono,Maize,23600
fd-9709,2020-11-29,Kansanga,maize,21700
fd-9710,2020-05-21,Bwaise,Cassava,8300
fd-9711,2022-09-01,Mukono,Maize,24400
fd-9712,2020-06-23,Mukono,MAIZE,6000
fd-9713,2021-05-15,Nakasero,Maize,7700
fd-9714,2020-09-05,Bwaise,beans,1000
fd-9715,2020-11-23,Nakasero,Cassava,8600
fd-9716,2021-03-15,Bwaise,beans,24300
fd-9717,2022-07-01,Kansanga,eggs,15100
fd-9718,2020-08-03,,banana leaves,5300
fd-9719,2026-19-40,Bwaise,CASSAVA,22700
fd-9720,2022-06-26,Bwaise,Maize,15500
fd-9721,2020-04-25,Bwaise,eggs,7100
fd-9722,2021-10-08,Nakasero,banana leaves,12000
fd-9723,2020-12-10,Bwaise,eggs,22800
fd-9724,2020-01-22,Kansanga,CASSAVA,7800
fd-9725,2021-04-06,Mukono,banana leaves,-4100
fd-9726,2020-10-25,Bwaise,banana leaves,-4700
fd-9727,2022-07-03,Nakasero,fish,6600
fd-9728,2020-02-10,,maize,17700
fd-9728,2020-02-10,,maize,17700
fd-9729,2021-09-19,Bwaise,Cassava,20100
fd-9730,2021-11-22,Mukono,maize,19300
fd-9731,2020-10-17,Kansanga,fish,13000
fd-9732,2020-03-07,Bwaise,Maize,16600
fd-9733,2021-05-11,Bwaise,eggs,1700
fd-9734,2021-03-26,Kansanga,MAIZE,11500
fd-9735,2021-02-02,,banana leaves,23600
fd-9735,2021-02-02,,banana leaves,23600
fd-9736,2020-11-02,Bwaise,Maize,1000
fd-9737,2020-07-28,Mukono,Cassava,20300
fd-9738,2020-07-23,Kansanga,banana leaves,19900
fd-9739,2020-05-16,Mukono,Beans,16900
fd-9739,2020-05-16,Mukono,Beans,16900
fd-9740,2022-04-11,Bwaise,Cassava,13200
fd-9741,2022-05-19,,maize,21800
fd-9742,2020-05-01,Mukono,maize,21000
fd-9743,2025-18-37,Nakasero,Maize,-5000
fd-9744,2020-01-04,Mukono,banana leaves,18700
fd-9745,2021-03-04,Bwaise,CASSAVA,15400
fd-9746,2024-17-45,Bwaise,Beans,3000
fd-9747,2021-08-16,Kansanga,beans,15600
fd-9748,2021-08-25,Mukono,banana leaves,23600
fd-9749,2020-11-12,Kansanga,Beans,17900
fd-9750,2020-08-04,Mukono,Cassava,-4200
fd-9751,2021-08-26,Nakasero,fish,16300
fd-9752,2021-12-11,Kansanga,MAIZE,7900
fd-9753,2020-05-20,,maize,17800
fd-9754,2021-11-09,Mukono,MAIZE,1700
fd-9754,2021-11-09,Mukono,MAIZE,1700
fd-9755,2022-02-11,,banana leaves,-4400
fd-9756,2021-07-09,Kansanga,fish,10800
fd-9757,2021-08-23,,CASSAVA,17000
fd-9758,2020-03-13,Kansanga,Maize,21800
fd-9759,2021-06-30,,fish,21000
fd-9760,2022-08-17,Kansanga,banana leaves,9200
fd-9761,2022-06-17,Bwaise,fish,9900
fd-9762,2021-04-16,,Beans,24300
fd-9763,2021-11-27,Mukono,CASSAVA,10100
fd-9764,2021-10-27,Mukono,Beans,13100
fd-9765,2021-12-04,,eggs,8000
fd-9766,2021-12-17,Kansanga,CASSAVA,10300
fd-9767,2022-05-05,Mukono,maize,16400
fd-9768,2021-06-08,Nakasero,Maize,10000
fd-9769,2022-05-09,Kansanga,beans,-1500
fd-9769,2022-05-09,Kansanga,beans,-1500
fd-9770,2022-09-21,Nakasero,beans,24100
fd-9771,2021-05-08,Bwaise,banana leaves,5700
fd-9772,2022-05-14,Kansanga,Cassava,9700
fd-9773,2020-10-03,,eggs,10800
fd-9774,2021-07-18,Nakasero,banana leaves,7600
fd-9775,2022-03-01,Bwaise,eggs,18500
fd-9776,2020-03-31,,CASSAVA,19800
fd-9777,2021-03-18,,banana leaves,4900
fd-9778,2021-10-24,Kansanga,Cassava,15900
fd-9779,2020-12-31,Mukono,eggs,24900
fd-9780,2021-03-08,Bwaise,Maize,14700
fd-9781,2022-04-20,,beans,15700
fd-9782,2020-11-14,Nakasero,Beans,13200
fd-9783,2021-05-26,Nakasero,Maize,9800
fd-9784,2022-01-04,Bwaise,Cassava,7300
fd-9785,2020-01-31,Mukono,beans,16600
fd-9786,2021-08-10,Kansanga,CASSAVA,2900
fd-9787,2021-09-29,Nakasero,banana leaves,9100
fd-9787,2021-09-29,Nakasero,banana leaves,9100
fd-9788,2021-04-09,Nakasero,Maize,9700
fd-9789,2020-09-15,Mukono,Beans,8500
fd-9790,2022-05-12,Bwaise,MAIZE,13700
fd-9791,2020-03-01,Nakasero,CASSAVA,17200
fd-9792,2021-11-26,Bwaise,MAIZE,3500
fd-9793,2022-04-10,Nakasero,banana leaves,21400
fd-9794,2020-06-19,Kansanga,banana leaves,17400
fd-9795,2022-05-28,Kansanga,maize,14100
fd-9796,2021-05-11,Bwaise,maize,18900
fd-9797,2022-01-24,Kansanga,eggs,13300
fd-9798,2021-02-21,Bwaise,fish,15000
fd-9799,2021-07-25,,MAIZE,13900
fd-9799,2022-02-10,,CASSAVA,12700
fd-9801,2022-02-27,Nakasero,fish,17800
fd-9802,2022-07-01,Kansanga,fish,800
fd-9803,2020-05-18,Kansanga,CASSAVA,15400
fd-9804,2022-04-07,Bwaise,CASSAVA,21500
fd-9805,2021-07-25,Kansanga,MAIZE,15600
fd-9806,2021-12-11,Kansanga,Beans,24200
fd-9806,2021-08-08,Nakasero,eggs,10200
fd-9808,2020-09-26,,fish,15700
fd-9809,2021-10-22,Bwaise,MAIZE,10200
fd-9810,2021-08-10,Bwaise,MAIZE,17600
fd-9810,2021-08-10,Bwaise,MAIZE,17600
fd-9811,2022-09-02,Mukono,fish,18300
fd-9812,2020-09-20,,CASSAVA,21400
fd-9813,2021-01-28,Kansanga,fish,17300
fd-9814,2020-02-03,,Cassava,17700
fd-9815,2020-05-24,Bwaise,Maize,24300
fd-9816,2022-03-06,Kansanga,beans,22300
fd-9817,2020-09-06,Nakasero,Cassava,17400
fd-9818,2022-07-15,,MAIZE,700
fd-9819,2021-08-17,Kansanga,CASSAVA,8200
fd-9819,2021-08-17,Kansanga,CASSAVA,8200
fd-9820,2021-08-15,,Beans,15200
fd-9821,2021-03-18,,Maize,24000
fd-9822,2021-01-31,Bwaise,MAIZE,3300
fd-9823,2020-03-13,Bwaise,Maize,19700
fd-9824,2021-10-17,Bwaise,fish,21300
fd-9825,2021-08-27,Nakasero,Maize,21900
fd-9826,2020-06-01,Kansanga,Beans,4300
fd-9827,2020-02-26,Bwaise,maize,7400
fd-9828,2020-04-13,,maize,13900
fd-9828,2020-04-13,,maize,13900
fd-9829,2020-03-04,Mukono,fish,10200
fd-9830,2021-04-30,Bwaise,maize,17500
fd-9830,2021-04-30,Bwaise,maize,17500
fd-9831,2022-06-21,Bwaise,fish,-3300
fd-9832,2021-03-04,Bwaise,MAIZE,11800
fd-9832,2021-03-18,Mukono,Cassava,17000
fd-9834,2022-04-30,,fish,12400
fd-9835,2020-07-05,,Cassava,5300
fd-9836,2022-02-03,Kansanga,CASSAVA,10300
fd-9837,2020-05-23,Kansanga,beans,22000
fd-9838,2021-12-22,Kansanga,CASSAVA,8700
fd-9839,2021-06-15,Nakasero,CASSAVA,21700
fd-9840,2022-02-02,Nakasero,eggs,12800
fd-9840,2022-02-02,Nakasero,eggs,12800
fd-9841,2022-07-13,Mukono,fish,22400
fd-9842,2020-01-30,Nakasero,Cassava,22900
fd-9843,2020-07-11,,fish,21100
fd-9844,2020-04-15,Mukono,beans,10800
fd-9845,2021-02-15,Mukono,maize,10800
fd-9845,2021-02-15,Mukono,maize,10800
fd-9846,2020-12-10,Bwaise,MAIZE,15400
fd-9847,2022-04-27,Nakasero,fish,19400
fd-9847,2021-02-12,Bwaise,Cassava,9300
fd-9849,2022-07-21,Bwaise,eggs,18400
fd-9850,2020-12-14,,Cassava,5800
fd-9851,2020-04-25,,beans,24200
fd-9852,2022-03-16,Bwaise,fish,-3400
fd-9853,2021-08-31,Nakasero,Cassava,14400
fd-9854,2021-02-20,Nakasero,Maize,9100
fd-9855,2021-11-20,,banana leaves,19700
fd-9856,2022-02-27,Bwaise,MAIZE,24600
fd-9857,2021-06-06,Mukono,Maize,10200
fd-9858,2021-08-01,Kansanga,CASSAVA,18100
fd-9859,2020-03-10,,Cassava,15000
fd-9860,2020-09-05,,MAIZE,20800
fd-9861,2021-07-11,Bwaise,banana leaves,22500
fd-9861,2020-01-15,,eggs,12800
fd-9863,2020-04-15,Nakasero,Cassava,16500
fd-9864,2021-10-13,,fish,23700
fd-9865,2022-01-29,Bwaise,beans,20500
fd-9865,2022-01-29,Bwaise,beans,20500
fd-9866,2020-07-18,Kansanga,beans,15200
fd-9867,2022-01-12,Bwaise,banana leaves,1000
fd-9868,2020-12-05,,beans,5600
fd-9869,2022-04-29,Kansanga,banana leaves,6000
fd-9870,2022-09-14,,MAIZE,12800
fd-9871,2021-09-22,Kansanga,eggs,4400
fd-9872,2020-07-24,Nakasero,Maize,1500
fd-9873,2020-11-16,Mukono,fish,4000
fd-9874,2021-03-25,Kansanga,Maize,5800
fd-9875,2021-08-17,Nakasero,Beans,23400
fd-9876,2020-06-15,Kansanga,MAIZE,21400
fd-9877,2021-09-26,,CASSAVA,19500
fd-9878,2020-10-16,,MAIZE,20500
fd-9879,2022-04-30,Bwaise,Beans,24400
fd-9880,2022-09-21,Nakasero,maize,1300
fd-9881,2020-12-10,,Cassava,3100
fd-9882,2021-01-07,Nakasero,fish,18300
fd-9883,2022-02-07,Mukono,Cassava,1400
fd-9884,2021-05-10,Kansanga,MAIZE,6600
fd-9884,2020-10-06,Bwaise,fish,-5000
fd-9886,2021-09-15,,eggs,5000
fd-9887,2021-12-19,Mukono,maize,20800
fd-9888,2020-06-21,Mukono,banana leaves,13000
fd-9888,2021-09-20,Mukono,Cassava,14200
fd-9890,2020-07-07,Mukono,Beans,15900
fd-9891,2020-12-04,,CASSAVA,16300
fd-9892,2025-18-37,Nakasero,Beans,12400
fd-9892,2025-18-37,Nakasero,Beans,12400
fd-9893,2021-04-06,,banana leaves,-4800
fd-9894,2022-02-23,Nakasero,MAIZE,12100
fd-9895,2021-10-23,Bwaise,beans,22900
fd-9896,2022-08-02,Bwaise,beans,700
fd-9897,2020-07-26,Bwaise,maize,21100
fd-9897,2020-07-26,Bwaise,maize,21100
fd-9898,2022-07-04,Kansanga,banana leaves,-4000
fd-9899,2021-11-01,Nakasero,beans,21900
fd-9899,2021-06-09,Mukono,Maize,24800
fd-9901,2022-04-06,,CASSAVA,12900
fd-9902,2022-08-07,Bwaise,beans,6700
fd-9903,2021-06-08,Nakasero,eggs,2700
fd-9904,2020-02-16,Bwaise,eggs,13500
fd-9905,2021-12-23,Nakasero,maize,10700
fd-9905,2021-12-23,Nakasero,maize,10700
fd-9906,2021-01-18,Mukono,Maize,24300
fd-9907,2022-05-09,Nakasero,Beans,15200
fd-9908,2020-06-21,Nakasero,eggs,-4000
fd-9909,2022-06-06,Mukono,MAIZE,8200
fd-9910,2021-09-15,Bwaise,CASSAVA,17400
fd-9911,2022-02-01,Mukono,maize,16500
fd-9912,2022-03-08,Bwaise,banana leaves,21100
fd-9913,2026-19-40,,Cassava,15800
fd-9914,2021-10-08,Kansanga,beans,12100
fd-9915,2020-04-03,Kansanga,Maize,1700
fd-9916,2021-07-28,Nakasero,beans,5900
fd-9917,2020-08-10,Bwaise,Maize,8000
fd-9918,2020-10-23,Bwaise,banana leaves,500
fd-9919,2021-11-29,Mukono,banana leaves,17000
fd-9920,2022-02-27,Kansanga,Beans,1100
fd-9921,2021-08-31,Bwaise,Maize,14600
fd-9921,2021-08-31,Bwaise,Maize,14600
fd-9922,2021-10-15,Mukono,beans,16200
fd-9923,2020-01-08,Nakasero,eggs,20600
fd-9924,2020-01-15,Mukono,banana leaves,16500
fd-9925,2020-07-09,Nakasero,MAIZE,8500
fd-9926,2022-02-27,Nakasero,fish,8000
fd-9927,2020-01-09,Bwaise,CASSAVA,13300
fd-9928,2020-09-11,Mukono,beans,-4100
fd-9929,2020-11-12,Bwaise,banana leaves,23700
fd-9930,2021-06-10,,beans,6600
fd-9931,2021-12-15,,fish,22500
fd-9931,2022-03-07,Nakasero,MAIZE,2100
fd-9931,2022-03-07,Nakasero,MAIZE,2100
fd-9933,2020-09-30,,Beans,12500
fd-9934,2022-07-29,Kansanga,maize,4900
fd-9935,2024-17-45,Nakasero,maize,18400
fd-9936,2020-06-17,Bwaise,Beans,700
fd-9937,2021-07-07,Mukono,Cassava,7900
fd-9938,2022-09-21,Kansanga,MAIZE,22900
fd-9939,2020-12-07,Nakasero,Cassava,22300
fd-9940,2022-07-03,Bwaise,Beans,3200
fd-9941,2021-12-06,,beans,20000
fd-9942,2021-08-15,,beans,9600
fd-9943,2021-02-15,Mukono,Cassava,9900
fd-9944,2021-03-08,Kansanga,beans,-2000
fd-9944,2021-03-08,Kansanga,beans,-2000
fd-9945,2025-18-37,,CASSAVA,2200
fd-9945,2025-18-37,,CASSAVA,2200
fd-9946,2020-03-07,Mukono,maize,10200
fd-9947,2020-07-18,Bwaise,Beans,17100
fd-9948,2021-06-06,Mukono,maize,18000
fd-9949,2020-11-03,,banana leaves,22900
fd-9950,2020-03-10,Bwaise,beans,6200
fd-9951,2020-03-01,Kansanga,banana leaves,18700
fd-9952,2020-06-11,,Beans,23000
fd-9953,2022-05-20,Bwaise,eggs,22100
fd-9954,2021-04-10,Kansanga,Beans,22900
fd-9955,2021-04-28,,Beans,24200
fd-9956,2020-03-23,,banana leaves,23200
fd-9957,2021-06-26,Kansanga,maize,7000
fd-9958,2020-09-24,Kansanga,MAIZE,15000
fd-9959,2021-06-15,Mukono,eggs,11500
fd-9960,2020-11-11,Mukono,CASSAVA,4800
fd-9960,2020-11-11,Mukono,CASSAVA,4800
fd-9961,2022-08-28,,MAIZE,23800
fd-9961,2022-08-28,,MAIZE,23800
fd-9962,2022-06-28,Nakasero,banana leaves,24700
fd-9963,2022-03-10,Bwaise,beans,24500
fd-9964,2020-03-15,Nakasero,Maize,3100
fd-9965,2022-05-25,Nakasero,Beans,22900
fd-9966,2021-07-08,Bwaise,Beans,17700
fd-9967,2022-07-10,,MAIZE,11900
fd-9967,2022-07-10,,MAIZE,11900
fd-9968,2020-03-17,Nakasero,banana leaves,20800
fd-9969,2021-07-10,Bwaise,beans,5400
fd-9970,2022-06-24,Bwaise,CASSAVA,800
fd-9971,2020-10-08,,CASSAVA,5100
fd-9972,2022-06-24,Mukono,eggs,4800
fd-9973,2021-04-15,Kansanga,banana leaves,5400
fd-9974,2020-04-17,Kansanga,maize,-4400
fd-9975,2021-09-28,Mukono,Maize,15900
fd-9976,2021-07-30,,beans,5600
fd-9977,2020-10-04,Bwaise,Maize,4300
fd-9978,2021-09-24,Kansanga,Maize,17600
fd-9979,2021-10-30,Kansanga,Maize,8300
fd-9980,2021-11-16,Kansanga,Beans,9800
fd-9981,2022-02-23,Kansanga,MAIZE,7900
fd-9982,2022-01-09,Kansanga,beans,18800
fd-9983,2022-09-13,Kansanga,Maize,2900
fd-9984,2020-08-27,Nakasero,beans,4300
fd-9985,2020-05-24,Kansanga,maize,9800
fd-9986,2022-03-19,Bwaise,banana leaves,19000
fd-9987,2021-09-13,Mukono,maize,24400
fd-9988,2020-04-28,Kansanga,Maize,11400
fd-9989,2021-03-25,Mukono,Cassava,600
fd-9990,2020-11-23,Kansanga,CASSAVA,23900
fd-9991,2024-17-45,Bwaise,Cassava,-3600
fd-9992,2021-05-15,Nakasero,maize,17000
fd-9993,2020-09-28,Nakasero,beans,8400
fd-9994,2020-05-12,Nakasero,fish,24000
fd-9995,2021-02-05,Bwaise,CASSAVA,18000
fd-9996,2020-04-12,Kansanga,CASSAVA,17200
fd-9997,2021-07-01,Mukono,maize,-4200
fd-9998,2022-01-25,Nakasero,maize,13700
fd-9998,2021-03-15,,CASSAVA,22100
